title:DJSippyCup - MoT (GHCP)

// BEGIN GENERATED PVP WEAPONS
// Source: Daltnix - 'The 20 BEST Weapons For PVP In Destiny 2 Forever and Always (God Roll Guide)', published 2026-06-20 (post Monument of Triumph)
// #1 Hawkmoon
// itemHash=3856705927 (exotic, random rolls)
// perks: Opening Shot=47981717; Rangefinder=2846385770; Moving Target=588594999; Eye of the Storm=699525795
//notes: Daltnix tags:pvp
dimwishlist:item=3856705927&perks=47981717,2846385770,588594999,699525795
dimwishlist:item=3856705927&perks=47981717,2846385770,588594999
dimwishlist:item=3856705927&perks=47981717,2846385770,699525795
dimwishlist:item=3856705927&perks=47981717,588594999,699525795
dimwishlist:item=3856705927&perks=2846385770,588594999,699525795
dimwishlist:item=3856705927&perks=47981717,2846385770
dimwishlist:item=3856705927&perks=47981717,588594999
dimwishlist:item=3856705927&perks=47981717,699525795
dimwishlist:item=3856705927&perks=2846385770,588594999
dimwishlist:item=3856705927&perks=2846385770,699525795
dimwishlist:item=3856705927&perks=588594999,699525795
dimwishlist:item=3856705927&perks=47981717
dimwishlist:item=3856705927&perks=2846385770
dimwishlist:item=3856705927&perks=588594999
dimwishlist:item=3856705927&perks=699525795

// #2 The Martlet
// itemHash=877384
// perks: Headseeker=460017080; Lone Wolf=2579169598; Keep Away=3619207468; Sword Logic=31345821; Kill Clip=1015611457; Desperado=3047969693; Zen Moment=2387244414
//notes: Daltnix tags:pvp
dimwishlist:item=877384&perks=460017080,2579169598,3619207468,31345821,1015611457,3047969693,2387244414
dimwishlist:item=877384&perks=460017080,2579169598,3619207468,31345821,1015611457,3047969693
dimwishlist:item=877384&perks=460017080,2579169598,3619207468,31345821,1015611457,2387244414
dimwishlist:item=877384&perks=460017080,2579169598,3619207468,31345821,3047969693,2387244414
dimwishlist:item=877384&perks=460017080,2579169598,3619207468,1015611457,3047969693,2387244414
dimwishlist:item=877384&perks=460017080,2579169598,31345821,1015611457,3047969693,2387244414
dimwishlist:item=877384&perks=460017080,3619207468,31345821,1015611457,3047969693,2387244414
dimwishlist:item=877384&perks=2579169598,3619207468,31345821,1015611457,3047969693,2387244414
dimwishlist:item=877384&perks=460017080,2579169598,3619207468,31345821,1015611457
dimwishlist:item=877384&perks=460017080,2579169598,3619207468,31345821,3047969693
dimwishlist:item=877384&perks=460017080,2579169598,3619207468,31345821,2387244414
dimwishlist:item=877384&perks=460017080,2579169598,3619207468,1015611457,3047969693
dimwishlist:item=877384&perks=460017080,2579169598,3619207468,1015611457,2387244414
dimwishlist:item=877384&perks=460017080,2579169598,3619207468,3047969693,2387244414
dimwishlist:item=877384&perks=460017080,2579169598,31345821,1015611457,3047969693
dimwishlist:item=877384&perks=460017080,2579169598,31345821,1015611457,2387244414
dimwishlist:item=877384&perks=460017080,2579169598,31345821,3047969693,2387244414
dimwishlist:item=877384&perks=460017080,2579169598,1015611457,3047969693,2387244414
dimwishlist:item=877384&perks=460017080,3619207468,31345821,1015611457,3047969693
dimwishlist:item=877384&perks=460017080,3619207468,31345821,1015611457,2387244414
dimwishlist:item=877384&perks=460017080,3619207468,31345821,3047969693,2387244414
dimwishlist:item=877384&perks=460017080,3619207468,1015611457,3047969693,2387244414
dimwishlist:item=877384&perks=2579169598,3619207468,31345821,1015611457,3047969693
dimwishlist:item=877384&perks=2579169598,3619207468,31345821,1015611457,2387244414
dimwishlist:item=877384&perks=2579169598,3619207468,31345821,3047969693,2387244414
dimwishlist:item=877384&perks=2579169598,3619207468,1015611457,3047969693,2387244414
dimwishlist:item=877384&perks=460017080,31345821,1015611457,3047969693,2387244414
dimwishlist:item=877384&perks=2579169598,31345821,1015611457,3047969693,2387244414
dimwishlist:item=877384&perks=3619207468,31345821,1015611457,3047969693,2387244414
dimwishlist:item=877384&perks=460017080,2579169598,3619207468,31345821
dimwishlist:item=877384&perks=460017080,2579169598,3619207468,1015611457
dimwishlist:item=877384&perks=460017080,2579169598,3619207468,3047969693
dimwishlist:item=877384&perks=460017080,2579169598,3619207468,2387244414
dimwishlist:item=877384&perks=460017080,2579169598,31345821,1015611457
dimwishlist:item=877384&perks=460017080,2579169598,31345821,3047969693
dimwishlist:item=877384&perks=460017080,2579169598,31345821,2387244414
dimwishlist:item=877384&perks=460017080,2579169598,1015611457,3047969693
dimwishlist:item=877384&perks=460017080,2579169598,1015611457,2387244414
dimwishlist:item=877384&perks=460017080,2579169598,3047969693,2387244414
dimwishlist:item=877384&perks=460017080,3619207468,31345821,1015611457
dimwishlist:item=877384&perks=460017080,3619207468,31345821,3047969693
dimwishlist:item=877384&perks=460017080,3619207468,31345821,2387244414
dimwishlist:item=877384&perks=460017080,3619207468,1015611457,3047969693
dimwishlist:item=877384&perks=460017080,3619207468,1015611457,2387244414
dimwishlist:item=877384&perks=460017080,3619207468,3047969693,2387244414
dimwishlist:item=877384&perks=2579169598,3619207468,31345821,1015611457
dimwishlist:item=877384&perks=2579169598,3619207468,31345821,3047969693
dimwishlist:item=877384&perks=2579169598,3619207468,31345821,2387244414
dimwishlist:item=877384&perks=2579169598,3619207468,1015611457,3047969693
dimwishlist:item=877384&perks=2579169598,3619207468,1015611457,2387244414
dimwishlist:item=877384&perks=2579169598,3619207468,3047969693,2387244414
dimwishlist:item=877384&perks=460017080,31345821,1015611457,3047969693
dimwishlist:item=877384&perks=460017080,31345821,1015611457,2387244414
dimwishlist:item=877384&perks=460017080,31345821,3047969693,2387244414
dimwishlist:item=877384&perks=460017080,1015611457,3047969693,2387244414
dimwishlist:item=877384&perks=2579169598,31345821,1015611457,3047969693
dimwishlist:item=877384&perks=2579169598,31345821,1015611457,2387244414
dimwishlist:item=877384&perks=2579169598,31345821,3047969693,2387244414
dimwishlist:item=877384&perks=2579169598,1015611457,3047969693,2387244414
dimwishlist:item=877384&perks=3619207468,31345821,1015611457,3047969693
dimwishlist:item=877384&perks=3619207468,31345821,1015611457,2387244414
dimwishlist:item=877384&perks=3619207468,31345821,3047969693,2387244414
dimwishlist:item=877384&perks=3619207468,1015611457,3047969693,2387244414
dimwishlist:item=877384&perks=460017080,2579169598,31345821
dimwishlist:item=877384&perks=460017080,2579169598,1015611457
dimwishlist:item=877384&perks=460017080,2579169598,3047969693
dimwishlist:item=877384&perks=460017080,2579169598,2387244414
dimwishlist:item=877384&perks=460017080,3619207468,31345821
dimwishlist:item=877384&perks=460017080,3619207468,1015611457
dimwishlist:item=877384&perks=460017080,3619207468,3047969693
dimwishlist:item=877384&perks=460017080,3619207468,2387244414
dimwishlist:item=877384&perks=2579169598,3619207468,31345821
dimwishlist:item=877384&perks=2579169598,3619207468,1015611457
dimwishlist:item=877384&perks=2579169598,3619207468,3047969693
dimwishlist:item=877384&perks=2579169598,3619207468,2387244414
dimwishlist:item=877384&perks=460017080,31345821,1015611457
dimwishlist:item=877384&perks=460017080,31345821,3047969693
dimwishlist:item=877384&perks=460017080,31345821,2387244414
dimwishlist:item=877384&perks=460017080,1015611457,3047969693
dimwishlist:item=877384&perks=460017080,1015611457,2387244414
dimwishlist:item=877384&perks=460017080,3047969693,2387244414
dimwishlist:item=877384&perks=2579169598,31345821,1015611457
dimwishlist:item=877384&perks=2579169598,31345821,3047969693
dimwishlist:item=877384&perks=2579169598,31345821,2387244414
dimwishlist:item=877384&perks=2579169598,1015611457,3047969693
dimwishlist:item=877384&perks=2579169598,1015611457,2387244414
dimwishlist:item=877384&perks=2579169598,3047969693,2387244414
dimwishlist:item=877384&perks=3619207468,31345821,1015611457
dimwishlist:item=877384&perks=3619207468,31345821,3047969693
dimwishlist:item=877384&perks=3619207468,31345821,2387244414
dimwishlist:item=877384&perks=3619207468,1015611457,3047969693
dimwishlist:item=877384&perks=3619207468,1015611457,2387244414
dimwishlist:item=877384&perks=3619207468,3047969693,2387244414
dimwishlist:item=877384&perks=460017080,31345821
dimwishlist:item=877384&perks=460017080,1015611457
dimwishlist:item=877384&perks=460017080,3047969693
dimwishlist:item=877384&perks=460017080,2387244414
dimwishlist:item=877384&perks=2579169598,31345821
dimwishlist:item=877384&perks=2579169598,1015611457
dimwishlist:item=877384&perks=2579169598,3047969693
dimwishlist:item=877384&perks=2579169598,2387244414
dimwishlist:item=877384&perks=3619207468,31345821
dimwishlist:item=877384&perks=3619207468,1015611457
dimwishlist:item=877384&perks=3619207468,3047969693
dimwishlist:item=877384&perks=3619207468,2387244414

// #3 Spare Rations
// itemHash=810474119
// perks: Slideshot=3161816588; Rapid Hit=247725512; Moving Target=588594999; Keep Away=3619207468; Opening Shot=47981717; Eye of the Storm=699525795; Explosive Payload=3038247973
// barrels: Smallbore=1482024992
// magazines: Accurized Rounds=3142289711
//notes: Daltnix tags:pvp
dimwishlist:item=810474119&perks=1482024992,3142289711,3161816588,247725512,588594999,3619207468,47981717,699525795,3038247973
dimwishlist:item=810474119&perks=3142289711,3161816588,247725512,588594999,3619207468,47981717,699525795,3038247973
dimwishlist:item=810474119&perks=1482024992,3161816588,247725512,588594999,3619207468,47981717,699525795,3038247973
dimwishlist:item=810474119&perks=3161816588,247725512,588594999,3619207468,47981717,699525795,3038247973
dimwishlist:item=810474119&perks=1482024992,3142289711,3161816588,247725512,588594999,3619207468,47981717,699525795
dimwishlist:item=810474119&perks=3142289711,3161816588,247725512,588594999,3619207468,47981717,699525795
dimwishlist:item=810474119&perks=1482024992,3161816588,247725512,588594999,3619207468,47981717,699525795
dimwishlist:item=810474119&perks=3161816588,247725512,588594999,3619207468,47981717,699525795
dimwishlist:item=810474119&perks=1482024992,3142289711,3161816588,247725512,588594999,3619207468,47981717,3038247973
dimwishlist:item=810474119&perks=3142289711,3161816588,247725512,588594999,3619207468,47981717,3038247973
dimwishlist:item=810474119&perks=1482024992,3161816588,247725512,588594999,3619207468,47981717,3038247973
dimwishlist:item=810474119&perks=3161816588,247725512,588594999,3619207468,47981717,3038247973
dimwishlist:item=810474119&perks=1482024992,3142289711,3161816588,247725512,588594999,3619207468,699525795,3038247973
dimwishlist:item=810474119&perks=3142289711,3161816588,247725512,588594999,3619207468,699525795,3038247973
dimwishlist:item=810474119&perks=1482024992,3161816588,247725512,588594999,3619207468,699525795,3038247973
dimwishlist:item=810474119&perks=3161816588,247725512,588594999,3619207468,699525795,3038247973
dimwishlist:item=810474119&perks=1482024992,3142289711,3161816588,247725512,588594999,47981717,699525795,3038247973
dimwishlist:item=810474119&perks=3142289711,3161816588,247725512,588594999,47981717,699525795,3038247973
dimwishlist:item=810474119&perks=1482024992,3161816588,247725512,588594999,47981717,699525795,3038247973
dimwishlist:item=810474119&perks=3161816588,247725512,588594999,47981717,699525795,3038247973
dimwishlist:item=810474119&perks=1482024992,3142289711,3161816588,247725512,3619207468,47981717,699525795,3038247973
dimwishlist:item=810474119&perks=3142289711,3161816588,247725512,3619207468,47981717,699525795,3038247973
dimwishlist:item=810474119&perks=1482024992,3161816588,247725512,3619207468,47981717,699525795,3038247973
dimwishlist:item=810474119&perks=3161816588,247725512,3619207468,47981717,699525795,3038247973
dimwishlist:item=810474119&perks=1482024992,3142289711,3161816588,588594999,3619207468,47981717,699525795,3038247973
dimwishlist:item=810474119&perks=3142289711,3161816588,588594999,3619207468,47981717,699525795,3038247973
dimwishlist:item=810474119&perks=1482024992,3161816588,588594999,3619207468,47981717,699525795,3038247973
dimwishlist:item=810474119&perks=3161816588,588594999,3619207468,47981717,699525795,3038247973
dimwishlist:item=810474119&perks=1482024992,3142289711,247725512,588594999,3619207468,47981717,699525795,3038247973
dimwishlist:item=810474119&perks=3142289711,247725512,588594999,3619207468,47981717,699525795,3038247973
dimwishlist:item=810474119&perks=1482024992,247725512,588594999,3619207468,47981717,699525795,3038247973
dimwishlist:item=810474119&perks=247725512,588594999,3619207468,47981717,699525795,3038247973
dimwishlist:item=810474119&perks=1482024992,3142289711,3161816588,247725512,588594999,3619207468,47981717
dimwishlist:item=810474119&perks=3142289711,3161816588,247725512,588594999,3619207468,47981717
dimwishlist:item=810474119&perks=1482024992,3161816588,247725512,588594999,3619207468,47981717
dimwishlist:item=810474119&perks=3161816588,247725512,588594999,3619207468,47981717
dimwishlist:item=810474119&perks=1482024992,3142289711,3161816588,247725512,588594999,3619207468,699525795
dimwishlist:item=810474119&perks=3142289711,3161816588,247725512,588594999,3619207468,699525795
dimwishlist:item=810474119&perks=1482024992,3161816588,247725512,588594999,3619207468,699525795
dimwishlist:item=810474119&perks=3161816588,247725512,588594999,3619207468,699525795
dimwishlist:item=810474119&perks=1482024992,3142289711,3161816588,247725512,588594999,3619207468,3038247973
dimwishlist:item=810474119&perks=3142289711,3161816588,247725512,588594999,3619207468,3038247973
dimwishlist:item=810474119&perks=1482024992,3161816588,247725512,588594999,3619207468,3038247973
dimwishlist:item=810474119&perks=3161816588,247725512,588594999,3619207468,3038247973
dimwishlist:item=810474119&perks=1482024992,3142289711,3161816588,247725512,588594999,47981717,699525795
dimwishlist:item=810474119&perks=3142289711,3161816588,247725512,588594999,47981717,699525795
dimwishlist:item=810474119&perks=1482024992,3161816588,247725512,588594999,47981717,699525795
dimwishlist:item=810474119&perks=3161816588,247725512,588594999,47981717,699525795
dimwishlist:item=810474119&perks=1482024992,3142289711,3161816588,247725512,588594999,47981717,3038247973
dimwishlist:item=810474119&perks=3142289711,3161816588,247725512,588594999,47981717,3038247973
dimwishlist:item=810474119&perks=1482024992,3161816588,247725512,588594999,47981717,3038247973
dimwishlist:item=810474119&perks=3161816588,247725512,588594999,47981717,3038247973
dimwishlist:item=810474119&perks=1482024992,3142289711,3161816588,247725512,588594999,699525795,3038247973
dimwishlist:item=810474119&perks=3142289711,3161816588,247725512,588594999,699525795,3038247973
dimwishlist:item=810474119&perks=1482024992,3161816588,247725512,588594999,699525795,3038247973
dimwishlist:item=810474119&perks=3161816588,247725512,588594999,699525795,3038247973
dimwishlist:item=810474119&perks=1482024992,3142289711,3161816588,247725512,3619207468,47981717,699525795
dimwishlist:item=810474119&perks=3142289711,3161816588,247725512,3619207468,47981717,699525795
dimwishlist:item=810474119&perks=1482024992,3161816588,247725512,3619207468,47981717,699525795
dimwishlist:item=810474119&perks=3161816588,247725512,3619207468,47981717,699525795
dimwishlist:item=810474119&perks=1482024992,3142289711,3161816588,247725512,3619207468,47981717,3038247973
dimwishlist:item=810474119&perks=3142289711,3161816588,247725512,3619207468,47981717,3038247973
dimwishlist:item=810474119&perks=1482024992,3161816588,247725512,3619207468,47981717,3038247973
dimwishlist:item=810474119&perks=3161816588,247725512,3619207468,47981717,3038247973
dimwishlist:item=810474119&perks=1482024992,3142289711,3161816588,247725512,3619207468,699525795,3038247973
dimwishlist:item=810474119&perks=3142289711,3161816588,247725512,3619207468,699525795,3038247973
dimwishlist:item=810474119&perks=1482024992,3161816588,247725512,3619207468,699525795,3038247973
dimwishlist:item=810474119&perks=3161816588,247725512,3619207468,699525795,3038247973
dimwishlist:item=810474119&perks=1482024992,3142289711,3161816588,588594999,3619207468,47981717,699525795
dimwishlist:item=810474119&perks=3142289711,3161816588,588594999,3619207468,47981717,699525795
dimwishlist:item=810474119&perks=1482024992,3161816588,588594999,3619207468,47981717,699525795
dimwishlist:item=810474119&perks=3161816588,588594999,3619207468,47981717,699525795
dimwishlist:item=810474119&perks=1482024992,3142289711,3161816588,588594999,3619207468,47981717,3038247973
dimwishlist:item=810474119&perks=3142289711,3161816588,588594999,3619207468,47981717,3038247973
dimwishlist:item=810474119&perks=1482024992,3161816588,588594999,3619207468,47981717,3038247973
dimwishlist:item=810474119&perks=3161816588,588594999,3619207468,47981717,3038247973
dimwishlist:item=810474119&perks=1482024992,3142289711,3161816588,588594999,3619207468,699525795,3038247973
dimwishlist:item=810474119&perks=3142289711,3161816588,588594999,3619207468,699525795,3038247973
dimwishlist:item=810474119&perks=1482024992,3161816588,588594999,3619207468,699525795,3038247973
dimwishlist:item=810474119&perks=3161816588,588594999,3619207468,699525795,3038247973
dimwishlist:item=810474119&perks=1482024992,3142289711,247725512,588594999,3619207468,47981717,699525795
dimwishlist:item=810474119&perks=3142289711,247725512,588594999,3619207468,47981717,699525795
dimwishlist:item=810474119&perks=1482024992,247725512,588594999,3619207468,47981717,699525795
dimwishlist:item=810474119&perks=247725512,588594999,3619207468,47981717,699525795
dimwishlist:item=810474119&perks=1482024992,3142289711,247725512,588594999,3619207468,47981717,3038247973
dimwishlist:item=810474119&perks=3142289711,247725512,588594999,3619207468,47981717,3038247973
dimwishlist:item=810474119&perks=1482024992,247725512,588594999,3619207468,47981717,3038247973
dimwishlist:item=810474119&perks=247725512,588594999,3619207468,47981717,3038247973
dimwishlist:item=810474119&perks=1482024992,3142289711,247725512,588594999,3619207468,699525795,3038247973
dimwishlist:item=810474119&perks=3142289711,247725512,588594999,3619207468,699525795,3038247973
dimwishlist:item=810474119&perks=1482024992,247725512,588594999,3619207468,699525795,3038247973
dimwishlist:item=810474119&perks=247725512,588594999,3619207468,699525795,3038247973
dimwishlist:item=810474119&perks=1482024992,3142289711,3161816588,247725512,47981717,699525795,3038247973
dimwishlist:item=810474119&perks=3142289711,3161816588,247725512,47981717,699525795,3038247973
dimwishlist:item=810474119&perks=1482024992,3161816588,247725512,47981717,699525795,3038247973
dimwishlist:item=810474119&perks=3161816588,247725512,47981717,699525795,3038247973
dimwishlist:item=810474119&perks=1482024992,3142289711,3161816588,588594999,47981717,699525795,3038247973
dimwishlist:item=810474119&perks=3142289711,3161816588,588594999,47981717,699525795,3038247973
dimwishlist:item=810474119&perks=1482024992,3161816588,588594999,47981717,699525795,3038247973
dimwishlist:item=810474119&perks=3161816588,588594999,47981717,699525795,3038247973
dimwishlist:item=810474119&perks=1482024992,3142289711,3161816588,3619207468,47981717,699525795,3038247973
dimwishlist:item=810474119&perks=3142289711,3161816588,3619207468,47981717,699525795,3038247973
dimwishlist:item=810474119&perks=1482024992,3161816588,3619207468,47981717,699525795,3038247973
dimwishlist:item=810474119&perks=3161816588,3619207468,47981717,699525795,3038247973
dimwishlist:item=810474119&perks=1482024992,3142289711,247725512,588594999,47981717,699525795,3038247973
dimwishlist:item=810474119&perks=3142289711,247725512,588594999,47981717,699525795,3038247973
dimwishlist:item=810474119&perks=1482024992,247725512,588594999,47981717,699525795,3038247973
dimwishlist:item=810474119&perks=247725512,588594999,47981717,699525795,3038247973
dimwishlist:item=810474119&perks=1482024992,3142289711,247725512,3619207468,47981717,699525795,3038247973
dimwishlist:item=810474119&perks=3142289711,247725512,3619207468,47981717,699525795,3038247973
dimwishlist:item=810474119&perks=1482024992,247725512,3619207468,47981717,699525795,3038247973
dimwishlist:item=810474119&perks=247725512,3619207468,47981717,699525795,3038247973
dimwishlist:item=810474119&perks=1482024992,3142289711,588594999,3619207468,47981717,699525795,3038247973
dimwishlist:item=810474119&perks=3142289711,588594999,3619207468,47981717,699525795,3038247973
dimwishlist:item=810474119&perks=1482024992,588594999,3619207468,47981717,699525795,3038247973
dimwishlist:item=810474119&perks=588594999,3619207468,47981717,699525795,3038247973
dimwishlist:item=810474119&perks=1482024992,3142289711,3161816588,247725512,588594999,47981717
dimwishlist:item=810474119&perks=3142289711,3161816588,247725512,588594999,47981717
dimwishlist:item=810474119&perks=1482024992,3161816588,247725512,588594999,47981717
dimwishlist:item=810474119&perks=3161816588,247725512,588594999,47981717
dimwishlist:item=810474119&perks=1482024992,3142289711,3161816588,247725512,588594999,699525795
dimwishlist:item=810474119&perks=3142289711,3161816588,247725512,588594999,699525795
dimwishlist:item=810474119&perks=1482024992,3161816588,247725512,588594999,699525795
dimwishlist:item=810474119&perks=3161816588,247725512,588594999,699525795
dimwishlist:item=810474119&perks=1482024992,3142289711,3161816588,247725512,588594999,3038247973
dimwishlist:item=810474119&perks=3142289711,3161816588,247725512,588594999,3038247973
dimwishlist:item=810474119&perks=1482024992,3161816588,247725512,588594999,3038247973
dimwishlist:item=810474119&perks=3161816588,247725512,588594999,3038247973
dimwishlist:item=810474119&perks=1482024992,3142289711,3161816588,247725512,3619207468,47981717
dimwishlist:item=810474119&perks=3142289711,3161816588,247725512,3619207468,47981717
dimwishlist:item=810474119&perks=1482024992,3161816588,247725512,3619207468,47981717
dimwishlist:item=810474119&perks=3161816588,247725512,3619207468,47981717
dimwishlist:item=810474119&perks=1482024992,3142289711,3161816588,247725512,3619207468,699525795
dimwishlist:item=810474119&perks=3142289711,3161816588,247725512,3619207468,699525795
dimwishlist:item=810474119&perks=1482024992,3161816588,247725512,3619207468,699525795
dimwishlist:item=810474119&perks=3161816588,247725512,3619207468,699525795
dimwishlist:item=810474119&perks=1482024992,3142289711,3161816588,247725512,3619207468,3038247973
dimwishlist:item=810474119&perks=3142289711,3161816588,247725512,3619207468,3038247973
dimwishlist:item=810474119&perks=1482024992,3161816588,247725512,3619207468,3038247973
dimwishlist:item=810474119&perks=3161816588,247725512,3619207468,3038247973
dimwishlist:item=810474119&perks=1482024992,3142289711,3161816588,588594999,3619207468,47981717
dimwishlist:item=810474119&perks=3142289711,3161816588,588594999,3619207468,47981717
dimwishlist:item=810474119&perks=1482024992,3161816588,588594999,3619207468,47981717
dimwishlist:item=810474119&perks=3161816588,588594999,3619207468,47981717
dimwishlist:item=810474119&perks=1482024992,3142289711,3161816588,588594999,3619207468,699525795
dimwishlist:item=810474119&perks=3142289711,3161816588,588594999,3619207468,699525795
dimwishlist:item=810474119&perks=1482024992,3161816588,588594999,3619207468,699525795
dimwishlist:item=810474119&perks=3161816588,588594999,3619207468,699525795
dimwishlist:item=810474119&perks=1482024992,3142289711,3161816588,588594999,3619207468,3038247973
dimwishlist:item=810474119&perks=3142289711,3161816588,588594999,3619207468,3038247973
dimwishlist:item=810474119&perks=1482024992,3161816588,588594999,3619207468,3038247973
dimwishlist:item=810474119&perks=3161816588,588594999,3619207468,3038247973
dimwishlist:item=810474119&perks=1482024992,3142289711,247725512,588594999,3619207468,47981717
dimwishlist:item=810474119&perks=3142289711,247725512,588594999,3619207468,47981717
dimwishlist:item=810474119&perks=1482024992,247725512,588594999,3619207468,47981717
dimwishlist:item=810474119&perks=247725512,588594999,3619207468,47981717
dimwishlist:item=810474119&perks=1482024992,3142289711,247725512,588594999,3619207468,699525795
dimwishlist:item=810474119&perks=3142289711,247725512,588594999,3619207468,699525795
dimwishlist:item=810474119&perks=1482024992,247725512,588594999,3619207468,699525795
dimwishlist:item=810474119&perks=247725512,588594999,3619207468,699525795
dimwishlist:item=810474119&perks=1482024992,3142289711,247725512,588594999,3619207468,3038247973
dimwishlist:item=810474119&perks=3142289711,247725512,588594999,3619207468,3038247973
dimwishlist:item=810474119&perks=1482024992,247725512,588594999,3619207468,3038247973
dimwishlist:item=810474119&perks=247725512,588594999,3619207468,3038247973
dimwishlist:item=810474119&perks=1482024992,3142289711,3161816588,247725512,47981717,699525795
dimwishlist:item=810474119&perks=3142289711,3161816588,247725512,47981717,699525795
dimwishlist:item=810474119&perks=1482024992,3161816588,247725512,47981717,699525795
dimwishlist:item=810474119&perks=3161816588,247725512,47981717,699525795
dimwishlist:item=810474119&perks=1482024992,3142289711,3161816588,247725512,47981717,3038247973
dimwishlist:item=810474119&perks=3142289711,3161816588,247725512,47981717,3038247973
dimwishlist:item=810474119&perks=1482024992,3161816588,247725512,47981717,3038247973
dimwishlist:item=810474119&perks=3161816588,247725512,47981717,3038247973
dimwishlist:item=810474119&perks=1482024992,3142289711,3161816588,247725512,699525795,3038247973
dimwishlist:item=810474119&perks=3142289711,3161816588,247725512,699525795,3038247973
dimwishlist:item=810474119&perks=1482024992,3161816588,247725512,699525795,3038247973
dimwishlist:item=810474119&perks=3161816588,247725512,699525795,3038247973
dimwishlist:item=810474119&perks=1482024992,3142289711,3161816588,588594999,47981717,699525795
dimwishlist:item=810474119&perks=3142289711,3161816588,588594999,47981717,699525795
dimwishlist:item=810474119&perks=1482024992,3161816588,588594999,47981717,699525795
dimwishlist:item=810474119&perks=3161816588,588594999,47981717,699525795
dimwishlist:item=810474119&perks=1482024992,3142289711,3161816588,588594999,47981717,3038247973
dimwishlist:item=810474119&perks=3142289711,3161816588,588594999,47981717,3038247973
dimwishlist:item=810474119&perks=1482024992,3161816588,588594999,47981717,3038247973
dimwishlist:item=810474119&perks=3161816588,588594999,47981717,3038247973
dimwishlist:item=810474119&perks=1482024992,3142289711,3161816588,588594999,699525795,3038247973
dimwishlist:item=810474119&perks=3142289711,3161816588,588594999,699525795,3038247973
dimwishlist:item=810474119&perks=1482024992,3161816588,588594999,699525795,3038247973
dimwishlist:item=810474119&perks=3161816588,588594999,699525795,3038247973
dimwishlist:item=810474119&perks=1482024992,3142289711,3161816588,3619207468,47981717,699525795
dimwishlist:item=810474119&perks=3142289711,3161816588,3619207468,47981717,699525795
dimwishlist:item=810474119&perks=1482024992,3161816588,3619207468,47981717,699525795
dimwishlist:item=810474119&perks=3161816588,3619207468,47981717,699525795
dimwishlist:item=810474119&perks=1482024992,3142289711,3161816588,3619207468,47981717,3038247973
dimwishlist:item=810474119&perks=3142289711,3161816588,3619207468,47981717,3038247973
dimwishlist:item=810474119&perks=1482024992,3161816588,3619207468,47981717,3038247973
dimwishlist:item=810474119&perks=3161816588,3619207468,47981717,3038247973
dimwishlist:item=810474119&perks=1482024992,3142289711,3161816588,3619207468,699525795,3038247973
dimwishlist:item=810474119&perks=3142289711,3161816588,3619207468,699525795,3038247973
dimwishlist:item=810474119&perks=1482024992,3161816588,3619207468,699525795,3038247973
dimwishlist:item=810474119&perks=3161816588,3619207468,699525795,3038247973
dimwishlist:item=810474119&perks=1482024992,3142289711,247725512,588594999,47981717,699525795
dimwishlist:item=810474119&perks=3142289711,247725512,588594999,47981717,699525795
dimwishlist:item=810474119&perks=1482024992,247725512,588594999,47981717,699525795
dimwishlist:item=810474119&perks=247725512,588594999,47981717,699525795
dimwishlist:item=810474119&perks=1482024992,3142289711,247725512,588594999,47981717,3038247973
dimwishlist:item=810474119&perks=3142289711,247725512,588594999,47981717,3038247973
dimwishlist:item=810474119&perks=1482024992,247725512,588594999,47981717,3038247973
dimwishlist:item=810474119&perks=247725512,588594999,47981717,3038247973
dimwishlist:item=810474119&perks=1482024992,3142289711,247725512,588594999,699525795,3038247973
dimwishlist:item=810474119&perks=3142289711,247725512,588594999,699525795,3038247973
dimwishlist:item=810474119&perks=1482024992,247725512,588594999,699525795,3038247973
dimwishlist:item=810474119&perks=247725512,588594999,699525795,3038247973
dimwishlist:item=810474119&perks=1482024992,3142289711,247725512,3619207468,47981717,699525795
dimwishlist:item=810474119&perks=3142289711,247725512,3619207468,47981717,699525795
dimwishlist:item=810474119&perks=1482024992,247725512,3619207468,47981717,699525795
dimwishlist:item=810474119&perks=247725512,3619207468,47981717,699525795
dimwishlist:item=810474119&perks=1482024992,3142289711,247725512,3619207468,47981717,3038247973
dimwishlist:item=810474119&perks=3142289711,247725512,3619207468,47981717,3038247973
dimwishlist:item=810474119&perks=1482024992,247725512,3619207468,47981717,3038247973
dimwishlist:item=810474119&perks=247725512,3619207468,47981717,3038247973
dimwishlist:item=810474119&perks=1482024992,3142289711,247725512,3619207468,699525795,3038247973
dimwishlist:item=810474119&perks=3142289711,247725512,3619207468,699525795,3038247973
dimwishlist:item=810474119&perks=1482024992,247725512,3619207468,699525795,3038247973
dimwishlist:item=810474119&perks=247725512,3619207468,699525795,3038247973
dimwishlist:item=810474119&perks=1482024992,3142289711,588594999,3619207468,47981717,699525795
dimwishlist:item=810474119&perks=3142289711,588594999,3619207468,47981717,699525795
dimwishlist:item=810474119&perks=1482024992,588594999,3619207468,47981717,699525795
dimwishlist:item=810474119&perks=588594999,3619207468,47981717,699525795
dimwishlist:item=810474119&perks=1482024992,3142289711,588594999,3619207468,47981717,3038247973
dimwishlist:item=810474119&perks=3142289711,588594999,3619207468,47981717,3038247973
dimwishlist:item=810474119&perks=1482024992,588594999,3619207468,47981717,3038247973
dimwishlist:item=810474119&perks=588594999,3619207468,47981717,3038247973
dimwishlist:item=810474119&perks=1482024992,3142289711,588594999,3619207468,699525795,3038247973
dimwishlist:item=810474119&perks=3142289711,588594999,3619207468,699525795,3038247973
dimwishlist:item=810474119&perks=1482024992,588594999,3619207468,699525795,3038247973
dimwishlist:item=810474119&perks=588594999,3619207468,699525795,3038247973
dimwishlist:item=810474119&perks=1482024992,3142289711,3161816588,47981717,699525795,3038247973
dimwishlist:item=810474119&perks=3142289711,3161816588,47981717,699525795,3038247973
dimwishlist:item=810474119&perks=1482024992,3161816588,47981717,699525795,3038247973
dimwishlist:item=810474119&perks=3161816588,47981717,699525795,3038247973
dimwishlist:item=810474119&perks=1482024992,3142289711,247725512,47981717,699525795,3038247973
dimwishlist:item=810474119&perks=3142289711,247725512,47981717,699525795,3038247973
dimwishlist:item=810474119&perks=1482024992,247725512,47981717,699525795,3038247973
dimwishlist:item=810474119&perks=247725512,47981717,699525795,3038247973
dimwishlist:item=810474119&perks=1482024992,3142289711,588594999,47981717,699525795,3038247973
dimwishlist:item=810474119&perks=3142289711,588594999,47981717,699525795,3038247973
dimwishlist:item=810474119&perks=1482024992,588594999,47981717,699525795,3038247973
dimwishlist:item=810474119&perks=588594999,47981717,699525795,3038247973
dimwishlist:item=810474119&perks=1482024992,3142289711,3619207468,47981717,699525795,3038247973
dimwishlist:item=810474119&perks=3142289711,3619207468,47981717,699525795,3038247973
dimwishlist:item=810474119&perks=1482024992,3619207468,47981717,699525795,3038247973
dimwishlist:item=810474119&perks=3619207468,47981717,699525795,3038247973
dimwishlist:item=810474119&perks=1482024992,3142289711,3161816588,247725512,47981717
dimwishlist:item=810474119&perks=3142289711,3161816588,247725512,47981717
dimwishlist:item=810474119&perks=1482024992,3161816588,247725512,47981717
dimwishlist:item=810474119&perks=3161816588,247725512,47981717
dimwishlist:item=810474119&perks=1482024992,3142289711,3161816588,247725512,699525795
dimwishlist:item=810474119&perks=3142289711,3161816588,247725512,699525795
dimwishlist:item=810474119&perks=1482024992,3161816588,247725512,699525795
dimwishlist:item=810474119&perks=3161816588,247725512,699525795
dimwishlist:item=810474119&perks=1482024992,3142289711,3161816588,247725512,3038247973
dimwishlist:item=810474119&perks=3142289711,3161816588,247725512,3038247973
dimwishlist:item=810474119&perks=1482024992,3161816588,247725512,3038247973
dimwishlist:item=810474119&perks=3161816588,247725512,3038247973
dimwishlist:item=810474119&perks=1482024992,3142289711,3161816588,588594999,47981717
dimwishlist:item=810474119&perks=3142289711,3161816588,588594999,47981717
dimwishlist:item=810474119&perks=1482024992,3161816588,588594999,47981717
dimwishlist:item=810474119&perks=3161816588,588594999,47981717
dimwishlist:item=810474119&perks=1482024992,3142289711,3161816588,588594999,699525795
dimwishlist:item=810474119&perks=3142289711,3161816588,588594999,699525795
dimwishlist:item=810474119&perks=1482024992,3161816588,588594999,699525795
dimwishlist:item=810474119&perks=3161816588,588594999,699525795
dimwishlist:item=810474119&perks=1482024992,3142289711,3161816588,588594999,3038247973
dimwishlist:item=810474119&perks=3142289711,3161816588,588594999,3038247973
dimwishlist:item=810474119&perks=1482024992,3161816588,588594999,3038247973
dimwishlist:item=810474119&perks=3161816588,588594999,3038247973
dimwishlist:item=810474119&perks=1482024992,3142289711,3161816588,3619207468,47981717
dimwishlist:item=810474119&perks=3142289711,3161816588,3619207468,47981717
dimwishlist:item=810474119&perks=1482024992,3161816588,3619207468,47981717
dimwishlist:item=810474119&perks=3161816588,3619207468,47981717
dimwishlist:item=810474119&perks=1482024992,3142289711,3161816588,3619207468,699525795
dimwishlist:item=810474119&perks=3142289711,3161816588,3619207468,699525795
dimwishlist:item=810474119&perks=1482024992,3161816588,3619207468,699525795
dimwishlist:item=810474119&perks=3161816588,3619207468,699525795
dimwishlist:item=810474119&perks=1482024992,3142289711,3161816588,3619207468,3038247973
dimwishlist:item=810474119&perks=3142289711,3161816588,3619207468,3038247973
dimwishlist:item=810474119&perks=1482024992,3161816588,3619207468,3038247973
dimwishlist:item=810474119&perks=3161816588,3619207468,3038247973
dimwishlist:item=810474119&perks=1482024992,3142289711,247725512,588594999,47981717
dimwishlist:item=810474119&perks=3142289711,247725512,588594999,47981717
dimwishlist:item=810474119&perks=1482024992,247725512,588594999,47981717
dimwishlist:item=810474119&perks=247725512,588594999,47981717
dimwishlist:item=810474119&perks=1482024992,3142289711,247725512,588594999,699525795
dimwishlist:item=810474119&perks=3142289711,247725512,588594999,699525795
dimwishlist:item=810474119&perks=1482024992,247725512,588594999,699525795
dimwishlist:item=810474119&perks=247725512,588594999,699525795
dimwishlist:item=810474119&perks=1482024992,3142289711,247725512,588594999,3038247973
dimwishlist:item=810474119&perks=3142289711,247725512,588594999,3038247973
dimwishlist:item=810474119&perks=1482024992,247725512,588594999,3038247973
dimwishlist:item=810474119&perks=247725512,588594999,3038247973
dimwishlist:item=810474119&perks=1482024992,3142289711,247725512,3619207468,47981717
dimwishlist:item=810474119&perks=3142289711,247725512,3619207468,47981717
dimwishlist:item=810474119&perks=1482024992,247725512,3619207468,47981717
dimwishlist:item=810474119&perks=247725512,3619207468,47981717
dimwishlist:item=810474119&perks=1482024992,3142289711,247725512,3619207468,699525795
dimwishlist:item=810474119&perks=3142289711,247725512,3619207468,699525795
dimwishlist:item=810474119&perks=1482024992,247725512,3619207468,699525795
dimwishlist:item=810474119&perks=247725512,3619207468,699525795
dimwishlist:item=810474119&perks=1482024992,3142289711,247725512,3619207468,3038247973
dimwishlist:item=810474119&perks=3142289711,247725512,3619207468,3038247973
dimwishlist:item=810474119&perks=1482024992,247725512,3619207468,3038247973
dimwishlist:item=810474119&perks=247725512,3619207468,3038247973
dimwishlist:item=810474119&perks=1482024992,3142289711,588594999,3619207468,47981717
dimwishlist:item=810474119&perks=3142289711,588594999,3619207468,47981717
dimwishlist:item=810474119&perks=1482024992,588594999,3619207468,47981717
dimwishlist:item=810474119&perks=588594999,3619207468,47981717
dimwishlist:item=810474119&perks=1482024992,3142289711,588594999,3619207468,699525795
dimwishlist:item=810474119&perks=3142289711,588594999,3619207468,699525795
dimwishlist:item=810474119&perks=1482024992,588594999,3619207468,699525795
dimwishlist:item=810474119&perks=588594999,3619207468,699525795
dimwishlist:item=810474119&perks=1482024992,3142289711,588594999,3619207468,3038247973
dimwishlist:item=810474119&perks=3142289711,588594999,3619207468,3038247973
dimwishlist:item=810474119&perks=1482024992,588594999,3619207468,3038247973
dimwishlist:item=810474119&perks=588594999,3619207468,3038247973
dimwishlist:item=810474119&perks=1482024992,3142289711,3161816588,47981717,699525795
dimwishlist:item=810474119&perks=3142289711,3161816588,47981717,699525795
dimwishlist:item=810474119&perks=1482024992,3161816588,47981717,699525795
dimwishlist:item=810474119&perks=3161816588,47981717,699525795
dimwishlist:item=810474119&perks=1482024992,3142289711,3161816588,47981717,3038247973
dimwishlist:item=810474119&perks=3142289711,3161816588,47981717,3038247973
dimwishlist:item=810474119&perks=1482024992,3161816588,47981717,3038247973
dimwishlist:item=810474119&perks=3161816588,47981717,3038247973
dimwishlist:item=810474119&perks=1482024992,3142289711,3161816588,699525795,3038247973
dimwishlist:item=810474119&perks=3142289711,3161816588,699525795,3038247973
dimwishlist:item=810474119&perks=1482024992,3161816588,699525795,3038247973
dimwishlist:item=810474119&perks=3161816588,699525795,3038247973
dimwishlist:item=810474119&perks=1482024992,3142289711,247725512,47981717,699525795
dimwishlist:item=810474119&perks=3142289711,247725512,47981717,699525795
dimwishlist:item=810474119&perks=1482024992,247725512,47981717,699525795
dimwishlist:item=810474119&perks=247725512,47981717,699525795
dimwishlist:item=810474119&perks=1482024992,3142289711,247725512,47981717,3038247973
dimwishlist:item=810474119&perks=3142289711,247725512,47981717,3038247973
dimwishlist:item=810474119&perks=1482024992,247725512,47981717,3038247973
dimwishlist:item=810474119&perks=247725512,47981717,3038247973
dimwishlist:item=810474119&perks=1482024992,3142289711,247725512,699525795,3038247973
dimwishlist:item=810474119&perks=3142289711,247725512,699525795,3038247973
dimwishlist:item=810474119&perks=1482024992,247725512,699525795,3038247973
dimwishlist:item=810474119&perks=247725512,699525795,3038247973
dimwishlist:item=810474119&perks=1482024992,3142289711,588594999,47981717,699525795
dimwishlist:item=810474119&perks=3142289711,588594999,47981717,699525795
dimwishlist:item=810474119&perks=1482024992,588594999,47981717,699525795
dimwishlist:item=810474119&perks=588594999,47981717,699525795
dimwishlist:item=810474119&perks=1482024992,3142289711,588594999,47981717,3038247973
dimwishlist:item=810474119&perks=3142289711,588594999,47981717,3038247973
dimwishlist:item=810474119&perks=1482024992,588594999,47981717,3038247973
dimwishlist:item=810474119&perks=588594999,47981717,3038247973
dimwishlist:item=810474119&perks=1482024992,3142289711,588594999,699525795,3038247973
dimwishlist:item=810474119&perks=3142289711,588594999,699525795,3038247973
dimwishlist:item=810474119&perks=1482024992,588594999,699525795,3038247973
dimwishlist:item=810474119&perks=588594999,699525795,3038247973
dimwishlist:item=810474119&perks=1482024992,3142289711,3619207468,47981717,699525795
dimwishlist:item=810474119&perks=3142289711,3619207468,47981717,699525795
dimwishlist:item=810474119&perks=1482024992,3619207468,47981717,699525795
dimwishlist:item=810474119&perks=3619207468,47981717,699525795
dimwishlist:item=810474119&perks=1482024992,3142289711,3619207468,47981717,3038247973
dimwishlist:item=810474119&perks=3142289711,3619207468,47981717,3038247973
dimwishlist:item=810474119&perks=1482024992,3619207468,47981717,3038247973
dimwishlist:item=810474119&perks=3619207468,47981717,3038247973
dimwishlist:item=810474119&perks=1482024992,3142289711,3619207468,699525795,3038247973
dimwishlist:item=810474119&perks=3142289711,3619207468,699525795,3038247973
dimwishlist:item=810474119&perks=1482024992,3619207468,699525795,3038247973
dimwishlist:item=810474119&perks=3619207468,699525795,3038247973
dimwishlist:item=810474119&perks=1482024992,3142289711,3161816588,47981717
dimwishlist:item=810474119&perks=3142289711,3161816588,47981717
dimwishlist:item=810474119&perks=1482024992,3161816588,47981717
dimwishlist:item=810474119&perks=3161816588,47981717
dimwishlist:item=810474119&perks=1482024992,3142289711,3161816588,699525795
dimwishlist:item=810474119&perks=3142289711,3161816588,699525795
dimwishlist:item=810474119&perks=1482024992,3161816588,699525795
dimwishlist:item=810474119&perks=3161816588,699525795
dimwishlist:item=810474119&perks=1482024992,3142289711,3161816588,3038247973
dimwishlist:item=810474119&perks=3142289711,3161816588,3038247973
dimwishlist:item=810474119&perks=1482024992,3161816588,3038247973
dimwishlist:item=810474119&perks=3161816588,3038247973
dimwishlist:item=810474119&perks=1482024992,3142289711,247725512,47981717
dimwishlist:item=810474119&perks=3142289711,247725512,47981717
dimwishlist:item=810474119&perks=1482024992,247725512,47981717
dimwishlist:item=810474119&perks=247725512,47981717
dimwishlist:item=810474119&perks=1482024992,3142289711,247725512,699525795
dimwishlist:item=810474119&perks=3142289711,247725512,699525795
dimwishlist:item=810474119&perks=1482024992,247725512,699525795
dimwishlist:item=810474119&perks=247725512,699525795
dimwishlist:item=810474119&perks=1482024992,3142289711,247725512,3038247973
dimwishlist:item=810474119&perks=3142289711,247725512,3038247973
dimwishlist:item=810474119&perks=1482024992,247725512,3038247973
dimwishlist:item=810474119&perks=247725512,3038247973
dimwishlist:item=810474119&perks=1482024992,3142289711,588594999,47981717
dimwishlist:item=810474119&perks=3142289711,588594999,47981717
dimwishlist:item=810474119&perks=1482024992,588594999,47981717
dimwishlist:item=810474119&perks=588594999,47981717
dimwishlist:item=810474119&perks=1482024992,3142289711,588594999,699525795
dimwishlist:item=810474119&perks=3142289711,588594999,699525795
dimwishlist:item=810474119&perks=1482024992,588594999,699525795
dimwishlist:item=810474119&perks=588594999,699525795
dimwishlist:item=810474119&perks=1482024992,3142289711,588594999,3038247973
dimwishlist:item=810474119&perks=3142289711,588594999,3038247973
dimwishlist:item=810474119&perks=1482024992,588594999,3038247973
dimwishlist:item=810474119&perks=588594999,3038247973
dimwishlist:item=810474119&perks=1482024992,3142289711,3619207468,47981717
dimwishlist:item=810474119&perks=3142289711,3619207468,47981717
dimwishlist:item=810474119&perks=1482024992,3619207468,47981717
dimwishlist:item=810474119&perks=3619207468,47981717
dimwishlist:item=810474119&perks=1482024992,3142289711,3619207468,699525795
dimwishlist:item=810474119&perks=3142289711,3619207468,699525795
dimwishlist:item=810474119&perks=1482024992,3619207468,699525795
dimwishlist:item=810474119&perks=3619207468,699525795
dimwishlist:item=810474119&perks=1482024992,3142289711,3619207468,3038247973
dimwishlist:item=810474119&perks=3142289711,3619207468,3038247973
dimwishlist:item=810474119&perks=1482024992,3619207468,3038247973
dimwishlist:item=810474119&perks=3619207468,3038247973

// #4 Voltaic Shade
// itemHash=71057630
// perks: Delicate Tuning=307683764; Rapid Hit=247725512; Keep Away=3619207468; Precision Instrument=555281244
//notes: Daltnix tags:pvp
dimwishlist:item=71057630&perks=307683764,247725512,3619207468,555281244
dimwishlist:item=71057630&perks=307683764,247725512,555281244
dimwishlist:item=71057630&perks=307683764,3619207468,555281244
dimwishlist:item=71057630&perks=247725512,3619207468,555281244
dimwishlist:item=71057630&perks=307683764,555281244
dimwishlist:item=71057630&perks=247725512,555281244
dimwishlist:item=71057630&perks=3619207468,555281244

// #5 Igneous Hammer
// itemHash=2776092652
// perks: Rapid Hit=247725512; Keep Away=3619207468; Moving Target=588594999; Slideshot=3161816588; Lone Wolf=2579169598; Opening Shot=47981717; Eye of the Storm=699525795; Precision Instrument=555281244
//notes: Daltnix tags:pvp
dimwishlist:item=2776092652&perks=247725512,3619207468,588594999,3161816588,2579169598,47981717,699525795,555281244
dimwishlist:item=2776092652&perks=247725512,3619207468,588594999,3161816588,2579169598,47981717,699525795
dimwishlist:item=2776092652&perks=247725512,3619207468,588594999,3161816588,2579169598,47981717,555281244
dimwishlist:item=2776092652&perks=247725512,3619207468,588594999,3161816588,2579169598,699525795,555281244
dimwishlist:item=2776092652&perks=247725512,3619207468,588594999,3161816588,47981717,699525795,555281244
dimwishlist:item=2776092652&perks=247725512,3619207468,588594999,2579169598,47981717,699525795,555281244
dimwishlist:item=2776092652&perks=247725512,3619207468,3161816588,2579169598,47981717,699525795,555281244
dimwishlist:item=2776092652&perks=247725512,588594999,3161816588,2579169598,47981717,699525795,555281244
dimwishlist:item=2776092652&perks=3619207468,588594999,3161816588,2579169598,47981717,699525795,555281244
dimwishlist:item=2776092652&perks=247725512,3619207468,588594999,3161816588,2579169598,47981717
dimwishlist:item=2776092652&perks=247725512,3619207468,588594999,3161816588,2579169598,699525795
dimwishlist:item=2776092652&perks=247725512,3619207468,588594999,3161816588,2579169598,555281244
dimwishlist:item=2776092652&perks=247725512,3619207468,588594999,3161816588,47981717,699525795
dimwishlist:item=2776092652&perks=247725512,3619207468,588594999,3161816588,47981717,555281244
dimwishlist:item=2776092652&perks=247725512,3619207468,588594999,3161816588,699525795,555281244
dimwishlist:item=2776092652&perks=247725512,3619207468,588594999,2579169598,47981717,699525795
dimwishlist:item=2776092652&perks=247725512,3619207468,588594999,2579169598,47981717,555281244
dimwishlist:item=2776092652&perks=247725512,3619207468,588594999,2579169598,699525795,555281244
dimwishlist:item=2776092652&perks=247725512,3619207468,3161816588,2579169598,47981717,699525795
dimwishlist:item=2776092652&perks=247725512,3619207468,3161816588,2579169598,47981717,555281244
dimwishlist:item=2776092652&perks=247725512,3619207468,3161816588,2579169598,699525795,555281244
dimwishlist:item=2776092652&perks=247725512,588594999,3161816588,2579169598,47981717,699525795
dimwishlist:item=2776092652&perks=247725512,588594999,3161816588,2579169598,47981717,555281244
dimwishlist:item=2776092652&perks=247725512,588594999,3161816588,2579169598,699525795,555281244
dimwishlist:item=2776092652&perks=3619207468,588594999,3161816588,2579169598,47981717,699525795
dimwishlist:item=2776092652&perks=3619207468,588594999,3161816588,2579169598,47981717,555281244
dimwishlist:item=2776092652&perks=3619207468,588594999,3161816588,2579169598,699525795,555281244
dimwishlist:item=2776092652&perks=247725512,3619207468,588594999,47981717,699525795,555281244
dimwishlist:item=2776092652&perks=247725512,3619207468,3161816588,47981717,699525795,555281244
dimwishlist:item=2776092652&perks=247725512,3619207468,2579169598,47981717,699525795,555281244
dimwishlist:item=2776092652&perks=247725512,588594999,3161816588,47981717,699525795,555281244
dimwishlist:item=2776092652&perks=247725512,588594999,2579169598,47981717,699525795,555281244
dimwishlist:item=2776092652&perks=247725512,3161816588,2579169598,47981717,699525795,555281244
dimwishlist:item=2776092652&perks=3619207468,588594999,3161816588,47981717,699525795,555281244
dimwishlist:item=2776092652&perks=3619207468,588594999,2579169598,47981717,699525795,555281244
dimwishlist:item=2776092652&perks=3619207468,3161816588,2579169598,47981717,699525795,555281244
dimwishlist:item=2776092652&perks=588594999,3161816588,2579169598,47981717,699525795,555281244
dimwishlist:item=2776092652&perks=247725512,3619207468,588594999,3161816588,47981717
dimwishlist:item=2776092652&perks=247725512,3619207468,588594999,3161816588,699525795
dimwishlist:item=2776092652&perks=247725512,3619207468,588594999,3161816588,555281244
dimwishlist:item=2776092652&perks=247725512,3619207468,588594999,2579169598,47981717
dimwishlist:item=2776092652&perks=247725512,3619207468,588594999,2579169598,699525795
dimwishlist:item=2776092652&perks=247725512,3619207468,588594999,2579169598,555281244
dimwishlist:item=2776092652&perks=247725512,3619207468,3161816588,2579169598,47981717
dimwishlist:item=2776092652&perks=247725512,3619207468,3161816588,2579169598,699525795
dimwishlist:item=2776092652&perks=247725512,3619207468,3161816588,2579169598,555281244
dimwishlist:item=2776092652&perks=247725512,588594999,3161816588,2579169598,47981717
dimwishlist:item=2776092652&perks=247725512,588594999,3161816588,2579169598,699525795
dimwishlist:item=2776092652&perks=247725512,588594999,3161816588,2579169598,555281244
dimwishlist:item=2776092652&perks=3619207468,588594999,3161816588,2579169598,47981717
dimwishlist:item=2776092652&perks=3619207468,588594999,3161816588,2579169598,699525795
dimwishlist:item=2776092652&perks=3619207468,588594999,3161816588,2579169598,555281244
dimwishlist:item=2776092652&perks=247725512,3619207468,588594999,47981717,699525795
dimwishlist:item=2776092652&perks=247725512,3619207468,588594999,47981717,555281244
dimwishlist:item=2776092652&perks=247725512,3619207468,588594999,699525795,555281244
dimwishlist:item=2776092652&perks=247725512,3619207468,3161816588,47981717,699525795
dimwishlist:item=2776092652&perks=247725512,3619207468,3161816588,47981717,555281244
dimwishlist:item=2776092652&perks=247725512,3619207468,3161816588,699525795,555281244
dimwishlist:item=2776092652&perks=247725512,3619207468,2579169598,47981717,699525795
dimwishlist:item=2776092652&perks=247725512,3619207468,2579169598,47981717,555281244
dimwishlist:item=2776092652&perks=247725512,3619207468,2579169598,699525795,555281244
dimwishlist:item=2776092652&perks=247725512,588594999,3161816588,47981717,699525795
dimwishlist:item=2776092652&perks=247725512,588594999,3161816588,47981717,555281244
dimwishlist:item=2776092652&perks=247725512,588594999,3161816588,699525795,555281244
dimwishlist:item=2776092652&perks=247725512,588594999,2579169598,47981717,699525795
dimwishlist:item=2776092652&perks=247725512,588594999,2579169598,47981717,555281244
dimwishlist:item=2776092652&perks=247725512,588594999,2579169598,699525795,555281244
dimwishlist:item=2776092652&perks=247725512,3161816588,2579169598,47981717,699525795
dimwishlist:item=2776092652&perks=247725512,3161816588,2579169598,47981717,555281244
dimwishlist:item=2776092652&perks=247725512,3161816588,2579169598,699525795,555281244
dimwishlist:item=2776092652&perks=3619207468,588594999,3161816588,47981717,699525795
dimwishlist:item=2776092652&perks=3619207468,588594999,3161816588,47981717,555281244
dimwishlist:item=2776092652&perks=3619207468,588594999,3161816588,699525795,555281244
dimwishlist:item=2776092652&perks=3619207468,588594999,2579169598,47981717,699525795
dimwishlist:item=2776092652&perks=3619207468,588594999,2579169598,47981717,555281244
dimwishlist:item=2776092652&perks=3619207468,588594999,2579169598,699525795,555281244
dimwishlist:item=2776092652&perks=3619207468,3161816588,2579169598,47981717,699525795
dimwishlist:item=2776092652&perks=3619207468,3161816588,2579169598,47981717,555281244
dimwishlist:item=2776092652&perks=3619207468,3161816588,2579169598,699525795,555281244
dimwishlist:item=2776092652&perks=588594999,3161816588,2579169598,47981717,699525795
dimwishlist:item=2776092652&perks=588594999,3161816588,2579169598,47981717,555281244
dimwishlist:item=2776092652&perks=588594999,3161816588,2579169598,699525795,555281244
dimwishlist:item=2776092652&perks=247725512,3619207468,47981717,699525795,555281244
dimwishlist:item=2776092652&perks=247725512,588594999,47981717,699525795,555281244
dimwishlist:item=2776092652&perks=247725512,3161816588,47981717,699525795,555281244
dimwishlist:item=2776092652&perks=247725512,2579169598,47981717,699525795,555281244
dimwishlist:item=2776092652&perks=3619207468,588594999,47981717,699525795,555281244
dimwishlist:item=2776092652&perks=3619207468,3161816588,47981717,699525795,555281244
dimwishlist:item=2776092652&perks=3619207468,2579169598,47981717,699525795,555281244
dimwishlist:item=2776092652&perks=588594999,3161816588,47981717,699525795,555281244
dimwishlist:item=2776092652&perks=588594999,2579169598,47981717,699525795,555281244
dimwishlist:item=2776092652&perks=3161816588,2579169598,47981717,699525795,555281244
dimwishlist:item=2776092652&perks=247725512,3619207468,588594999,47981717
dimwishlist:item=2776092652&perks=247725512,3619207468,588594999,699525795
dimwishlist:item=2776092652&perks=247725512,3619207468,588594999,555281244
dimwishlist:item=2776092652&perks=247725512,3619207468,3161816588,47981717
dimwishlist:item=2776092652&perks=247725512,3619207468,3161816588,699525795
dimwishlist:item=2776092652&perks=247725512,3619207468,3161816588,555281244
dimwishlist:item=2776092652&perks=247725512,3619207468,2579169598,47981717
dimwishlist:item=2776092652&perks=247725512,3619207468,2579169598,699525795
dimwishlist:item=2776092652&perks=247725512,3619207468,2579169598,555281244
dimwishlist:item=2776092652&perks=247725512,588594999,3161816588,47981717
dimwishlist:item=2776092652&perks=247725512,588594999,3161816588,699525795
dimwishlist:item=2776092652&perks=247725512,588594999,3161816588,555281244
dimwishlist:item=2776092652&perks=247725512,588594999,2579169598,47981717
dimwishlist:item=2776092652&perks=247725512,588594999,2579169598,699525795
dimwishlist:item=2776092652&perks=247725512,588594999,2579169598,555281244
dimwishlist:item=2776092652&perks=247725512,3161816588,2579169598,47981717
dimwishlist:item=2776092652&perks=247725512,3161816588,2579169598,699525795
dimwishlist:item=2776092652&perks=247725512,3161816588,2579169598,555281244
dimwishlist:item=2776092652&perks=3619207468,588594999,3161816588,47981717
dimwishlist:item=2776092652&perks=3619207468,588594999,3161816588,699525795
dimwishlist:item=2776092652&perks=3619207468,588594999,3161816588,555281244
dimwishlist:item=2776092652&perks=3619207468,588594999,2579169598,47981717
dimwishlist:item=2776092652&perks=3619207468,588594999,2579169598,699525795
dimwishlist:item=2776092652&perks=3619207468,588594999,2579169598,555281244
dimwishlist:item=2776092652&perks=3619207468,3161816588,2579169598,47981717
dimwishlist:item=2776092652&perks=3619207468,3161816588,2579169598,699525795
dimwishlist:item=2776092652&perks=3619207468,3161816588,2579169598,555281244
dimwishlist:item=2776092652&perks=588594999,3161816588,2579169598,47981717
dimwishlist:item=2776092652&perks=588594999,3161816588,2579169598,699525795
dimwishlist:item=2776092652&perks=588594999,3161816588,2579169598,555281244
dimwishlist:item=2776092652&perks=247725512,3619207468,47981717,699525795
dimwishlist:item=2776092652&perks=247725512,3619207468,47981717,555281244
dimwishlist:item=2776092652&perks=247725512,3619207468,699525795,555281244
dimwishlist:item=2776092652&perks=247725512,588594999,47981717,699525795
dimwishlist:item=2776092652&perks=247725512,588594999,47981717,555281244
dimwishlist:item=2776092652&perks=247725512,588594999,699525795,555281244
dimwishlist:item=2776092652&perks=247725512,3161816588,47981717,699525795
dimwishlist:item=2776092652&perks=247725512,3161816588,47981717,555281244
dimwishlist:item=2776092652&perks=247725512,3161816588,699525795,555281244
dimwishlist:item=2776092652&perks=247725512,2579169598,47981717,699525795
dimwishlist:item=2776092652&perks=247725512,2579169598,47981717,555281244
dimwishlist:item=2776092652&perks=247725512,2579169598,699525795,555281244
dimwishlist:item=2776092652&perks=3619207468,588594999,47981717,699525795
dimwishlist:item=2776092652&perks=3619207468,588594999,47981717,555281244
dimwishlist:item=2776092652&perks=3619207468,588594999,699525795,555281244
dimwishlist:item=2776092652&perks=3619207468,3161816588,47981717,699525795
dimwishlist:item=2776092652&perks=3619207468,3161816588,47981717,555281244
dimwishlist:item=2776092652&perks=3619207468,3161816588,699525795,555281244
dimwishlist:item=2776092652&perks=3619207468,2579169598,47981717,699525795
dimwishlist:item=2776092652&perks=3619207468,2579169598,47981717,555281244
dimwishlist:item=2776092652&perks=3619207468,2579169598,699525795,555281244
dimwishlist:item=2776092652&perks=588594999,3161816588,47981717,699525795
dimwishlist:item=2776092652&perks=588594999,3161816588,47981717,555281244
dimwishlist:item=2776092652&perks=588594999,3161816588,699525795,555281244
dimwishlist:item=2776092652&perks=588594999,2579169598,47981717,699525795
dimwishlist:item=2776092652&perks=588594999,2579169598,47981717,555281244
dimwishlist:item=2776092652&perks=588594999,2579169598,699525795,555281244
dimwishlist:item=2776092652&perks=3161816588,2579169598,47981717,699525795
dimwishlist:item=2776092652&perks=3161816588,2579169598,47981717,555281244
dimwishlist:item=2776092652&perks=3161816588,2579169598,699525795,555281244
dimwishlist:item=2776092652&perks=247725512,47981717,699525795,555281244
dimwishlist:item=2776092652&perks=3619207468,47981717,699525795,555281244
dimwishlist:item=2776092652&perks=588594999,47981717,699525795,555281244
dimwishlist:item=2776092652&perks=3161816588,47981717,699525795,555281244
dimwishlist:item=2776092652&perks=2579169598,47981717,699525795,555281244
dimwishlist:item=2776092652&perks=247725512,3619207468,47981717
dimwishlist:item=2776092652&perks=247725512,3619207468,699525795
dimwishlist:item=2776092652&perks=247725512,3619207468,555281244
dimwishlist:item=2776092652&perks=247725512,588594999,47981717
dimwishlist:item=2776092652&perks=247725512,588594999,699525795
dimwishlist:item=2776092652&perks=247725512,588594999,555281244
dimwishlist:item=2776092652&perks=247725512,3161816588,47981717
dimwishlist:item=2776092652&perks=247725512,3161816588,699525795
dimwishlist:item=2776092652&perks=247725512,3161816588,555281244
dimwishlist:item=2776092652&perks=247725512,2579169598,47981717
dimwishlist:item=2776092652&perks=247725512,2579169598,699525795
dimwishlist:item=2776092652&perks=247725512,2579169598,555281244
dimwishlist:item=2776092652&perks=3619207468,588594999,47981717
dimwishlist:item=2776092652&perks=3619207468,588594999,699525795
dimwishlist:item=2776092652&perks=3619207468,588594999,555281244
dimwishlist:item=2776092652&perks=3619207468,3161816588,47981717
dimwishlist:item=2776092652&perks=3619207468,3161816588,699525795
dimwishlist:item=2776092652&perks=3619207468,3161816588,555281244
dimwishlist:item=2776092652&perks=3619207468,2579169598,47981717
dimwishlist:item=2776092652&perks=3619207468,2579169598,699525795
dimwishlist:item=2776092652&perks=3619207468,2579169598,555281244
dimwishlist:item=2776092652&perks=588594999,3161816588,47981717
dimwishlist:item=2776092652&perks=588594999,3161816588,699525795
dimwishlist:item=2776092652&perks=588594999,3161816588,555281244
dimwishlist:item=2776092652&perks=588594999,2579169598,47981717
dimwishlist:item=2776092652&perks=588594999,2579169598,699525795
dimwishlist:item=2776092652&perks=588594999,2579169598,555281244
dimwishlist:item=2776092652&perks=3161816588,2579169598,47981717
dimwishlist:item=2776092652&perks=3161816588,2579169598,699525795
dimwishlist:item=2776092652&perks=3161816588,2579169598,555281244
dimwishlist:item=2776092652&perks=247725512,47981717,699525795
dimwishlist:item=2776092652&perks=247725512,47981717,555281244
dimwishlist:item=2776092652&perks=247725512,699525795,555281244
dimwishlist:item=2776092652&perks=3619207468,47981717,699525795
dimwishlist:item=2776092652&perks=3619207468,47981717,555281244
dimwishlist:item=2776092652&perks=3619207468,699525795,555281244
dimwishlist:item=2776092652&perks=588594999,47981717,699525795
dimwishlist:item=2776092652&perks=588594999,47981717,555281244
dimwishlist:item=2776092652&perks=588594999,699525795,555281244
dimwishlist:item=2776092652&perks=3161816588,47981717,699525795
dimwishlist:item=2776092652&perks=3161816588,47981717,555281244
dimwishlist:item=2776092652&perks=3161816588,699525795,555281244
dimwishlist:item=2776092652&perks=2579169598,47981717,699525795
dimwishlist:item=2776092652&perks=2579169598,47981717,555281244
dimwishlist:item=2776092652&perks=2579169598,699525795,555281244
dimwishlist:item=2776092652&perks=247725512,47981717
dimwishlist:item=2776092652&perks=247725512,699525795
dimwishlist:item=2776092652&perks=247725512,555281244
dimwishlist:item=2776092652&perks=3619207468,47981717
dimwishlist:item=2776092652&perks=3619207468,699525795
dimwishlist:item=2776092652&perks=3619207468,555281244
dimwishlist:item=2776092652&perks=588594999,47981717
dimwishlist:item=2776092652&perks=588594999,699525795
dimwishlist:item=2776092652&perks=588594999,555281244
dimwishlist:item=2776092652&perks=3161816588,47981717
dimwishlist:item=2776092652&perks=3161816588,699525795
dimwishlist:item=2776092652&perks=3161816588,555281244
dimwishlist:item=2776092652&perks=2579169598,47981717
dimwishlist:item=2776092652&perks=2579169598,699525795
dimwishlist:item=2776092652&perks=2579169598,555281244

// #6 Everburning Glitz
// itemHash=2857870254
// perks: Lone Wolf=2579169598; Dynamic Sway Reduction=1359896290; Kinetic Tremors=3891536761; Tap the Trigger=1890422124; Zen Moment=2387244414
//notes: Daltnix tags:pvp
dimwishlist:item=2857870254&perks=2579169598,1359896290,3891536761,1890422124,2387244414
dimwishlist:item=2857870254&perks=2579169598,1359896290,3891536761,1890422124
dimwishlist:item=2857870254&perks=2579169598,1359896290,3891536761,2387244414
dimwishlist:item=2857870254&perks=2579169598,1359896290,1890422124,2387244414
dimwishlist:item=2857870254&perks=2579169598,3891536761,1890422124,2387244414
dimwishlist:item=2857870254&perks=1359896290,3891536761,1890422124,2387244414
dimwishlist:item=2857870254&perks=2579169598,1359896290,3891536761
dimwishlist:item=2857870254&perks=2579169598,1359896290,1890422124
dimwishlist:item=2857870254&perks=2579169598,1359896290,2387244414
dimwishlist:item=2857870254&perks=2579169598,3891536761,1890422124
dimwishlist:item=2857870254&perks=2579169598,3891536761,2387244414
dimwishlist:item=2857870254&perks=2579169598,1890422124,2387244414
dimwishlist:item=2857870254&perks=1359896290,3891536761,1890422124
dimwishlist:item=2857870254&perks=1359896290,3891536761,2387244414
dimwishlist:item=2857870254&perks=1359896290,1890422124,2387244414
dimwishlist:item=2857870254&perks=2579169598,3891536761
dimwishlist:item=2857870254&perks=2579169598,1890422124
dimwishlist:item=2857870254&perks=2579169598,2387244414
dimwishlist:item=2857870254&perks=1359896290,3891536761
dimwishlist:item=2857870254&perks=1359896290,1890422124
dimwishlist:item=2857870254&perks=1359896290,2387244414

// #7 Shayura's Wrath
// itemHash=3747667917
// perks: Dynamic Sway Reduction=1359896290; Keep Away=3619207468; Zen Moment=2387244414; Lone Wolf=2579169598; Tap the Trigger=1890422124; Kill Clip=1015611457; Target Lock=365154968; Master of Arms=3081867624; Rangefinder=2846385770
//notes: Daltnix tags:pvp
dimwishlist:item=3747667917&perks=1359896290,3619207468,2387244414,2579169598,1890422124,1015611457,365154968,3081867624,2846385770
dimwishlist:item=3747667917&perks=1359896290,3619207468,2387244414,2579169598,1890422124,1015611457,365154968,3081867624
dimwishlist:item=3747667917&perks=1359896290,3619207468,2387244414,2579169598,1890422124,1015611457,365154968,2846385770
dimwishlist:item=3747667917&perks=1359896290,3619207468,2387244414,2579169598,1890422124,1015611457,3081867624,2846385770
dimwishlist:item=3747667917&perks=1359896290,3619207468,2387244414,2579169598,1890422124,365154968,3081867624,2846385770
dimwishlist:item=3747667917&perks=1359896290,3619207468,2387244414,2579169598,1015611457,365154968,3081867624,2846385770
dimwishlist:item=3747667917&perks=1359896290,3619207468,2387244414,1890422124,1015611457,365154968,3081867624,2846385770
dimwishlist:item=3747667917&perks=1359896290,3619207468,2579169598,1890422124,1015611457,365154968,3081867624,2846385770
dimwishlist:item=3747667917&perks=1359896290,2387244414,2579169598,1890422124,1015611457,365154968,3081867624,2846385770
dimwishlist:item=3747667917&perks=3619207468,2387244414,2579169598,1890422124,1015611457,365154968,3081867624,2846385770
dimwishlist:item=3747667917&perks=1359896290,3619207468,2387244414,2579169598,1890422124,1015611457,365154968
dimwishlist:item=3747667917&perks=1359896290,3619207468,2387244414,2579169598,1890422124,1015611457,3081867624
dimwishlist:item=3747667917&perks=1359896290,3619207468,2387244414,2579169598,1890422124,1015611457,2846385770
dimwishlist:item=3747667917&perks=1359896290,3619207468,2387244414,2579169598,1890422124,365154968,3081867624
dimwishlist:item=3747667917&perks=1359896290,3619207468,2387244414,2579169598,1890422124,365154968,2846385770
dimwishlist:item=3747667917&perks=1359896290,3619207468,2387244414,2579169598,1890422124,3081867624,2846385770
dimwishlist:item=3747667917&perks=1359896290,3619207468,2387244414,2579169598,1015611457,365154968,3081867624
dimwishlist:item=3747667917&perks=1359896290,3619207468,2387244414,2579169598,1015611457,365154968,2846385770
dimwishlist:item=3747667917&perks=1359896290,3619207468,2387244414,2579169598,1015611457,3081867624,2846385770
dimwishlist:item=3747667917&perks=1359896290,3619207468,2387244414,2579169598,365154968,3081867624,2846385770
dimwishlist:item=3747667917&perks=1359896290,3619207468,2387244414,1890422124,1015611457,365154968,3081867624
dimwishlist:item=3747667917&perks=1359896290,3619207468,2387244414,1890422124,1015611457,365154968,2846385770
dimwishlist:item=3747667917&perks=1359896290,3619207468,2387244414,1890422124,1015611457,3081867624,2846385770
dimwishlist:item=3747667917&perks=1359896290,3619207468,2387244414,1890422124,365154968,3081867624,2846385770
dimwishlist:item=3747667917&perks=1359896290,3619207468,2387244414,1015611457,365154968,3081867624,2846385770
dimwishlist:item=3747667917&perks=1359896290,3619207468,2579169598,1890422124,1015611457,365154968,3081867624
dimwishlist:item=3747667917&perks=1359896290,3619207468,2579169598,1890422124,1015611457,365154968,2846385770
dimwishlist:item=3747667917&perks=1359896290,3619207468,2579169598,1890422124,1015611457,3081867624,2846385770
dimwishlist:item=3747667917&perks=1359896290,3619207468,2579169598,1890422124,365154968,3081867624,2846385770
dimwishlist:item=3747667917&perks=1359896290,3619207468,2579169598,1015611457,365154968,3081867624,2846385770
dimwishlist:item=3747667917&perks=1359896290,2387244414,2579169598,1890422124,1015611457,365154968,3081867624
dimwishlist:item=3747667917&perks=1359896290,2387244414,2579169598,1890422124,1015611457,365154968,2846385770
dimwishlist:item=3747667917&perks=1359896290,2387244414,2579169598,1890422124,1015611457,3081867624,2846385770
dimwishlist:item=3747667917&perks=1359896290,2387244414,2579169598,1890422124,365154968,3081867624,2846385770
dimwishlist:item=3747667917&perks=1359896290,2387244414,2579169598,1015611457,365154968,3081867624,2846385770
dimwishlist:item=3747667917&perks=3619207468,2387244414,2579169598,1890422124,1015611457,365154968,3081867624
dimwishlist:item=3747667917&perks=3619207468,2387244414,2579169598,1890422124,1015611457,365154968,2846385770
dimwishlist:item=3747667917&perks=3619207468,2387244414,2579169598,1890422124,1015611457,3081867624,2846385770
dimwishlist:item=3747667917&perks=3619207468,2387244414,2579169598,1890422124,365154968,3081867624,2846385770
dimwishlist:item=3747667917&perks=3619207468,2387244414,2579169598,1015611457,365154968,3081867624,2846385770
dimwishlist:item=3747667917&perks=1359896290,3619207468,1890422124,1015611457,365154968,3081867624,2846385770
dimwishlist:item=3747667917&perks=1359896290,2387244414,1890422124,1015611457,365154968,3081867624,2846385770
dimwishlist:item=3747667917&perks=1359896290,2579169598,1890422124,1015611457,365154968,3081867624,2846385770
dimwishlist:item=3747667917&perks=3619207468,2387244414,1890422124,1015611457,365154968,3081867624,2846385770
dimwishlist:item=3747667917&perks=3619207468,2579169598,1890422124,1015611457,365154968,3081867624,2846385770
dimwishlist:item=3747667917&perks=2387244414,2579169598,1890422124,1015611457,365154968,3081867624,2846385770
dimwishlist:item=3747667917&perks=1359896290,3619207468,2387244414,2579169598,1890422124,1015611457
dimwishlist:item=3747667917&perks=1359896290,3619207468,2387244414,2579169598,1890422124,365154968
dimwishlist:item=3747667917&perks=1359896290,3619207468,2387244414,2579169598,1890422124,3081867624
dimwishlist:item=3747667917&perks=1359896290,3619207468,2387244414,2579169598,1890422124,2846385770
dimwishlist:item=3747667917&perks=1359896290,3619207468,2387244414,2579169598,1015611457,365154968
dimwishlist:item=3747667917&perks=1359896290,3619207468,2387244414,2579169598,1015611457,3081867624
dimwishlist:item=3747667917&perks=1359896290,3619207468,2387244414,2579169598,1015611457,2846385770
dimwishlist:item=3747667917&perks=1359896290,3619207468,2387244414,2579169598,365154968,3081867624
dimwishlist:item=3747667917&perks=1359896290,3619207468,2387244414,2579169598,365154968,2846385770
dimwishlist:item=3747667917&perks=1359896290,3619207468,2387244414,2579169598,3081867624,2846385770
dimwishlist:item=3747667917&perks=1359896290,3619207468,2387244414,1890422124,1015611457,365154968
dimwishlist:item=3747667917&perks=1359896290,3619207468,2387244414,1890422124,1015611457,3081867624
dimwishlist:item=3747667917&perks=1359896290,3619207468,2387244414,1890422124,1015611457,2846385770
dimwishlist:item=3747667917&perks=1359896290,3619207468,2387244414,1890422124,365154968,3081867624
dimwishlist:item=3747667917&perks=1359896290,3619207468,2387244414,1890422124,365154968,2846385770
dimwishlist:item=3747667917&perks=1359896290,3619207468,2387244414,1890422124,3081867624,2846385770
dimwishlist:item=3747667917&perks=1359896290,3619207468,2387244414,1015611457,365154968,3081867624
dimwishlist:item=3747667917&perks=1359896290,3619207468,2387244414,1015611457,365154968,2846385770
dimwishlist:item=3747667917&perks=1359896290,3619207468,2387244414,1015611457,3081867624,2846385770
dimwishlist:item=3747667917&perks=1359896290,3619207468,2387244414,365154968,3081867624,2846385770
dimwishlist:item=3747667917&perks=1359896290,3619207468,2579169598,1890422124,1015611457,365154968
dimwishlist:item=3747667917&perks=1359896290,3619207468,2579169598,1890422124,1015611457,3081867624
dimwishlist:item=3747667917&perks=1359896290,3619207468,2579169598,1890422124,1015611457,2846385770
dimwishlist:item=3747667917&perks=1359896290,3619207468,2579169598,1890422124,365154968,3081867624
dimwishlist:item=3747667917&perks=1359896290,3619207468,2579169598,1890422124,365154968,2846385770
dimwishlist:item=3747667917&perks=1359896290,3619207468,2579169598,1890422124,3081867624,2846385770
dimwishlist:item=3747667917&perks=1359896290,3619207468,2579169598,1015611457,365154968,3081867624
dimwishlist:item=3747667917&perks=1359896290,3619207468,2579169598,1015611457,365154968,2846385770
dimwishlist:item=3747667917&perks=1359896290,3619207468,2579169598,1015611457,3081867624,2846385770
dimwishlist:item=3747667917&perks=1359896290,3619207468,2579169598,365154968,3081867624,2846385770
dimwishlist:item=3747667917&perks=1359896290,2387244414,2579169598,1890422124,1015611457,365154968
dimwishlist:item=3747667917&perks=1359896290,2387244414,2579169598,1890422124,1015611457,3081867624
dimwishlist:item=3747667917&perks=1359896290,2387244414,2579169598,1890422124,1015611457,2846385770
dimwishlist:item=3747667917&perks=1359896290,2387244414,2579169598,1890422124,365154968,3081867624
dimwishlist:item=3747667917&perks=1359896290,2387244414,2579169598,1890422124,365154968,2846385770
dimwishlist:item=3747667917&perks=1359896290,2387244414,2579169598,1890422124,3081867624,2846385770
dimwishlist:item=3747667917&perks=1359896290,2387244414,2579169598,1015611457,365154968,3081867624
dimwishlist:item=3747667917&perks=1359896290,2387244414,2579169598,1015611457,365154968,2846385770
dimwishlist:item=3747667917&perks=1359896290,2387244414,2579169598,1015611457,3081867624,2846385770
dimwishlist:item=3747667917&perks=1359896290,2387244414,2579169598,365154968,3081867624,2846385770
dimwishlist:item=3747667917&perks=3619207468,2387244414,2579169598,1890422124,1015611457,365154968
dimwishlist:item=3747667917&perks=3619207468,2387244414,2579169598,1890422124,1015611457,3081867624
dimwishlist:item=3747667917&perks=3619207468,2387244414,2579169598,1890422124,1015611457,2846385770
dimwishlist:item=3747667917&perks=3619207468,2387244414,2579169598,1890422124,365154968,3081867624
dimwishlist:item=3747667917&perks=3619207468,2387244414,2579169598,1890422124,365154968,2846385770
dimwishlist:item=3747667917&perks=3619207468,2387244414,2579169598,1890422124,3081867624,2846385770
dimwishlist:item=3747667917&perks=3619207468,2387244414,2579169598,1015611457,365154968,3081867624
dimwishlist:item=3747667917&perks=3619207468,2387244414,2579169598,1015611457,365154968,2846385770
dimwishlist:item=3747667917&perks=3619207468,2387244414,2579169598,1015611457,3081867624,2846385770
dimwishlist:item=3747667917&perks=3619207468,2387244414,2579169598,365154968,3081867624,2846385770
dimwishlist:item=3747667917&perks=1359896290,3619207468,1890422124,1015611457,365154968,3081867624
dimwishlist:item=3747667917&perks=1359896290,3619207468,1890422124,1015611457,365154968,2846385770
dimwishlist:item=3747667917&perks=1359896290,3619207468,1890422124,1015611457,3081867624,2846385770
dimwishlist:item=3747667917&perks=1359896290,3619207468,1890422124,365154968,3081867624,2846385770
dimwishlist:item=3747667917&perks=1359896290,3619207468,1015611457,365154968,3081867624,2846385770
dimwishlist:item=3747667917&perks=1359896290,2387244414,1890422124,1015611457,365154968,3081867624
dimwishlist:item=3747667917&perks=1359896290,2387244414,1890422124,1015611457,365154968,2846385770
dimwishlist:item=3747667917&perks=1359896290,2387244414,1890422124,1015611457,3081867624,2846385770
dimwishlist:item=3747667917&perks=1359896290,2387244414,1890422124,365154968,3081867624,2846385770
dimwishlist:item=3747667917&perks=1359896290,2387244414,1015611457,365154968,3081867624,2846385770
dimwishlist:item=3747667917&perks=1359896290,2579169598,1890422124,1015611457,365154968,3081867624
dimwishlist:item=3747667917&perks=1359896290,2579169598,1890422124,1015611457,365154968,2846385770
dimwishlist:item=3747667917&perks=1359896290,2579169598,1890422124,1015611457,3081867624,2846385770
dimwishlist:item=3747667917&perks=1359896290,2579169598,1890422124,365154968,3081867624,2846385770
dimwishlist:item=3747667917&perks=1359896290,2579169598,1015611457,365154968,3081867624,2846385770
dimwishlist:item=3747667917&perks=3619207468,2387244414,1890422124,1015611457,365154968,3081867624
dimwishlist:item=3747667917&perks=3619207468,2387244414,1890422124,1015611457,365154968,2846385770
dimwishlist:item=3747667917&perks=3619207468,2387244414,1890422124,1015611457,3081867624,2846385770
dimwishlist:item=3747667917&perks=3619207468,2387244414,1890422124,365154968,3081867624,2846385770
dimwishlist:item=3747667917&perks=3619207468,2387244414,1015611457,365154968,3081867624,2846385770
dimwishlist:item=3747667917&perks=3619207468,2579169598,1890422124,1015611457,365154968,3081867624
dimwishlist:item=3747667917&perks=3619207468,2579169598,1890422124,1015611457,365154968,2846385770
dimwishlist:item=3747667917&perks=3619207468,2579169598,1890422124,1015611457,3081867624,2846385770
dimwishlist:item=3747667917&perks=3619207468,2579169598,1890422124,365154968,3081867624,2846385770
dimwishlist:item=3747667917&perks=3619207468,2579169598,1015611457,365154968,3081867624,2846385770
dimwishlist:item=3747667917&perks=2387244414,2579169598,1890422124,1015611457,365154968,3081867624
dimwishlist:item=3747667917&perks=2387244414,2579169598,1890422124,1015611457,365154968,2846385770
dimwishlist:item=3747667917&perks=2387244414,2579169598,1890422124,1015611457,3081867624,2846385770
dimwishlist:item=3747667917&perks=2387244414,2579169598,1890422124,365154968,3081867624,2846385770
dimwishlist:item=3747667917&perks=2387244414,2579169598,1015611457,365154968,3081867624,2846385770
dimwishlist:item=3747667917&perks=1359896290,1890422124,1015611457,365154968,3081867624,2846385770
dimwishlist:item=3747667917&perks=3619207468,1890422124,1015611457,365154968,3081867624,2846385770
dimwishlist:item=3747667917&perks=2387244414,1890422124,1015611457,365154968,3081867624,2846385770
dimwishlist:item=3747667917&perks=2579169598,1890422124,1015611457,365154968,3081867624,2846385770
dimwishlist:item=3747667917&perks=1359896290,3619207468,2387244414,2579169598,1890422124
dimwishlist:item=3747667917&perks=1359896290,3619207468,2387244414,2579169598,1015611457
dimwishlist:item=3747667917&perks=1359896290,3619207468,2387244414,2579169598,365154968
dimwishlist:item=3747667917&perks=1359896290,3619207468,2387244414,2579169598,3081867624
dimwishlist:item=3747667917&perks=1359896290,3619207468,2387244414,2579169598,2846385770
dimwishlist:item=3747667917&perks=1359896290,3619207468,2387244414,1890422124,1015611457
dimwishlist:item=3747667917&perks=1359896290,3619207468,2387244414,1890422124,365154968
dimwishlist:item=3747667917&perks=1359896290,3619207468,2387244414,1890422124,3081867624
dimwishlist:item=3747667917&perks=1359896290,3619207468,2387244414,1890422124,2846385770
dimwishlist:item=3747667917&perks=1359896290,3619207468,2387244414,1015611457,365154968
dimwishlist:item=3747667917&perks=1359896290,3619207468,2387244414,1015611457,3081867624
dimwishlist:item=3747667917&perks=1359896290,3619207468,2387244414,1015611457,2846385770
dimwishlist:item=3747667917&perks=1359896290,3619207468,2387244414,365154968,3081867624
dimwishlist:item=3747667917&perks=1359896290,3619207468,2387244414,365154968,2846385770
dimwishlist:item=3747667917&perks=1359896290,3619207468,2387244414,3081867624,2846385770
dimwishlist:item=3747667917&perks=1359896290,3619207468,2579169598,1890422124,1015611457
dimwishlist:item=3747667917&perks=1359896290,3619207468,2579169598,1890422124,365154968
dimwishlist:item=3747667917&perks=1359896290,3619207468,2579169598,1890422124,3081867624
dimwishlist:item=3747667917&perks=1359896290,3619207468,2579169598,1890422124,2846385770
dimwishlist:item=3747667917&perks=1359896290,3619207468,2579169598,1015611457,365154968
dimwishlist:item=3747667917&perks=1359896290,3619207468,2579169598,1015611457,3081867624
dimwishlist:item=3747667917&perks=1359896290,3619207468,2579169598,1015611457,2846385770
dimwishlist:item=3747667917&perks=1359896290,3619207468,2579169598,365154968,3081867624
dimwishlist:item=3747667917&perks=1359896290,3619207468,2579169598,365154968,2846385770
dimwishlist:item=3747667917&perks=1359896290,3619207468,2579169598,3081867624,2846385770
dimwishlist:item=3747667917&perks=1359896290,2387244414,2579169598,1890422124,1015611457
dimwishlist:item=3747667917&perks=1359896290,2387244414,2579169598,1890422124,365154968
dimwishlist:item=3747667917&perks=1359896290,2387244414,2579169598,1890422124,3081867624
dimwishlist:item=3747667917&perks=1359896290,2387244414,2579169598,1890422124,2846385770
dimwishlist:item=3747667917&perks=1359896290,2387244414,2579169598,1015611457,365154968
dimwishlist:item=3747667917&perks=1359896290,2387244414,2579169598,1015611457,3081867624
dimwishlist:item=3747667917&perks=1359896290,2387244414,2579169598,1015611457,2846385770
dimwishlist:item=3747667917&perks=1359896290,2387244414,2579169598,365154968,3081867624
dimwishlist:item=3747667917&perks=1359896290,2387244414,2579169598,365154968,2846385770
dimwishlist:item=3747667917&perks=1359896290,2387244414,2579169598,3081867624,2846385770
dimwishlist:item=3747667917&perks=3619207468,2387244414,2579169598,1890422124,1015611457
dimwishlist:item=3747667917&perks=3619207468,2387244414,2579169598,1890422124,365154968
dimwishlist:item=3747667917&perks=3619207468,2387244414,2579169598,1890422124,3081867624
dimwishlist:item=3747667917&perks=3619207468,2387244414,2579169598,1890422124,2846385770
dimwishlist:item=3747667917&perks=3619207468,2387244414,2579169598,1015611457,365154968
dimwishlist:item=3747667917&perks=3619207468,2387244414,2579169598,1015611457,3081867624
dimwishlist:item=3747667917&perks=3619207468,2387244414,2579169598,1015611457,2846385770
dimwishlist:item=3747667917&perks=3619207468,2387244414,2579169598,365154968,3081867624
dimwishlist:item=3747667917&perks=3619207468,2387244414,2579169598,365154968,2846385770
dimwishlist:item=3747667917&perks=3619207468,2387244414,2579169598,3081867624,2846385770
dimwishlist:item=3747667917&perks=1359896290,3619207468,1890422124,1015611457,365154968
dimwishlist:item=3747667917&perks=1359896290,3619207468,1890422124,1015611457,3081867624
dimwishlist:item=3747667917&perks=1359896290,3619207468,1890422124,1015611457,2846385770
dimwishlist:item=3747667917&perks=1359896290,3619207468,1890422124,365154968,3081867624
dimwishlist:item=3747667917&perks=1359896290,3619207468,1890422124,365154968,2846385770
dimwishlist:item=3747667917&perks=1359896290,3619207468,1890422124,3081867624,2846385770
dimwishlist:item=3747667917&perks=1359896290,3619207468,1015611457,365154968,3081867624
dimwishlist:item=3747667917&perks=1359896290,3619207468,1015611457,365154968,2846385770
dimwishlist:item=3747667917&perks=1359896290,3619207468,1015611457,3081867624,2846385770
dimwishlist:item=3747667917&perks=1359896290,3619207468,365154968,3081867624,2846385770
dimwishlist:item=3747667917&perks=1359896290,2387244414,1890422124,1015611457,365154968
dimwishlist:item=3747667917&perks=1359896290,2387244414,1890422124,1015611457,3081867624
dimwishlist:item=3747667917&perks=1359896290,2387244414,1890422124,1015611457,2846385770
dimwishlist:item=3747667917&perks=1359896290,2387244414,1890422124,365154968,3081867624
dimwishlist:item=3747667917&perks=1359896290,2387244414,1890422124,365154968,2846385770
dimwishlist:item=3747667917&perks=1359896290,2387244414,1890422124,3081867624,2846385770
dimwishlist:item=3747667917&perks=1359896290,2387244414,1015611457,365154968,3081867624
dimwishlist:item=3747667917&perks=1359896290,2387244414,1015611457,365154968,2846385770
dimwishlist:item=3747667917&perks=1359896290,2387244414,1015611457,3081867624,2846385770
dimwishlist:item=3747667917&perks=1359896290,2387244414,365154968,3081867624,2846385770
dimwishlist:item=3747667917&perks=1359896290,2579169598,1890422124,1015611457,365154968
dimwishlist:item=3747667917&perks=1359896290,2579169598,1890422124,1015611457,3081867624
dimwishlist:item=3747667917&perks=1359896290,2579169598,1890422124,1015611457,2846385770
dimwishlist:item=3747667917&perks=1359896290,2579169598,1890422124,365154968,3081867624
dimwishlist:item=3747667917&perks=1359896290,2579169598,1890422124,365154968,2846385770
dimwishlist:item=3747667917&perks=1359896290,2579169598,1890422124,3081867624,2846385770
dimwishlist:item=3747667917&perks=1359896290,2579169598,1015611457,365154968,3081867624
dimwishlist:item=3747667917&perks=1359896290,2579169598,1015611457,365154968,2846385770
dimwishlist:item=3747667917&perks=1359896290,2579169598,1015611457,3081867624,2846385770
dimwishlist:item=3747667917&perks=1359896290,2579169598,365154968,3081867624,2846385770
dimwishlist:item=3747667917&perks=3619207468,2387244414,1890422124,1015611457,365154968
dimwishlist:item=3747667917&perks=3619207468,2387244414,1890422124,1015611457,3081867624
dimwishlist:item=3747667917&perks=3619207468,2387244414,1890422124,1015611457,2846385770
dimwishlist:item=3747667917&perks=3619207468,2387244414,1890422124,365154968,3081867624
dimwishlist:item=3747667917&perks=3619207468,2387244414,1890422124,365154968,2846385770
dimwishlist:item=3747667917&perks=3619207468,2387244414,1890422124,3081867624,2846385770
dimwishlist:item=3747667917&perks=3619207468,2387244414,1015611457,365154968,3081867624
dimwishlist:item=3747667917&perks=3619207468,2387244414,1015611457,365154968,2846385770
dimwishlist:item=3747667917&perks=3619207468,2387244414,1015611457,3081867624,2846385770
dimwishlist:item=3747667917&perks=3619207468,2387244414,365154968,3081867624,2846385770
dimwishlist:item=3747667917&perks=3619207468,2579169598,1890422124,1015611457,365154968
dimwishlist:item=3747667917&perks=3619207468,2579169598,1890422124,1015611457,3081867624
dimwishlist:item=3747667917&perks=3619207468,2579169598,1890422124,1015611457,2846385770
dimwishlist:item=3747667917&perks=3619207468,2579169598,1890422124,365154968,3081867624
dimwishlist:item=3747667917&perks=3619207468,2579169598,1890422124,365154968,2846385770
dimwishlist:item=3747667917&perks=3619207468,2579169598,1890422124,3081867624,2846385770
dimwishlist:item=3747667917&perks=3619207468,2579169598,1015611457,365154968,3081867624
dimwishlist:item=3747667917&perks=3619207468,2579169598,1015611457,365154968,2846385770
dimwishlist:item=3747667917&perks=3619207468,2579169598,1015611457,3081867624,2846385770
dimwishlist:item=3747667917&perks=3619207468,2579169598,365154968,3081867624,2846385770
dimwishlist:item=3747667917&perks=2387244414,2579169598,1890422124,1015611457,365154968
dimwishlist:item=3747667917&perks=2387244414,2579169598,1890422124,1015611457,3081867624
dimwishlist:item=3747667917&perks=2387244414,2579169598,1890422124,1015611457,2846385770
dimwishlist:item=3747667917&perks=2387244414,2579169598,1890422124,365154968,3081867624
dimwishlist:item=3747667917&perks=2387244414,2579169598,1890422124,365154968,2846385770
dimwishlist:item=3747667917&perks=2387244414,2579169598,1890422124,3081867624,2846385770
dimwishlist:item=3747667917&perks=2387244414,2579169598,1015611457,365154968,3081867624
dimwishlist:item=3747667917&perks=2387244414,2579169598,1015611457,365154968,2846385770
dimwishlist:item=3747667917&perks=2387244414,2579169598,1015611457,3081867624,2846385770
dimwishlist:item=3747667917&perks=2387244414,2579169598,365154968,3081867624,2846385770
dimwishlist:item=3747667917&perks=1359896290,1890422124,1015611457,365154968,3081867624
dimwishlist:item=3747667917&perks=1359896290,1890422124,1015611457,365154968,2846385770
dimwishlist:item=3747667917&perks=1359896290,1890422124,1015611457,3081867624,2846385770
dimwishlist:item=3747667917&perks=1359896290,1890422124,365154968,3081867624,2846385770
dimwishlist:item=3747667917&perks=1359896290,1015611457,365154968,3081867624,2846385770
dimwishlist:item=3747667917&perks=3619207468,1890422124,1015611457,365154968,3081867624
dimwishlist:item=3747667917&perks=3619207468,1890422124,1015611457,365154968,2846385770
dimwishlist:item=3747667917&perks=3619207468,1890422124,1015611457,3081867624,2846385770
dimwishlist:item=3747667917&perks=3619207468,1890422124,365154968,3081867624,2846385770
dimwishlist:item=3747667917&perks=3619207468,1015611457,365154968,3081867624,2846385770
dimwishlist:item=3747667917&perks=2387244414,1890422124,1015611457,365154968,3081867624
dimwishlist:item=3747667917&perks=2387244414,1890422124,1015611457,365154968,2846385770
dimwishlist:item=3747667917&perks=2387244414,1890422124,1015611457,3081867624,2846385770
dimwishlist:item=3747667917&perks=2387244414,1890422124,365154968,3081867624,2846385770
dimwishlist:item=3747667917&perks=2387244414,1015611457,365154968,3081867624,2846385770
dimwishlist:item=3747667917&perks=2579169598,1890422124,1015611457,365154968,3081867624
dimwishlist:item=3747667917&perks=2579169598,1890422124,1015611457,365154968,2846385770
dimwishlist:item=3747667917&perks=2579169598,1890422124,1015611457,3081867624,2846385770
dimwishlist:item=3747667917&perks=2579169598,1890422124,365154968,3081867624,2846385770
dimwishlist:item=3747667917&perks=2579169598,1015611457,365154968,3081867624,2846385770
dimwishlist:item=3747667917&perks=1359896290,3619207468,2387244414,1890422124
dimwishlist:item=3747667917&perks=1359896290,3619207468,2387244414,1015611457
dimwishlist:item=3747667917&perks=1359896290,3619207468,2387244414,365154968
dimwishlist:item=3747667917&perks=1359896290,3619207468,2387244414,3081867624
dimwishlist:item=3747667917&perks=1359896290,3619207468,2387244414,2846385770
dimwishlist:item=3747667917&perks=1359896290,3619207468,2579169598,1890422124
dimwishlist:item=3747667917&perks=1359896290,3619207468,2579169598,1015611457
dimwishlist:item=3747667917&perks=1359896290,3619207468,2579169598,365154968
dimwishlist:item=3747667917&perks=1359896290,3619207468,2579169598,3081867624
dimwishlist:item=3747667917&perks=1359896290,3619207468,2579169598,2846385770
dimwishlist:item=3747667917&perks=1359896290,2387244414,2579169598,1890422124
dimwishlist:item=3747667917&perks=1359896290,2387244414,2579169598,1015611457
dimwishlist:item=3747667917&perks=1359896290,2387244414,2579169598,365154968
dimwishlist:item=3747667917&perks=1359896290,2387244414,2579169598,3081867624
dimwishlist:item=3747667917&perks=1359896290,2387244414,2579169598,2846385770
dimwishlist:item=3747667917&perks=3619207468,2387244414,2579169598,1890422124
dimwishlist:item=3747667917&perks=3619207468,2387244414,2579169598,1015611457
dimwishlist:item=3747667917&perks=3619207468,2387244414,2579169598,365154968
dimwishlist:item=3747667917&perks=3619207468,2387244414,2579169598,3081867624
dimwishlist:item=3747667917&perks=3619207468,2387244414,2579169598,2846385770
dimwishlist:item=3747667917&perks=1359896290,3619207468,1890422124,1015611457
dimwishlist:item=3747667917&perks=1359896290,3619207468,1890422124,365154968
dimwishlist:item=3747667917&perks=1359896290,3619207468,1890422124,3081867624
dimwishlist:item=3747667917&perks=1359896290,3619207468,1890422124,2846385770
dimwishlist:item=3747667917&perks=1359896290,3619207468,1015611457,365154968
dimwishlist:item=3747667917&perks=1359896290,3619207468,1015611457,3081867624
dimwishlist:item=3747667917&perks=1359896290,3619207468,1015611457,2846385770
dimwishlist:item=3747667917&perks=1359896290,3619207468,365154968,3081867624
dimwishlist:item=3747667917&perks=1359896290,3619207468,365154968,2846385770
dimwishlist:item=3747667917&perks=1359896290,3619207468,3081867624,2846385770
dimwishlist:item=3747667917&perks=1359896290,2387244414,1890422124,1015611457
dimwishlist:item=3747667917&perks=1359896290,2387244414,1890422124,365154968
dimwishlist:item=3747667917&perks=1359896290,2387244414,1890422124,3081867624
dimwishlist:item=3747667917&perks=1359896290,2387244414,1890422124,2846385770
dimwishlist:item=3747667917&perks=1359896290,2387244414,1015611457,365154968
dimwishlist:item=3747667917&perks=1359896290,2387244414,1015611457,3081867624
dimwishlist:item=3747667917&perks=1359896290,2387244414,1015611457,2846385770
dimwishlist:item=3747667917&perks=1359896290,2387244414,365154968,3081867624
dimwishlist:item=3747667917&perks=1359896290,2387244414,365154968,2846385770
dimwishlist:item=3747667917&perks=1359896290,2387244414,3081867624,2846385770
dimwishlist:item=3747667917&perks=1359896290,2579169598,1890422124,1015611457
dimwishlist:item=3747667917&perks=1359896290,2579169598,1890422124,365154968
dimwishlist:item=3747667917&perks=1359896290,2579169598,1890422124,3081867624
dimwishlist:item=3747667917&perks=1359896290,2579169598,1890422124,2846385770
dimwishlist:item=3747667917&perks=1359896290,2579169598,1015611457,365154968
dimwishlist:item=3747667917&perks=1359896290,2579169598,1015611457,3081867624
dimwishlist:item=3747667917&perks=1359896290,2579169598,1015611457,2846385770
dimwishlist:item=3747667917&perks=1359896290,2579169598,365154968,3081867624
dimwishlist:item=3747667917&perks=1359896290,2579169598,365154968,2846385770
dimwishlist:item=3747667917&perks=1359896290,2579169598,3081867624,2846385770
dimwishlist:item=3747667917&perks=3619207468,2387244414,1890422124,1015611457
dimwishlist:item=3747667917&perks=3619207468,2387244414,1890422124,365154968
dimwishlist:item=3747667917&perks=3619207468,2387244414,1890422124,3081867624
dimwishlist:item=3747667917&perks=3619207468,2387244414,1890422124,2846385770
dimwishlist:item=3747667917&perks=3619207468,2387244414,1015611457,365154968
dimwishlist:item=3747667917&perks=3619207468,2387244414,1015611457,3081867624
dimwishlist:item=3747667917&perks=3619207468,2387244414,1015611457,2846385770
dimwishlist:item=3747667917&perks=3619207468,2387244414,365154968,3081867624
dimwishlist:item=3747667917&perks=3619207468,2387244414,365154968,2846385770
dimwishlist:item=3747667917&perks=3619207468,2387244414,3081867624,2846385770
dimwishlist:item=3747667917&perks=3619207468,2579169598,1890422124,1015611457
dimwishlist:item=3747667917&perks=3619207468,2579169598,1890422124,365154968
dimwishlist:item=3747667917&perks=3619207468,2579169598,1890422124,3081867624
dimwishlist:item=3747667917&perks=3619207468,2579169598,1890422124,2846385770
dimwishlist:item=3747667917&perks=3619207468,2579169598,1015611457,365154968
dimwishlist:item=3747667917&perks=3619207468,2579169598,1015611457,3081867624
dimwishlist:item=3747667917&perks=3619207468,2579169598,1015611457,2846385770
dimwishlist:item=3747667917&perks=3619207468,2579169598,365154968,3081867624
dimwishlist:item=3747667917&perks=3619207468,2579169598,365154968,2846385770
dimwishlist:item=3747667917&perks=3619207468,2579169598,3081867624,2846385770
dimwishlist:item=3747667917&perks=2387244414,2579169598,1890422124,1015611457
dimwishlist:item=3747667917&perks=2387244414,2579169598,1890422124,365154968
dimwishlist:item=3747667917&perks=2387244414,2579169598,1890422124,3081867624
dimwishlist:item=3747667917&perks=2387244414,2579169598,1890422124,2846385770
dimwishlist:item=3747667917&perks=2387244414,2579169598,1015611457,365154968
dimwishlist:item=3747667917&perks=2387244414,2579169598,1015611457,3081867624
dimwishlist:item=3747667917&perks=2387244414,2579169598,1015611457,2846385770
dimwishlist:item=3747667917&perks=2387244414,2579169598,365154968,3081867624
dimwishlist:item=3747667917&perks=2387244414,2579169598,365154968,2846385770
dimwishlist:item=3747667917&perks=2387244414,2579169598,3081867624,2846385770
dimwishlist:item=3747667917&perks=1359896290,1890422124,1015611457,365154968
dimwishlist:item=3747667917&perks=1359896290,1890422124,1015611457,3081867624
dimwishlist:item=3747667917&perks=1359896290,1890422124,1015611457,2846385770
dimwishlist:item=3747667917&perks=1359896290,1890422124,365154968,3081867624
dimwishlist:item=3747667917&perks=1359896290,1890422124,365154968,2846385770
dimwishlist:item=3747667917&perks=1359896290,1890422124,3081867624,2846385770
dimwishlist:item=3747667917&perks=1359896290,1015611457,365154968,3081867624
dimwishlist:item=3747667917&perks=1359896290,1015611457,365154968,2846385770
dimwishlist:item=3747667917&perks=1359896290,1015611457,3081867624,2846385770
dimwishlist:item=3747667917&perks=1359896290,365154968,3081867624,2846385770
dimwishlist:item=3747667917&perks=3619207468,1890422124,1015611457,365154968
dimwishlist:item=3747667917&perks=3619207468,1890422124,1015611457,3081867624
dimwishlist:item=3747667917&perks=3619207468,1890422124,1015611457,2846385770
dimwishlist:item=3747667917&perks=3619207468,1890422124,365154968,3081867624
dimwishlist:item=3747667917&perks=3619207468,1890422124,365154968,2846385770
dimwishlist:item=3747667917&perks=3619207468,1890422124,3081867624,2846385770
dimwishlist:item=3747667917&perks=3619207468,1015611457,365154968,3081867624
dimwishlist:item=3747667917&perks=3619207468,1015611457,365154968,2846385770
dimwishlist:item=3747667917&perks=3619207468,1015611457,3081867624,2846385770
dimwishlist:item=3747667917&perks=3619207468,365154968,3081867624,2846385770
dimwishlist:item=3747667917&perks=2387244414,1890422124,1015611457,365154968
dimwishlist:item=3747667917&perks=2387244414,1890422124,1015611457,3081867624
dimwishlist:item=3747667917&perks=2387244414,1890422124,1015611457,2846385770
dimwishlist:item=3747667917&perks=2387244414,1890422124,365154968,3081867624
dimwishlist:item=3747667917&perks=2387244414,1890422124,365154968,2846385770
dimwishlist:item=3747667917&perks=2387244414,1890422124,3081867624,2846385770
dimwishlist:item=3747667917&perks=2387244414,1015611457,365154968,3081867624
dimwishlist:item=3747667917&perks=2387244414,1015611457,365154968,2846385770
dimwishlist:item=3747667917&perks=2387244414,1015611457,3081867624,2846385770
dimwishlist:item=3747667917&perks=2387244414,365154968,3081867624,2846385770
dimwishlist:item=3747667917&perks=2579169598,1890422124,1015611457,365154968
dimwishlist:item=3747667917&perks=2579169598,1890422124,1015611457,3081867624
dimwishlist:item=3747667917&perks=2579169598,1890422124,1015611457,2846385770
dimwishlist:item=3747667917&perks=2579169598,1890422124,365154968,3081867624
dimwishlist:item=3747667917&perks=2579169598,1890422124,365154968,2846385770
dimwishlist:item=3747667917&perks=2579169598,1890422124,3081867624,2846385770
dimwishlist:item=3747667917&perks=2579169598,1015611457,365154968,3081867624
dimwishlist:item=3747667917&perks=2579169598,1015611457,365154968,2846385770
dimwishlist:item=3747667917&perks=2579169598,1015611457,3081867624,2846385770
dimwishlist:item=3747667917&perks=2579169598,365154968,3081867624,2846385770
dimwishlist:item=3747667917&perks=1359896290,3619207468,1890422124
dimwishlist:item=3747667917&perks=1359896290,3619207468,1015611457
dimwishlist:item=3747667917&perks=1359896290,3619207468,365154968
dimwishlist:item=3747667917&perks=1359896290,3619207468,3081867624
dimwishlist:item=3747667917&perks=1359896290,3619207468,2846385770
dimwishlist:item=3747667917&perks=1359896290,2387244414,1890422124
dimwishlist:item=3747667917&perks=1359896290,2387244414,1015611457
dimwishlist:item=3747667917&perks=1359896290,2387244414,365154968
dimwishlist:item=3747667917&perks=1359896290,2387244414,3081867624
dimwishlist:item=3747667917&perks=1359896290,2387244414,2846385770
dimwishlist:item=3747667917&perks=1359896290,2579169598,1890422124
dimwishlist:item=3747667917&perks=1359896290,2579169598,1015611457
dimwishlist:item=3747667917&perks=1359896290,2579169598,365154968
dimwishlist:item=3747667917&perks=1359896290,2579169598,3081867624
dimwishlist:item=3747667917&perks=1359896290,2579169598,2846385770
dimwishlist:item=3747667917&perks=3619207468,2387244414,1890422124
dimwishlist:item=3747667917&perks=3619207468,2387244414,1015611457
dimwishlist:item=3747667917&perks=3619207468,2387244414,365154968
dimwishlist:item=3747667917&perks=3619207468,2387244414,3081867624
dimwishlist:item=3747667917&perks=3619207468,2387244414,2846385770
dimwishlist:item=3747667917&perks=3619207468,2579169598,1890422124
dimwishlist:item=3747667917&perks=3619207468,2579169598,1015611457
dimwishlist:item=3747667917&perks=3619207468,2579169598,365154968
dimwishlist:item=3747667917&perks=3619207468,2579169598,3081867624
dimwishlist:item=3747667917&perks=3619207468,2579169598,2846385770
dimwishlist:item=3747667917&perks=2387244414,2579169598,1890422124
dimwishlist:item=3747667917&perks=2387244414,2579169598,1015611457
dimwishlist:item=3747667917&perks=2387244414,2579169598,365154968
dimwishlist:item=3747667917&perks=2387244414,2579169598,3081867624
dimwishlist:item=3747667917&perks=2387244414,2579169598,2846385770
dimwishlist:item=3747667917&perks=1359896290,1890422124,1015611457
dimwishlist:item=3747667917&perks=1359896290,1890422124,365154968
dimwishlist:item=3747667917&perks=1359896290,1890422124,3081867624
dimwishlist:item=3747667917&perks=1359896290,1890422124,2846385770
dimwishlist:item=3747667917&perks=1359896290,1015611457,365154968
dimwishlist:item=3747667917&perks=1359896290,1015611457,3081867624
dimwishlist:item=3747667917&perks=1359896290,1015611457,2846385770
dimwishlist:item=3747667917&perks=1359896290,365154968,3081867624
dimwishlist:item=3747667917&perks=1359896290,365154968,2846385770
dimwishlist:item=3747667917&perks=1359896290,3081867624,2846385770
dimwishlist:item=3747667917&perks=3619207468,1890422124,1015611457
dimwishlist:item=3747667917&perks=3619207468,1890422124,365154968
dimwishlist:item=3747667917&perks=3619207468,1890422124,3081867624
dimwishlist:item=3747667917&perks=3619207468,1890422124,2846385770
dimwishlist:item=3747667917&perks=3619207468,1015611457,365154968
dimwishlist:item=3747667917&perks=3619207468,1015611457,3081867624
dimwishlist:item=3747667917&perks=3619207468,1015611457,2846385770
dimwishlist:item=3747667917&perks=3619207468,365154968,3081867624
dimwishlist:item=3747667917&perks=3619207468,365154968,2846385770
dimwishlist:item=3747667917&perks=3619207468,3081867624,2846385770
dimwishlist:item=3747667917&perks=2387244414,1890422124,1015611457
dimwishlist:item=3747667917&perks=2387244414,1890422124,365154968
dimwishlist:item=3747667917&perks=2387244414,1890422124,3081867624
dimwishlist:item=3747667917&perks=2387244414,1890422124,2846385770
dimwishlist:item=3747667917&perks=2387244414,1015611457,365154968
dimwishlist:item=3747667917&perks=2387244414,1015611457,3081867624
dimwishlist:item=3747667917&perks=2387244414,1015611457,2846385770
dimwishlist:item=3747667917&perks=2387244414,365154968,3081867624
dimwishlist:item=3747667917&perks=2387244414,365154968,2846385770
dimwishlist:item=3747667917&perks=2387244414,3081867624,2846385770
dimwishlist:item=3747667917&perks=2579169598,1890422124,1015611457
dimwishlist:item=3747667917&perks=2579169598,1890422124,365154968
dimwishlist:item=3747667917&perks=2579169598,1890422124,3081867624
dimwishlist:item=3747667917&perks=2579169598,1890422124,2846385770
dimwishlist:item=3747667917&perks=2579169598,1015611457,365154968
dimwishlist:item=3747667917&perks=2579169598,1015611457,3081867624
dimwishlist:item=3747667917&perks=2579169598,1015611457,2846385770
dimwishlist:item=3747667917&perks=2579169598,365154968,3081867624
dimwishlist:item=3747667917&perks=2579169598,365154968,2846385770
dimwishlist:item=3747667917&perks=2579169598,3081867624,2846385770
dimwishlist:item=3747667917&perks=1359896290,1890422124
dimwishlist:item=3747667917&perks=1359896290,1015611457
dimwishlist:item=3747667917&perks=1359896290,365154968
dimwishlist:item=3747667917&perks=1359896290,3081867624
dimwishlist:item=3747667917&perks=1359896290,2846385770
dimwishlist:item=3747667917&perks=3619207468,1890422124
dimwishlist:item=3747667917&perks=3619207468,1015611457
dimwishlist:item=3747667917&perks=3619207468,365154968
dimwishlist:item=3747667917&perks=3619207468,3081867624
dimwishlist:item=3747667917&perks=3619207468,2846385770
dimwishlist:item=3747667917&perks=2387244414,1890422124
dimwishlist:item=3747667917&perks=2387244414,1015611457
dimwishlist:item=3747667917&perks=2387244414,365154968
dimwishlist:item=3747667917&perks=2387244414,3081867624
dimwishlist:item=3747667917&perks=2387244414,2846385770
dimwishlist:item=3747667917&perks=2579169598,1890422124
dimwishlist:item=3747667917&perks=2579169598,1015611457
dimwishlist:item=3747667917&perks=2579169598,365154968
dimwishlist:item=3747667917&perks=2579169598,3081867624
dimwishlist:item=3747667917&perks=2579169598,2846385770

// #8 The Inquisitor
// itemHash=1185633760
// perks: Lone Wolf=2579169598; Slideshot=3161816588; Threat Detector=4071163871; Closing Time=1194056669; Opening Shot=47981717
//notes: Daltnix tags:pvp
dimwishlist:item=1185633760&perks=2579169598,3161816588,4071163871,1194056669,47981717
dimwishlist:item=1185633760&perks=2579169598,3161816588,4071163871,1194056669
dimwishlist:item=1185633760&perks=2579169598,3161816588,4071163871,47981717
dimwishlist:item=1185633760&perks=2579169598,3161816588,1194056669,47981717
dimwishlist:item=1185633760&perks=2579169598,4071163871,1194056669,47981717
dimwishlist:item=1185633760&perks=3161816588,4071163871,1194056669,47981717
dimwishlist:item=1185633760&perks=2579169598,3161816588,1194056669
dimwishlist:item=1185633760&perks=2579169598,3161816588,47981717
dimwishlist:item=1185633760&perks=2579169598,4071163871,1194056669
dimwishlist:item=1185633760&perks=2579169598,4071163871,47981717
dimwishlist:item=1185633760&perks=3161816588,4071163871,1194056669
dimwishlist:item=1185633760&perks=3161816588,4071163871,47981717
dimwishlist:item=1185633760&perks=2579169598,1194056669,47981717
dimwishlist:item=1185633760&perks=3161816588,1194056669,47981717
dimwishlist:item=1185633760&perks=4071163871,1194056669,47981717
dimwishlist:item=1185633760&perks=2579169598,1194056669
dimwishlist:item=1185633760&perks=2579169598,47981717
dimwishlist:item=1185633760&perks=3161816588,1194056669
dimwishlist:item=1185633760&perks=3161816588,47981717
dimwishlist:item=1185633760&perks=4071163871,1194056669
dimwishlist:item=1185633760&perks=4071163871,47981717

// itemHash=51129316 (alternate item version)
// perks: Lone Wolf=2579169598; Slideshot=3161816588; Threat Detector=4071163871; Closing Time=1194056669; Opening Shot=47981717
//notes: Daltnix tags:pvp
dimwishlist:item=51129316&perks=2579169598,3161816588,4071163871,1194056669,47981717
dimwishlist:item=51129316&perks=2579169598,3161816588,4071163871,1194056669
dimwishlist:item=51129316&perks=2579169598,3161816588,4071163871,47981717
dimwishlist:item=51129316&perks=2579169598,3161816588,1194056669,47981717
dimwishlist:item=51129316&perks=2579169598,4071163871,1194056669,47981717
dimwishlist:item=51129316&perks=3161816588,4071163871,1194056669,47981717
dimwishlist:item=51129316&perks=2579169598,3161816588,1194056669
dimwishlist:item=51129316&perks=2579169598,3161816588,47981717
dimwishlist:item=51129316&perks=2579169598,4071163871,1194056669
dimwishlist:item=51129316&perks=2579169598,4071163871,47981717
dimwishlist:item=51129316&perks=3161816588,4071163871,1194056669
dimwishlist:item=51129316&perks=3161816588,4071163871,47981717
dimwishlist:item=51129316&perks=2579169598,1194056669,47981717
dimwishlist:item=51129316&perks=3161816588,1194056669,47981717
dimwishlist:item=51129316&perks=4071163871,1194056669,47981717
dimwishlist:item=51129316&perks=2579169598,1194056669
dimwishlist:item=51129316&perks=2579169598,47981717
dimwishlist:item=51129316&perks=3161816588,1194056669
dimwishlist:item=51129316&perks=3161816588,47981717
dimwishlist:item=51129316&perks=4071163871,1194056669
dimwishlist:item=51129316&perks=4071163871,47981717

// #9 M-17 "Fast Talker"
// itemHash=2770035786
// perks: Dynamic Sway Reduction=1359896290; Delicate Tuning=307683764; Killing Wind=2450788523; Target Lock=365154968; Kill Clip=1015611457; Tap the Trigger=1890422124; Master of Arms=3081867624
//notes: Daltnix tags:pvp
dimwishlist:item=2770035786&perks=1359896290,307683764,2450788523,365154968,1015611457,1890422124,3081867624
dimwishlist:item=2770035786&perks=1359896290,307683764,2450788523,365154968,1015611457,1890422124
dimwishlist:item=2770035786&perks=1359896290,307683764,2450788523,365154968,1015611457,3081867624
dimwishlist:item=2770035786&perks=1359896290,307683764,2450788523,365154968,1890422124,3081867624
dimwishlist:item=2770035786&perks=1359896290,307683764,2450788523,1015611457,1890422124,3081867624
dimwishlist:item=2770035786&perks=1359896290,307683764,365154968,1015611457,1890422124,3081867624
dimwishlist:item=2770035786&perks=1359896290,2450788523,365154968,1015611457,1890422124,3081867624
dimwishlist:item=2770035786&perks=307683764,2450788523,365154968,1015611457,1890422124,3081867624
dimwishlist:item=2770035786&perks=1359896290,307683764,2450788523,365154968,1015611457
dimwishlist:item=2770035786&perks=1359896290,307683764,2450788523,365154968,1890422124
dimwishlist:item=2770035786&perks=1359896290,307683764,2450788523,365154968,3081867624
dimwishlist:item=2770035786&perks=1359896290,307683764,2450788523,1015611457,1890422124
dimwishlist:item=2770035786&perks=1359896290,307683764,2450788523,1015611457,3081867624
dimwishlist:item=2770035786&perks=1359896290,307683764,2450788523,1890422124,3081867624
dimwishlist:item=2770035786&perks=1359896290,307683764,365154968,1015611457,1890422124
dimwishlist:item=2770035786&perks=1359896290,307683764,365154968,1015611457,3081867624
dimwishlist:item=2770035786&perks=1359896290,307683764,365154968,1890422124,3081867624
dimwishlist:item=2770035786&perks=1359896290,307683764,1015611457,1890422124,3081867624
dimwishlist:item=2770035786&perks=1359896290,2450788523,365154968,1015611457,1890422124
dimwishlist:item=2770035786&perks=1359896290,2450788523,365154968,1015611457,3081867624
dimwishlist:item=2770035786&perks=1359896290,2450788523,365154968,1890422124,3081867624
dimwishlist:item=2770035786&perks=1359896290,2450788523,1015611457,1890422124,3081867624
dimwishlist:item=2770035786&perks=307683764,2450788523,365154968,1015611457,1890422124
dimwishlist:item=2770035786&perks=307683764,2450788523,365154968,1015611457,3081867624
dimwishlist:item=2770035786&perks=307683764,2450788523,365154968,1890422124,3081867624
dimwishlist:item=2770035786&perks=307683764,2450788523,1015611457,1890422124,3081867624
dimwishlist:item=2770035786&perks=1359896290,365154968,1015611457,1890422124,3081867624
dimwishlist:item=2770035786&perks=307683764,365154968,1015611457,1890422124,3081867624
dimwishlist:item=2770035786&perks=2450788523,365154968,1015611457,1890422124,3081867624
dimwishlist:item=2770035786&perks=1359896290,307683764,2450788523,365154968
dimwishlist:item=2770035786&perks=1359896290,307683764,2450788523,1015611457
dimwishlist:item=2770035786&perks=1359896290,307683764,2450788523,1890422124
dimwishlist:item=2770035786&perks=1359896290,307683764,2450788523,3081867624
dimwishlist:item=2770035786&perks=1359896290,307683764,365154968,1015611457
dimwishlist:item=2770035786&perks=1359896290,307683764,365154968,1890422124
dimwishlist:item=2770035786&perks=1359896290,307683764,365154968,3081867624
dimwishlist:item=2770035786&perks=1359896290,307683764,1015611457,1890422124
dimwishlist:item=2770035786&perks=1359896290,307683764,1015611457,3081867624
dimwishlist:item=2770035786&perks=1359896290,307683764,1890422124,3081867624
dimwishlist:item=2770035786&perks=1359896290,2450788523,365154968,1015611457
dimwishlist:item=2770035786&perks=1359896290,2450788523,365154968,1890422124
dimwishlist:item=2770035786&perks=1359896290,2450788523,365154968,3081867624
dimwishlist:item=2770035786&perks=1359896290,2450788523,1015611457,1890422124
dimwishlist:item=2770035786&perks=1359896290,2450788523,1015611457,3081867624
dimwishlist:item=2770035786&perks=1359896290,2450788523,1890422124,3081867624
dimwishlist:item=2770035786&perks=307683764,2450788523,365154968,1015611457
dimwishlist:item=2770035786&perks=307683764,2450788523,365154968,1890422124
dimwishlist:item=2770035786&perks=307683764,2450788523,365154968,3081867624
dimwishlist:item=2770035786&perks=307683764,2450788523,1015611457,1890422124
dimwishlist:item=2770035786&perks=307683764,2450788523,1015611457,3081867624
dimwishlist:item=2770035786&perks=307683764,2450788523,1890422124,3081867624
dimwishlist:item=2770035786&perks=1359896290,365154968,1015611457,1890422124
dimwishlist:item=2770035786&perks=1359896290,365154968,1015611457,3081867624
dimwishlist:item=2770035786&perks=1359896290,365154968,1890422124,3081867624
dimwishlist:item=2770035786&perks=1359896290,1015611457,1890422124,3081867624
dimwishlist:item=2770035786&perks=307683764,365154968,1015611457,1890422124
dimwishlist:item=2770035786&perks=307683764,365154968,1015611457,3081867624
dimwishlist:item=2770035786&perks=307683764,365154968,1890422124,3081867624
dimwishlist:item=2770035786&perks=307683764,1015611457,1890422124,3081867624
dimwishlist:item=2770035786&perks=2450788523,365154968,1015611457,1890422124
dimwishlist:item=2770035786&perks=2450788523,365154968,1015611457,3081867624
dimwishlist:item=2770035786&perks=2450788523,365154968,1890422124,3081867624
dimwishlist:item=2770035786&perks=2450788523,1015611457,1890422124,3081867624
dimwishlist:item=2770035786&perks=1359896290,307683764,365154968
dimwishlist:item=2770035786&perks=1359896290,307683764,1015611457
dimwishlist:item=2770035786&perks=1359896290,307683764,1890422124
dimwishlist:item=2770035786&perks=1359896290,307683764,3081867624
dimwishlist:item=2770035786&perks=1359896290,2450788523,365154968
dimwishlist:item=2770035786&perks=1359896290,2450788523,1015611457
dimwishlist:item=2770035786&perks=1359896290,2450788523,1890422124
dimwishlist:item=2770035786&perks=1359896290,2450788523,3081867624
dimwishlist:item=2770035786&perks=307683764,2450788523,365154968
dimwishlist:item=2770035786&perks=307683764,2450788523,1015611457
dimwishlist:item=2770035786&perks=307683764,2450788523,1890422124
dimwishlist:item=2770035786&perks=307683764,2450788523,3081867624
dimwishlist:item=2770035786&perks=1359896290,365154968,1015611457
dimwishlist:item=2770035786&perks=1359896290,365154968,1890422124
dimwishlist:item=2770035786&perks=1359896290,365154968,3081867624
dimwishlist:item=2770035786&perks=1359896290,1015611457,1890422124
dimwishlist:item=2770035786&perks=1359896290,1015611457,3081867624
dimwishlist:item=2770035786&perks=1359896290,1890422124,3081867624
dimwishlist:item=2770035786&perks=307683764,365154968,1015611457
dimwishlist:item=2770035786&perks=307683764,365154968,1890422124
dimwishlist:item=2770035786&perks=307683764,365154968,3081867624
dimwishlist:item=2770035786&perks=307683764,1015611457,1890422124
dimwishlist:item=2770035786&perks=307683764,1015611457,3081867624
dimwishlist:item=2770035786&perks=307683764,1890422124,3081867624
dimwishlist:item=2770035786&perks=2450788523,365154968,1015611457
dimwishlist:item=2770035786&perks=2450788523,365154968,1890422124
dimwishlist:item=2770035786&perks=2450788523,365154968,3081867624
dimwishlist:item=2770035786&perks=2450788523,1015611457,1890422124
dimwishlist:item=2770035786&perks=2450788523,1015611457,3081867624
dimwishlist:item=2770035786&perks=2450788523,1890422124,3081867624
dimwishlist:item=2770035786&perks=1359896290,365154968
dimwishlist:item=2770035786&perks=1359896290,1015611457
dimwishlist:item=2770035786&perks=1359896290,1890422124
dimwishlist:item=2770035786&perks=1359896290,3081867624
dimwishlist:item=2770035786&perks=307683764,365154968
dimwishlist:item=2770035786&perks=307683764,1015611457
dimwishlist:item=2770035786&perks=307683764,1890422124
dimwishlist:item=2770035786&perks=307683764,3081867624
dimwishlist:item=2770035786&perks=2450788523,365154968
dimwishlist:item=2770035786&perks=2450788523,1015611457
dimwishlist:item=2770035786&perks=2450788523,1890422124
dimwishlist:item=2770035786&perks=2450788523,3081867624

// itemHash=1419158093 (alternate item version)
// perks: Dynamic Sway Reduction=1359896290; Delicate Tuning=307683764; Killing Wind=2450788523; Target Lock=365154968; Kill Clip=1015611457; Tap the Trigger=1890422124; Master of Arms=3081867624
//notes: Daltnix tags:pvp
dimwishlist:item=1419158093&perks=1359896290,307683764,2450788523,365154968,1015611457,1890422124,3081867624
dimwishlist:item=1419158093&perks=1359896290,307683764,2450788523,365154968,1015611457,1890422124
dimwishlist:item=1419158093&perks=1359896290,307683764,2450788523,365154968,1015611457,3081867624
dimwishlist:item=1419158093&perks=1359896290,307683764,2450788523,365154968,1890422124,3081867624
dimwishlist:item=1419158093&perks=1359896290,307683764,2450788523,1015611457,1890422124,3081867624
dimwishlist:item=1419158093&perks=1359896290,307683764,365154968,1015611457,1890422124,3081867624
dimwishlist:item=1419158093&perks=1359896290,2450788523,365154968,1015611457,1890422124,3081867624
dimwishlist:item=1419158093&perks=307683764,2450788523,365154968,1015611457,1890422124,3081867624
dimwishlist:item=1419158093&perks=1359896290,307683764,2450788523,365154968,1015611457
dimwishlist:item=1419158093&perks=1359896290,307683764,2450788523,365154968,1890422124
dimwishlist:item=1419158093&perks=1359896290,307683764,2450788523,365154968,3081867624
dimwishlist:item=1419158093&perks=1359896290,307683764,2450788523,1015611457,1890422124
dimwishlist:item=1419158093&perks=1359896290,307683764,2450788523,1015611457,3081867624
dimwishlist:item=1419158093&perks=1359896290,307683764,2450788523,1890422124,3081867624
dimwishlist:item=1419158093&perks=1359896290,307683764,365154968,1015611457,1890422124
dimwishlist:item=1419158093&perks=1359896290,307683764,365154968,1015611457,3081867624
dimwishlist:item=1419158093&perks=1359896290,307683764,365154968,1890422124,3081867624
dimwishlist:item=1419158093&perks=1359896290,307683764,1015611457,1890422124,3081867624
dimwishlist:item=1419158093&perks=1359896290,2450788523,365154968,1015611457,1890422124
dimwishlist:item=1419158093&perks=1359896290,2450788523,365154968,1015611457,3081867624
dimwishlist:item=1419158093&perks=1359896290,2450788523,365154968,1890422124,3081867624
dimwishlist:item=1419158093&perks=1359896290,2450788523,1015611457,1890422124,3081867624
dimwishlist:item=1419158093&perks=307683764,2450788523,365154968,1015611457,1890422124
dimwishlist:item=1419158093&perks=307683764,2450788523,365154968,1015611457,3081867624
dimwishlist:item=1419158093&perks=307683764,2450788523,365154968,1890422124,3081867624
dimwishlist:item=1419158093&perks=307683764,2450788523,1015611457,1890422124,3081867624
dimwishlist:item=1419158093&perks=1359896290,365154968,1015611457,1890422124,3081867624
dimwishlist:item=1419158093&perks=307683764,365154968,1015611457,1890422124,3081867624
dimwishlist:item=1419158093&perks=2450788523,365154968,1015611457,1890422124,3081867624
dimwishlist:item=1419158093&perks=1359896290,307683764,2450788523,365154968
dimwishlist:item=1419158093&perks=1359896290,307683764,2450788523,1015611457
dimwishlist:item=1419158093&perks=1359896290,307683764,2450788523,1890422124
dimwishlist:item=1419158093&perks=1359896290,307683764,2450788523,3081867624
dimwishlist:item=1419158093&perks=1359896290,307683764,365154968,1015611457
dimwishlist:item=1419158093&perks=1359896290,307683764,365154968,1890422124
dimwishlist:item=1419158093&perks=1359896290,307683764,365154968,3081867624
dimwishlist:item=1419158093&perks=1359896290,307683764,1015611457,1890422124
dimwishlist:item=1419158093&perks=1359896290,307683764,1015611457,3081867624
dimwishlist:item=1419158093&perks=1359896290,307683764,1890422124,3081867624
dimwishlist:item=1419158093&perks=1359896290,2450788523,365154968,1015611457
dimwishlist:item=1419158093&perks=1359896290,2450788523,365154968,1890422124
dimwishlist:item=1419158093&perks=1359896290,2450788523,365154968,3081867624
dimwishlist:item=1419158093&perks=1359896290,2450788523,1015611457,1890422124
dimwishlist:item=1419158093&perks=1359896290,2450788523,1015611457,3081867624
dimwishlist:item=1419158093&perks=1359896290,2450788523,1890422124,3081867624
dimwishlist:item=1419158093&perks=307683764,2450788523,365154968,1015611457
dimwishlist:item=1419158093&perks=307683764,2450788523,365154968,1890422124
dimwishlist:item=1419158093&perks=307683764,2450788523,365154968,3081867624
dimwishlist:item=1419158093&perks=307683764,2450788523,1015611457,1890422124
dimwishlist:item=1419158093&perks=307683764,2450788523,1015611457,3081867624
dimwishlist:item=1419158093&perks=307683764,2450788523,1890422124,3081867624
dimwishlist:item=1419158093&perks=1359896290,365154968,1015611457,1890422124
dimwishlist:item=1419158093&perks=1359896290,365154968,1015611457,3081867624
dimwishlist:item=1419158093&perks=1359896290,365154968,1890422124,3081867624
dimwishlist:item=1419158093&perks=1359896290,1015611457,1890422124,3081867624
dimwishlist:item=1419158093&perks=307683764,365154968,1015611457,1890422124
dimwishlist:item=1419158093&perks=307683764,365154968,1015611457,3081867624
dimwishlist:item=1419158093&perks=307683764,365154968,1890422124,3081867624
dimwishlist:item=1419158093&perks=307683764,1015611457,1890422124,3081867624
dimwishlist:item=1419158093&perks=2450788523,365154968,1015611457,1890422124
dimwishlist:item=1419158093&perks=2450788523,365154968,1015611457,3081867624
dimwishlist:item=1419158093&perks=2450788523,365154968,1890422124,3081867624
dimwishlist:item=1419158093&perks=2450788523,1015611457,1890422124,3081867624
dimwishlist:item=1419158093&perks=1359896290,307683764,365154968
dimwishlist:item=1419158093&perks=1359896290,307683764,1015611457
dimwishlist:item=1419158093&perks=1359896290,307683764,1890422124
dimwishlist:item=1419158093&perks=1359896290,307683764,3081867624
dimwishlist:item=1419158093&perks=1359896290,2450788523,365154968
dimwishlist:item=1419158093&perks=1359896290,2450788523,1015611457
dimwishlist:item=1419158093&perks=1359896290,2450788523,1890422124
dimwishlist:item=1419158093&perks=1359896290,2450788523,3081867624
dimwishlist:item=1419158093&perks=307683764,2450788523,365154968
dimwishlist:item=1419158093&perks=307683764,2450788523,1015611457
dimwishlist:item=1419158093&perks=307683764,2450788523,1890422124
dimwishlist:item=1419158093&perks=307683764,2450788523,3081867624
dimwishlist:item=1419158093&perks=1359896290,365154968,1015611457
dimwishlist:item=1419158093&perks=1359896290,365154968,1890422124
dimwishlist:item=1419158093&perks=1359896290,365154968,3081867624
dimwishlist:item=1419158093&perks=1359896290,1015611457,1890422124
dimwishlist:item=1419158093&perks=1359896290,1015611457,3081867624
dimwishlist:item=1419158093&perks=1359896290,1890422124,3081867624
dimwishlist:item=1419158093&perks=307683764,365154968,1015611457
dimwishlist:item=1419158093&perks=307683764,365154968,1890422124
dimwishlist:item=1419158093&perks=307683764,365154968,3081867624
dimwishlist:item=1419158093&perks=307683764,1015611457,1890422124
dimwishlist:item=1419158093&perks=307683764,1015611457,3081867624
dimwishlist:item=1419158093&perks=307683764,1890422124,3081867624
dimwishlist:item=1419158093&perks=2450788523,365154968,1015611457
dimwishlist:item=1419158093&perks=2450788523,365154968,1890422124
dimwishlist:item=1419158093&perks=2450788523,365154968,3081867624
dimwishlist:item=1419158093&perks=2450788523,1015611457,1890422124
dimwishlist:item=1419158093&perks=2450788523,1015611457,3081867624
dimwishlist:item=1419158093&perks=2450788523,1890422124,3081867624
dimwishlist:item=1419158093&perks=1359896290,365154968
dimwishlist:item=1419158093&perks=1359896290,1015611457
dimwishlist:item=1419158093&perks=1359896290,1890422124
dimwishlist:item=1419158093&perks=1359896290,3081867624
dimwishlist:item=1419158093&perks=307683764,365154968
dimwishlist:item=1419158093&perks=307683764,1015611457
dimwishlist:item=1419158093&perks=307683764,1890422124
dimwishlist:item=1419158093&perks=307683764,3081867624
dimwishlist:item=1419158093&perks=2450788523,365154968
dimwishlist:item=1419158093&perks=2450788523,1015611457
dimwishlist:item=1419158093&perks=2450788523,1890422124
dimwishlist:item=1419158093&perks=2450788523,3081867624

// #10 The Last Word
// itemHash=1364093401 (exotic, fixed roll)
//notes: Daltnix tags:pvp
dimwishlist:item=1364093401&perks=2770223582

// #11 High Tyrant
// itemHash=2873508409
// perks: Delicate Tuning=307683764; Rapid Hit=247725512; Master of Arms=3081867624; Headseeker=460017080
//notes: Daltnix tags:pvp
dimwishlist:item=2873508409&perks=307683764,247725512,3081867624,460017080
dimwishlist:item=2873508409&perks=307683764,247725512,3081867624
dimwishlist:item=2873508409&perks=307683764,247725512,460017080
dimwishlist:item=2873508409&perks=307683764,3081867624,460017080
dimwishlist:item=2873508409&perks=247725512,3081867624,460017080
dimwishlist:item=2873508409&perks=307683764,3081867624
dimwishlist:item=2873508409&perks=307683764,460017080
dimwishlist:item=2873508409&perks=247725512,3081867624
dimwishlist:item=2873508409&perks=247725512,460017080

// #12 Ace of Spades
// itemHash=347366834 (exotic, fixed roll)
//notes: Daltnix tags:pvp
dimwishlist:item=347366834&perks=647617635

// #13 Redrix's Estoc
// itemHash=747743636
// perks: Lone Wolf=2579169598; Zen Moment=2387244414; Headseeker=460017080; Kill Clip=1015611457; Elemental Honing=1089671869
//notes: Daltnix tags:pvp
dimwishlist:item=747743636&perks=2579169598,2387244414,460017080,1015611457,1089671869
dimwishlist:item=747743636&perks=2579169598,2387244414,460017080,1015611457
dimwishlist:item=747743636&perks=2579169598,2387244414,460017080,1089671869
dimwishlist:item=747743636&perks=2579169598,2387244414,1015611457,1089671869
dimwishlist:item=747743636&perks=2579169598,460017080,1015611457,1089671869
dimwishlist:item=747743636&perks=2387244414,460017080,1015611457,1089671869
dimwishlist:item=747743636&perks=2579169598,2387244414,460017080
dimwishlist:item=747743636&perks=2579169598,2387244414,1015611457
dimwishlist:item=747743636&perks=2579169598,2387244414,1089671869
dimwishlist:item=747743636&perks=2579169598,460017080,1015611457
dimwishlist:item=747743636&perks=2579169598,460017080,1089671869
dimwishlist:item=747743636&perks=2579169598,1015611457,1089671869
dimwishlist:item=747743636&perks=2387244414,460017080,1015611457
dimwishlist:item=747743636&perks=2387244414,460017080,1089671869
dimwishlist:item=747743636&perks=2387244414,1015611457,1089671869
dimwishlist:item=747743636&perks=2579169598,460017080
dimwishlist:item=747743636&perks=2579169598,1015611457
dimwishlist:item=747743636&perks=2579169598,1089671869
dimwishlist:item=747743636&perks=2387244414,460017080
dimwishlist:item=747743636&perks=2387244414,1015611457
dimwishlist:item=747743636&perks=2387244414,1089671869

// #14 Modified B-7 Pistol
// itemHash=1872906663
// perks: Keep Away=3619207468; Delicate Tuning=307683764; Eye of the Storm=699525795; Opening Shot=47981717
//notes: Daltnix tags:pvp
dimwishlist:item=1872906663&perks=3619207468,307683764,699525795,47981717
dimwishlist:item=1872906663&perks=3619207468,307683764,699525795
dimwishlist:item=1872906663&perks=3619207468,307683764,47981717
dimwishlist:item=1872906663&perks=3619207468,699525795,47981717
dimwishlist:item=1872906663&perks=307683764,699525795,47981717
dimwishlist:item=1872906663&perks=3619207468,699525795
dimwishlist:item=1872906663&perks=3619207468,47981717
dimwishlist:item=1872906663&perks=307683764,699525795
dimwishlist:item=1872906663&perks=307683764,47981717

// itemHash=3146657388 (alternate item version)
// perks: Keep Away=3619207468; Delicate Tuning=307683764; Eye of the Storm=699525795; Opening Shot=47981717
//notes: Daltnix tags:pvp
dimwishlist:item=3146657388&perks=3619207468,307683764,699525795,47981717
dimwishlist:item=3146657388&perks=3619207468,307683764,699525795
dimwishlist:item=3146657388&perks=3619207468,307683764,47981717
dimwishlist:item=3146657388&perks=3619207468,699525795,47981717
dimwishlist:item=3146657388&perks=307683764,699525795,47981717
dimwishlist:item=3146657388&perks=3619207468,699525795
dimwishlist:item=3146657388&perks=3619207468,47981717
dimwishlist:item=3146657388&perks=307683764,699525795
dimwishlist:item=3146657388&perks=307683764,47981717

// #15 The Jade Rabbit
// itemHash=3844694310 (exotic, fixed roll)
//notes: Daltnix tags:pvp
dimwishlist:item=3844694310&perks=3668782036

// #16 No Hesitation
// itemHash=1801007332
// perks: Physic=2980589453; Circle of Life=2298656195
//notes: Daltnix tags:pvp
dimwishlist:item=1801007332&perks=2980589453,2298656195

// #17 Triple Laureate
// itemHash=2908653246
// perks: Rangefinder=2846385770; Opening Shot=47981717; Trench Barrel=2360754333; One-Two Punch=2679249093
//notes: Daltnix tags:pvp
dimwishlist:item=2908653246&perks=2846385770,47981717,2360754333,2679249093
dimwishlist:item=2908653246&perks=2846385770,47981717,2360754333
dimwishlist:item=2908653246&perks=2846385770,47981717,2679249093
dimwishlist:item=2908653246&perks=2846385770,2360754333,2679249093
dimwishlist:item=2908653246&perks=2846385770,47981717
dimwishlist:item=2908653246&perks=2846385770,2360754333
dimwishlist:item=2908653246&perks=2846385770,2679249093

// itemHash=1605599021 (alternate item version)
// perks: Rangefinder=2846385770; Opening Shot=47981717; Trench Barrel=2360754333; One-Two Punch=2679249093
//notes: Daltnix tags:pvp
dimwishlist:item=1605599021&perks=2846385770,47981717,2360754333,2679249093
dimwishlist:item=1605599021&perks=2846385770,47981717,2360754333
dimwishlist:item=1605599021&perks=2846385770,47981717,2679249093
dimwishlist:item=1605599021&perks=2846385770,2360754333,2679249093
dimwishlist:item=1605599021&perks=2846385770,47981717
dimwishlist:item=1605599021&perks=2846385770,2360754333
dimwishlist:item=1605599021&perks=2846385770,2679249093

// #18 Eyasluna
// itemHash=386864872
// perks: Zen Moment=2387244414; Slideshot=3161816588; Rangefinder=2846385770; Moving Target=588594999; Precision Instrument=555281244
//notes: Daltnix tags:pvp
dimwishlist:item=386864872&perks=2387244414,3161816588,2846385770,588594999,555281244
dimwishlist:item=386864872&perks=2387244414,3161816588,2846385770,588594999
dimwishlist:item=386864872&perks=2387244414,3161816588,2846385770,555281244
dimwishlist:item=386864872&perks=2387244414,3161816588,588594999,555281244
dimwishlist:item=386864872&perks=2387244414,2846385770,588594999,555281244
dimwishlist:item=386864872&perks=3161816588,2846385770,588594999,555281244
dimwishlist:item=386864872&perks=2387244414,3161816588,588594999
dimwishlist:item=386864872&perks=2387244414,3161816588,555281244
dimwishlist:item=386864872&perks=2387244414,2846385770,588594999
dimwishlist:item=386864872&perks=2387244414,2846385770,555281244
dimwishlist:item=386864872&perks=3161816588,2846385770,588594999
dimwishlist:item=386864872&perks=3161816588,2846385770,555281244
dimwishlist:item=386864872&perks=2387244414,588594999,555281244
dimwishlist:item=386864872&perks=3161816588,588594999,555281244
dimwishlist:item=386864872&perks=2846385770,588594999,555281244
dimwishlist:item=386864872&perks=2387244414,588594999
dimwishlist:item=386864872&perks=2387244414,555281244
dimwishlist:item=386864872&perks=3161816588,588594999
dimwishlist:item=386864872&perks=3161816588,555281244
dimwishlist:item=386864872&perks=2846385770,588594999
dimwishlist:item=386864872&perks=2846385770,555281244

// #19 Felwinter's Lie
// itemHash=218787950
// perks: Slideshot=3161816588; Lone Wolf=2579169598; Threat Detector=4071163871; Opening Shot=47981717; Iron Reach=591790007; Closing Time=1194056669
//notes: Daltnix tags:pvp
dimwishlist:item=218787950&perks=3161816588,2579169598,4071163871,47981717,591790007,1194056669
dimwishlist:item=218787950&perks=3161816588,2579169598,4071163871,47981717,591790007
dimwishlist:item=218787950&perks=3161816588,2579169598,4071163871,47981717,1194056669
dimwishlist:item=218787950&perks=3161816588,2579169598,4071163871,591790007,1194056669
dimwishlist:item=218787950&perks=3161816588,2579169598,47981717,591790007,1194056669
dimwishlist:item=218787950&perks=3161816588,4071163871,47981717,591790007,1194056669
dimwishlist:item=218787950&perks=2579169598,4071163871,47981717,591790007,1194056669
dimwishlist:item=218787950&perks=3161816588,2579169598,4071163871,47981717
dimwishlist:item=218787950&perks=3161816588,2579169598,4071163871,591790007
dimwishlist:item=218787950&perks=3161816588,2579169598,4071163871,1194056669
dimwishlist:item=218787950&perks=3161816588,2579169598,47981717,591790007
dimwishlist:item=218787950&perks=3161816588,2579169598,47981717,1194056669
dimwishlist:item=218787950&perks=3161816588,2579169598,591790007,1194056669
dimwishlist:item=218787950&perks=3161816588,4071163871,47981717,591790007
dimwishlist:item=218787950&perks=3161816588,4071163871,47981717,1194056669
dimwishlist:item=218787950&perks=3161816588,4071163871,591790007,1194056669
dimwishlist:item=218787950&perks=2579169598,4071163871,47981717,591790007
dimwishlist:item=218787950&perks=2579169598,4071163871,47981717,1194056669
dimwishlist:item=218787950&perks=2579169598,4071163871,591790007,1194056669
dimwishlist:item=218787950&perks=3161816588,47981717,591790007,1194056669
dimwishlist:item=218787950&perks=2579169598,47981717,591790007,1194056669
dimwishlist:item=218787950&perks=4071163871,47981717,591790007,1194056669
dimwishlist:item=218787950&perks=3161816588,2579169598,47981717
dimwishlist:item=218787950&perks=3161816588,2579169598,591790007
dimwishlist:item=218787950&perks=3161816588,2579169598,1194056669
dimwishlist:item=218787950&perks=3161816588,4071163871,47981717
dimwishlist:item=218787950&perks=3161816588,4071163871,591790007
dimwishlist:item=218787950&perks=3161816588,4071163871,1194056669
dimwishlist:item=218787950&perks=2579169598,4071163871,47981717
dimwishlist:item=218787950&perks=2579169598,4071163871,591790007
dimwishlist:item=218787950&perks=2579169598,4071163871,1194056669
dimwishlist:item=218787950&perks=3161816588,47981717,591790007
dimwishlist:item=218787950&perks=3161816588,47981717,1194056669
dimwishlist:item=218787950&perks=3161816588,591790007,1194056669
dimwishlist:item=218787950&perks=2579169598,47981717,591790007
dimwishlist:item=218787950&perks=2579169598,47981717,1194056669
dimwishlist:item=218787950&perks=2579169598,591790007,1194056669
dimwishlist:item=218787950&perks=4071163871,47981717,591790007
dimwishlist:item=218787950&perks=4071163871,47981717,1194056669
dimwishlist:item=218787950&perks=4071163871,591790007,1194056669
dimwishlist:item=218787950&perks=3161816588,47981717
dimwishlist:item=218787950&perks=3161816588,591790007
dimwishlist:item=218787950&perks=3161816588,1194056669
dimwishlist:item=218787950&perks=2579169598,47981717
dimwishlist:item=218787950&perks=2579169598,591790007
dimwishlist:item=218787950&perks=2579169598,1194056669
dimwishlist:item=218787950&perks=4071163871,47981717
dimwishlist:item=218787950&perks=4071163871,591790007
dimwishlist:item=218787950&perks=4071163871,1194056669

// #20 Vex Mythoclast
// itemHash=4289226715 (exotic, fixed roll)
//notes: Daltnix tags:pvp
dimwishlist:item=4289226715&perks=3610750208

// END GENERATED PVP WEAPONS

// BEGIN GENERATED CRUCIBLEGUIDEBOOK PVP
// Source: r/CrucibleGuidebook recent recommendations (June-July 2026, post Monument of Triumph). Threads: final PvP meta, this is the final meta, Best hand cannons, best sniper, Top 10 primaries god rolls, Godroll guide/tierlist, Iron Banner god rolls, best weapons each type, Solemn Remembrance/Rose/Spare/Crimil's/Solemn Lie god roll threads, Null Composure, Messenger, best snipers, best fusions, fastest sidearm, submission, 1000 Yard Stare, Randy's Throwing Knife (Precision Instrument / Kinetic Tremors current-version rolls), Positive Outlook is incredible (Mega Kill Clip), Joxer's Longsword w/ Withering Gaze, Out of Bounds SMG (Rangefinder / DSR), Better Devils god roll threads (Perpetual Motion / Zen Moment / Slice), Forward Path vs Summoner (DSR / Tap the Trigger), Unending Tempest what to look for (Target Lock / max range), Gnawing Hunger to Sorrow's Verse (Zen Moment + Kill Clip / Target Lock), Frozen Orbit appreciation (Lone Wolf / Opening Shot / Snapshot), Lethal Abundance chase/opinions (Slice + Onslaught / Target Lock / Tap the Trigger), revised Finite Impactor (Slideways / Fragile Focus + Precision Instrument / Moving Target / Magnificent Howl, plus Iron/Elemental Capacitor stat perks), Point of the Stag (Archer's Tempo + Swashbuckler / Precision Instrument / Vorpal, No Distractions stealth). Only perks named by commenters are included; perks not in a weapon's manifest sockets are dropped automatically.
// #1 Rose
// itemHash=1041028434
// perks: Slideshot=3161816588; Keep Away=3619207468; Rapid Hit=247725512; Moving Target=588594999; Precision Instrument=555281244; Eye of the Storm=699525795; Explosive Payload=3038247973; Opening Shot=47981717; Rangefinder=2846385770; Magnificent Howl=2720533289
//notes: CrucibleGuidebook tags:pvp
dimwishlist:item=1041028434&perks=3161816588,3619207468,247725512,588594999,555281244,699525795,3038247973,47981717,2846385770,2720533289
dimwishlist:item=1041028434&perks=3161816588,3619207468,247725512,588594999,555281244,699525795,3038247973,47981717,2846385770
dimwishlist:item=1041028434&perks=3161816588,3619207468,247725512,588594999,555281244,699525795,3038247973,47981717,2720533289
dimwishlist:item=1041028434&perks=3161816588,3619207468,247725512,588594999,555281244,699525795,3038247973,2846385770,2720533289
dimwishlist:item=1041028434&perks=3161816588,3619207468,247725512,588594999,555281244,699525795,47981717,2846385770,2720533289
dimwishlist:item=1041028434&perks=3161816588,3619207468,247725512,588594999,555281244,3038247973,47981717,2846385770,2720533289
dimwishlist:item=1041028434&perks=3161816588,3619207468,247725512,588594999,699525795,3038247973,47981717,2846385770,2720533289
dimwishlist:item=1041028434&perks=3161816588,3619207468,247725512,555281244,699525795,3038247973,47981717,2846385770,2720533289
dimwishlist:item=1041028434&perks=3161816588,3619207468,588594999,555281244,699525795,3038247973,47981717,2846385770,2720533289
dimwishlist:item=1041028434&perks=3161816588,247725512,588594999,555281244,699525795,3038247973,47981717,2846385770,2720533289
dimwishlist:item=1041028434&perks=3619207468,247725512,588594999,555281244,699525795,3038247973,47981717,2846385770,2720533289
dimwishlist:item=1041028434&perks=3161816588,3619207468,247725512,588594999,555281244,699525795,3038247973,47981717
dimwishlist:item=1041028434&perks=3161816588,3619207468,247725512,588594999,555281244,699525795,3038247973,2846385770
dimwishlist:item=1041028434&perks=3161816588,3619207468,247725512,588594999,555281244,699525795,3038247973,2720533289
dimwishlist:item=1041028434&perks=3161816588,3619207468,247725512,588594999,555281244,699525795,47981717,2846385770
dimwishlist:item=1041028434&perks=3161816588,3619207468,247725512,588594999,555281244,699525795,47981717,2720533289
dimwishlist:item=1041028434&perks=3161816588,3619207468,247725512,588594999,555281244,699525795,2846385770,2720533289
dimwishlist:item=1041028434&perks=3161816588,3619207468,247725512,588594999,555281244,3038247973,47981717,2846385770
dimwishlist:item=1041028434&perks=3161816588,3619207468,247725512,588594999,555281244,3038247973,47981717,2720533289
dimwishlist:item=1041028434&perks=3161816588,3619207468,247725512,588594999,555281244,3038247973,2846385770,2720533289
dimwishlist:item=1041028434&perks=3161816588,3619207468,247725512,588594999,555281244,47981717,2846385770,2720533289
dimwishlist:item=1041028434&perks=3161816588,3619207468,247725512,588594999,699525795,3038247973,47981717,2846385770
dimwishlist:item=1041028434&perks=3161816588,3619207468,247725512,588594999,699525795,3038247973,47981717,2720533289
dimwishlist:item=1041028434&perks=3161816588,3619207468,247725512,588594999,699525795,3038247973,2846385770,2720533289
dimwishlist:item=1041028434&perks=3161816588,3619207468,247725512,588594999,699525795,47981717,2846385770,2720533289
dimwishlist:item=1041028434&perks=3161816588,3619207468,247725512,588594999,3038247973,47981717,2846385770,2720533289
dimwishlist:item=1041028434&perks=3161816588,3619207468,247725512,555281244,699525795,3038247973,47981717,2846385770
dimwishlist:item=1041028434&perks=3161816588,3619207468,247725512,555281244,699525795,3038247973,47981717,2720533289
dimwishlist:item=1041028434&perks=3161816588,3619207468,247725512,555281244,699525795,3038247973,2846385770,2720533289
dimwishlist:item=1041028434&perks=3161816588,3619207468,247725512,555281244,699525795,47981717,2846385770,2720533289
dimwishlist:item=1041028434&perks=3161816588,3619207468,247725512,555281244,3038247973,47981717,2846385770,2720533289
dimwishlist:item=1041028434&perks=3161816588,3619207468,247725512,699525795,3038247973,47981717,2846385770,2720533289
dimwishlist:item=1041028434&perks=3161816588,3619207468,588594999,555281244,699525795,3038247973,47981717,2846385770
dimwishlist:item=1041028434&perks=3161816588,3619207468,588594999,555281244,699525795,3038247973,47981717,2720533289
dimwishlist:item=1041028434&perks=3161816588,3619207468,588594999,555281244,699525795,3038247973,2846385770,2720533289
dimwishlist:item=1041028434&perks=3161816588,3619207468,588594999,555281244,699525795,47981717,2846385770,2720533289
dimwishlist:item=1041028434&perks=3161816588,3619207468,588594999,555281244,3038247973,47981717,2846385770,2720533289
dimwishlist:item=1041028434&perks=3161816588,3619207468,588594999,699525795,3038247973,47981717,2846385770,2720533289
dimwishlist:item=1041028434&perks=3161816588,247725512,588594999,555281244,699525795,3038247973,47981717,2846385770
dimwishlist:item=1041028434&perks=3161816588,247725512,588594999,555281244,699525795,3038247973,47981717,2720533289
dimwishlist:item=1041028434&perks=3161816588,247725512,588594999,555281244,699525795,3038247973,2846385770,2720533289
dimwishlist:item=1041028434&perks=3161816588,247725512,588594999,555281244,699525795,47981717,2846385770,2720533289
dimwishlist:item=1041028434&perks=3161816588,247725512,588594999,555281244,3038247973,47981717,2846385770,2720533289
dimwishlist:item=1041028434&perks=3161816588,247725512,588594999,699525795,3038247973,47981717,2846385770,2720533289
dimwishlist:item=1041028434&perks=3619207468,247725512,588594999,555281244,699525795,3038247973,47981717,2846385770
dimwishlist:item=1041028434&perks=3619207468,247725512,588594999,555281244,699525795,3038247973,47981717,2720533289
dimwishlist:item=1041028434&perks=3619207468,247725512,588594999,555281244,699525795,3038247973,2846385770,2720533289
dimwishlist:item=1041028434&perks=3619207468,247725512,588594999,555281244,699525795,47981717,2846385770,2720533289
dimwishlist:item=1041028434&perks=3619207468,247725512,588594999,555281244,3038247973,47981717,2846385770,2720533289
dimwishlist:item=1041028434&perks=3619207468,247725512,588594999,699525795,3038247973,47981717,2846385770,2720533289
dimwishlist:item=1041028434&perks=3161816588,3619207468,555281244,699525795,3038247973,47981717,2846385770,2720533289
dimwishlist:item=1041028434&perks=3161816588,247725512,555281244,699525795,3038247973,47981717,2846385770,2720533289
dimwishlist:item=1041028434&perks=3161816588,588594999,555281244,699525795,3038247973,47981717,2846385770,2720533289
dimwishlist:item=1041028434&perks=3619207468,247725512,555281244,699525795,3038247973,47981717,2846385770,2720533289
dimwishlist:item=1041028434&perks=3619207468,588594999,555281244,699525795,3038247973,47981717,2846385770,2720533289
dimwishlist:item=1041028434&perks=247725512,588594999,555281244,699525795,3038247973,47981717,2846385770,2720533289
dimwishlist:item=1041028434&perks=3161816588,3619207468,247725512,588594999,555281244,699525795,3038247973
dimwishlist:item=1041028434&perks=3161816588,3619207468,247725512,588594999,555281244,699525795,47981717
dimwishlist:item=1041028434&perks=3161816588,3619207468,247725512,588594999,555281244,699525795,2846385770
dimwishlist:item=1041028434&perks=3161816588,3619207468,247725512,588594999,555281244,699525795,2720533289
dimwishlist:item=1041028434&perks=3161816588,3619207468,247725512,588594999,555281244,3038247973,47981717
dimwishlist:item=1041028434&perks=3161816588,3619207468,247725512,588594999,555281244,3038247973,2846385770
dimwishlist:item=1041028434&perks=3161816588,3619207468,247725512,588594999,555281244,3038247973,2720533289
dimwishlist:item=1041028434&perks=3161816588,3619207468,247725512,588594999,555281244,47981717,2846385770
dimwishlist:item=1041028434&perks=3161816588,3619207468,247725512,588594999,555281244,47981717,2720533289
dimwishlist:item=1041028434&perks=3161816588,3619207468,247725512,588594999,555281244,2846385770,2720533289
dimwishlist:item=1041028434&perks=3161816588,3619207468,247725512,588594999,699525795,3038247973,47981717
dimwishlist:item=1041028434&perks=3161816588,3619207468,247725512,588594999,699525795,3038247973,2846385770
dimwishlist:item=1041028434&perks=3161816588,3619207468,247725512,588594999,699525795,3038247973,2720533289
dimwishlist:item=1041028434&perks=3161816588,3619207468,247725512,588594999,699525795,47981717,2846385770
dimwishlist:item=1041028434&perks=3161816588,3619207468,247725512,588594999,699525795,47981717,2720533289
dimwishlist:item=1041028434&perks=3161816588,3619207468,247725512,588594999,699525795,2846385770,2720533289
dimwishlist:item=1041028434&perks=3161816588,3619207468,247725512,588594999,3038247973,47981717,2846385770
dimwishlist:item=1041028434&perks=3161816588,3619207468,247725512,588594999,3038247973,47981717,2720533289
dimwishlist:item=1041028434&perks=3161816588,3619207468,247725512,588594999,3038247973,2846385770,2720533289
dimwishlist:item=1041028434&perks=3161816588,3619207468,247725512,588594999,47981717,2846385770,2720533289
dimwishlist:item=1041028434&perks=3161816588,3619207468,247725512,555281244,699525795,3038247973,47981717
dimwishlist:item=1041028434&perks=3161816588,3619207468,247725512,555281244,699525795,3038247973,2846385770
dimwishlist:item=1041028434&perks=3161816588,3619207468,247725512,555281244,699525795,3038247973,2720533289
dimwishlist:item=1041028434&perks=3161816588,3619207468,247725512,555281244,699525795,47981717,2846385770
dimwishlist:item=1041028434&perks=3161816588,3619207468,247725512,555281244,699525795,47981717,2720533289
dimwishlist:item=1041028434&perks=3161816588,3619207468,247725512,555281244,699525795,2846385770,2720533289
dimwishlist:item=1041028434&perks=3161816588,3619207468,247725512,555281244,3038247973,47981717,2846385770
dimwishlist:item=1041028434&perks=3161816588,3619207468,247725512,555281244,3038247973,47981717,2720533289
dimwishlist:item=1041028434&perks=3161816588,3619207468,247725512,555281244,3038247973,2846385770,2720533289
dimwishlist:item=1041028434&perks=3161816588,3619207468,247725512,555281244,47981717,2846385770,2720533289
dimwishlist:item=1041028434&perks=3161816588,3619207468,247725512,699525795,3038247973,47981717,2846385770
dimwishlist:item=1041028434&perks=3161816588,3619207468,247725512,699525795,3038247973,47981717,2720533289
dimwishlist:item=1041028434&perks=3161816588,3619207468,247725512,699525795,3038247973,2846385770,2720533289
dimwishlist:item=1041028434&perks=3161816588,3619207468,247725512,699525795,47981717,2846385770,2720533289
dimwishlist:item=1041028434&perks=3161816588,3619207468,247725512,3038247973,47981717,2846385770,2720533289
dimwishlist:item=1041028434&perks=3161816588,3619207468,588594999,555281244,699525795,3038247973,47981717
dimwishlist:item=1041028434&perks=3161816588,3619207468,588594999,555281244,699525795,3038247973,2846385770
dimwishlist:item=1041028434&perks=3161816588,3619207468,588594999,555281244,699525795,3038247973,2720533289
dimwishlist:item=1041028434&perks=3161816588,3619207468,588594999,555281244,699525795,47981717,2846385770
dimwishlist:item=1041028434&perks=3161816588,3619207468,588594999,555281244,699525795,47981717,2720533289
dimwishlist:item=1041028434&perks=3161816588,3619207468,588594999,555281244,699525795,2846385770,2720533289
dimwishlist:item=1041028434&perks=3161816588,3619207468,588594999,555281244,3038247973,47981717,2846385770
dimwishlist:item=1041028434&perks=3161816588,3619207468,588594999,555281244,3038247973,47981717,2720533289
dimwishlist:item=1041028434&perks=3161816588,3619207468,588594999,555281244,3038247973,2846385770,2720533289
dimwishlist:item=1041028434&perks=3161816588,3619207468,588594999,555281244,47981717,2846385770,2720533289
dimwishlist:item=1041028434&perks=3161816588,3619207468,588594999,699525795,3038247973,47981717,2846385770
dimwishlist:item=1041028434&perks=3161816588,3619207468,588594999,699525795,3038247973,47981717,2720533289
dimwishlist:item=1041028434&perks=3161816588,3619207468,588594999,699525795,3038247973,2846385770,2720533289
dimwishlist:item=1041028434&perks=3161816588,3619207468,588594999,699525795,47981717,2846385770,2720533289
dimwishlist:item=1041028434&perks=3161816588,3619207468,588594999,3038247973,47981717,2846385770,2720533289
dimwishlist:item=1041028434&perks=3161816588,247725512,588594999,555281244,699525795,3038247973,47981717
dimwishlist:item=1041028434&perks=3161816588,247725512,588594999,555281244,699525795,3038247973,2846385770
dimwishlist:item=1041028434&perks=3161816588,247725512,588594999,555281244,699525795,3038247973,2720533289
dimwishlist:item=1041028434&perks=3161816588,247725512,588594999,555281244,699525795,47981717,2846385770
dimwishlist:item=1041028434&perks=3161816588,247725512,588594999,555281244,699525795,47981717,2720533289
dimwishlist:item=1041028434&perks=3161816588,247725512,588594999,555281244,699525795,2846385770,2720533289
dimwishlist:item=1041028434&perks=3161816588,247725512,588594999,555281244,3038247973,47981717,2846385770
dimwishlist:item=1041028434&perks=3161816588,247725512,588594999,555281244,3038247973,47981717,2720533289
dimwishlist:item=1041028434&perks=3161816588,247725512,588594999,555281244,3038247973,2846385770,2720533289
dimwishlist:item=1041028434&perks=3161816588,247725512,588594999,555281244,47981717,2846385770,2720533289
dimwishlist:item=1041028434&perks=3161816588,247725512,588594999,699525795,3038247973,47981717,2846385770
dimwishlist:item=1041028434&perks=3161816588,247725512,588594999,699525795,3038247973,47981717,2720533289
dimwishlist:item=1041028434&perks=3161816588,247725512,588594999,699525795,3038247973,2846385770,2720533289
dimwishlist:item=1041028434&perks=3161816588,247725512,588594999,699525795,47981717,2846385770,2720533289
dimwishlist:item=1041028434&perks=3161816588,247725512,588594999,3038247973,47981717,2846385770,2720533289
dimwishlist:item=1041028434&perks=3619207468,247725512,588594999,555281244,699525795,3038247973,47981717
dimwishlist:item=1041028434&perks=3619207468,247725512,588594999,555281244,699525795,3038247973,2846385770
dimwishlist:item=1041028434&perks=3619207468,247725512,588594999,555281244,699525795,3038247973,2720533289
dimwishlist:item=1041028434&perks=3619207468,247725512,588594999,555281244,699525795,47981717,2846385770
dimwishlist:item=1041028434&perks=3619207468,247725512,588594999,555281244,699525795,47981717,2720533289
dimwishlist:item=1041028434&perks=3619207468,247725512,588594999,555281244,699525795,2846385770,2720533289
dimwishlist:item=1041028434&perks=3619207468,247725512,588594999,555281244,3038247973,47981717,2846385770
dimwishlist:item=1041028434&perks=3619207468,247725512,588594999,555281244,3038247973,47981717,2720533289
dimwishlist:item=1041028434&perks=3619207468,247725512,588594999,555281244,3038247973,2846385770,2720533289
dimwishlist:item=1041028434&perks=3619207468,247725512,588594999,555281244,47981717,2846385770,2720533289
dimwishlist:item=1041028434&perks=3619207468,247725512,588594999,699525795,3038247973,47981717,2846385770
dimwishlist:item=1041028434&perks=3619207468,247725512,588594999,699525795,3038247973,47981717,2720533289
dimwishlist:item=1041028434&perks=3619207468,247725512,588594999,699525795,3038247973,2846385770,2720533289
dimwishlist:item=1041028434&perks=3619207468,247725512,588594999,699525795,47981717,2846385770,2720533289
dimwishlist:item=1041028434&perks=3619207468,247725512,588594999,3038247973,47981717,2846385770,2720533289
dimwishlist:item=1041028434&perks=3161816588,3619207468,555281244,699525795,3038247973,47981717,2846385770
dimwishlist:item=1041028434&perks=3161816588,3619207468,555281244,699525795,3038247973,47981717,2720533289
dimwishlist:item=1041028434&perks=3161816588,3619207468,555281244,699525795,3038247973,2846385770,2720533289
dimwishlist:item=1041028434&perks=3161816588,3619207468,555281244,699525795,47981717,2846385770,2720533289
dimwishlist:item=1041028434&perks=3161816588,3619207468,555281244,3038247973,47981717,2846385770,2720533289
dimwishlist:item=1041028434&perks=3161816588,3619207468,699525795,3038247973,47981717,2846385770,2720533289
dimwishlist:item=1041028434&perks=3161816588,247725512,555281244,699525795,3038247973,47981717,2846385770
dimwishlist:item=1041028434&perks=3161816588,247725512,555281244,699525795,3038247973,47981717,2720533289
dimwishlist:item=1041028434&perks=3161816588,247725512,555281244,699525795,3038247973,2846385770,2720533289
dimwishlist:item=1041028434&perks=3161816588,247725512,555281244,699525795,47981717,2846385770,2720533289
dimwishlist:item=1041028434&perks=3161816588,247725512,555281244,3038247973,47981717,2846385770,2720533289
dimwishlist:item=1041028434&perks=3161816588,247725512,699525795,3038247973,47981717,2846385770,2720533289
dimwishlist:item=1041028434&perks=3161816588,588594999,555281244,699525795,3038247973,47981717,2846385770
dimwishlist:item=1041028434&perks=3161816588,588594999,555281244,699525795,3038247973,47981717,2720533289
dimwishlist:item=1041028434&perks=3161816588,588594999,555281244,699525795,3038247973,2846385770,2720533289
dimwishlist:item=1041028434&perks=3161816588,588594999,555281244,699525795,47981717,2846385770,2720533289
dimwishlist:item=1041028434&perks=3161816588,588594999,555281244,3038247973,47981717,2846385770,2720533289
dimwishlist:item=1041028434&perks=3161816588,588594999,699525795,3038247973,47981717,2846385770,2720533289
dimwishlist:item=1041028434&perks=3619207468,247725512,555281244,699525795,3038247973,47981717,2846385770
dimwishlist:item=1041028434&perks=3619207468,247725512,555281244,699525795,3038247973,47981717,2720533289
dimwishlist:item=1041028434&perks=3619207468,247725512,555281244,699525795,3038247973,2846385770,2720533289
dimwishlist:item=1041028434&perks=3619207468,247725512,555281244,699525795,47981717,2846385770,2720533289
dimwishlist:item=1041028434&perks=3619207468,247725512,555281244,3038247973,47981717,2846385770,2720533289
dimwishlist:item=1041028434&perks=3619207468,247725512,699525795,3038247973,47981717,2846385770,2720533289
dimwishlist:item=1041028434&perks=3619207468,588594999,555281244,699525795,3038247973,47981717,2846385770
dimwishlist:item=1041028434&perks=3619207468,588594999,555281244,699525795,3038247973,47981717,2720533289
dimwishlist:item=1041028434&perks=3619207468,588594999,555281244,699525795,3038247973,2846385770,2720533289
dimwishlist:item=1041028434&perks=3619207468,588594999,555281244,699525795,47981717,2846385770,2720533289
dimwishlist:item=1041028434&perks=3619207468,588594999,555281244,3038247973,47981717,2846385770,2720533289
dimwishlist:item=1041028434&perks=3619207468,588594999,699525795,3038247973,47981717,2846385770,2720533289
dimwishlist:item=1041028434&perks=247725512,588594999,555281244,699525795,3038247973,47981717,2846385770
dimwishlist:item=1041028434&perks=247725512,588594999,555281244,699525795,3038247973,47981717,2720533289
dimwishlist:item=1041028434&perks=247725512,588594999,555281244,699525795,3038247973,2846385770,2720533289
dimwishlist:item=1041028434&perks=247725512,588594999,555281244,699525795,47981717,2846385770,2720533289
dimwishlist:item=1041028434&perks=247725512,588594999,555281244,3038247973,47981717,2846385770,2720533289
dimwishlist:item=1041028434&perks=247725512,588594999,699525795,3038247973,47981717,2846385770,2720533289
dimwishlist:item=1041028434&perks=3161816588,555281244,699525795,3038247973,47981717,2846385770,2720533289
dimwishlist:item=1041028434&perks=3619207468,555281244,699525795,3038247973,47981717,2846385770,2720533289
dimwishlist:item=1041028434&perks=247725512,555281244,699525795,3038247973,47981717,2846385770,2720533289
dimwishlist:item=1041028434&perks=588594999,555281244,699525795,3038247973,47981717,2846385770,2720533289
dimwishlist:item=1041028434&perks=3161816588,3619207468,247725512,588594999,555281244,699525795
dimwishlist:item=1041028434&perks=3161816588,3619207468,247725512,588594999,555281244,3038247973
dimwishlist:item=1041028434&perks=3161816588,3619207468,247725512,588594999,555281244,47981717
dimwishlist:item=1041028434&perks=3161816588,3619207468,247725512,588594999,555281244,2846385770
dimwishlist:item=1041028434&perks=3161816588,3619207468,247725512,588594999,555281244,2720533289
dimwishlist:item=1041028434&perks=3161816588,3619207468,247725512,588594999,699525795,3038247973
dimwishlist:item=1041028434&perks=3161816588,3619207468,247725512,588594999,699525795,47981717
dimwishlist:item=1041028434&perks=3161816588,3619207468,247725512,588594999,699525795,2846385770
dimwishlist:item=1041028434&perks=3161816588,3619207468,247725512,588594999,699525795,2720533289
dimwishlist:item=1041028434&perks=3161816588,3619207468,247725512,588594999,3038247973,47981717
dimwishlist:item=1041028434&perks=3161816588,3619207468,247725512,588594999,3038247973,2846385770
dimwishlist:item=1041028434&perks=3161816588,3619207468,247725512,588594999,3038247973,2720533289
dimwishlist:item=1041028434&perks=3161816588,3619207468,247725512,588594999,47981717,2846385770
dimwishlist:item=1041028434&perks=3161816588,3619207468,247725512,588594999,47981717,2720533289
dimwishlist:item=1041028434&perks=3161816588,3619207468,247725512,588594999,2846385770,2720533289
dimwishlist:item=1041028434&perks=3161816588,3619207468,247725512,555281244,699525795,3038247973
dimwishlist:item=1041028434&perks=3161816588,3619207468,247725512,555281244,699525795,47981717
dimwishlist:item=1041028434&perks=3161816588,3619207468,247725512,555281244,699525795,2846385770
dimwishlist:item=1041028434&perks=3161816588,3619207468,247725512,555281244,699525795,2720533289
dimwishlist:item=1041028434&perks=3161816588,3619207468,247725512,555281244,3038247973,47981717
dimwishlist:item=1041028434&perks=3161816588,3619207468,247725512,555281244,3038247973,2846385770
dimwishlist:item=1041028434&perks=3161816588,3619207468,247725512,555281244,3038247973,2720533289
dimwishlist:item=1041028434&perks=3161816588,3619207468,247725512,555281244,47981717,2846385770
dimwishlist:item=1041028434&perks=3161816588,3619207468,247725512,555281244,47981717,2720533289
dimwishlist:item=1041028434&perks=3161816588,3619207468,247725512,555281244,2846385770,2720533289
dimwishlist:item=1041028434&perks=3161816588,3619207468,247725512,699525795,3038247973,47981717
dimwishlist:item=1041028434&perks=3161816588,3619207468,247725512,699525795,3038247973,2846385770
dimwishlist:item=1041028434&perks=3161816588,3619207468,247725512,699525795,3038247973,2720533289
dimwishlist:item=1041028434&perks=3161816588,3619207468,247725512,699525795,47981717,2846385770
dimwishlist:item=1041028434&perks=3161816588,3619207468,247725512,699525795,47981717,2720533289
dimwishlist:item=1041028434&perks=3161816588,3619207468,247725512,699525795,2846385770,2720533289
dimwishlist:item=1041028434&perks=3161816588,3619207468,247725512,3038247973,47981717,2846385770
dimwishlist:item=1041028434&perks=3161816588,3619207468,247725512,3038247973,47981717,2720533289
dimwishlist:item=1041028434&perks=3161816588,3619207468,247725512,3038247973,2846385770,2720533289
dimwishlist:item=1041028434&perks=3161816588,3619207468,247725512,47981717,2846385770,2720533289
dimwishlist:item=1041028434&perks=3161816588,3619207468,588594999,555281244,699525795,3038247973
dimwishlist:item=1041028434&perks=3161816588,3619207468,588594999,555281244,699525795,47981717
dimwishlist:item=1041028434&perks=3161816588,3619207468,588594999,555281244,699525795,2846385770
dimwishlist:item=1041028434&perks=3161816588,3619207468,588594999,555281244,699525795,2720533289
dimwishlist:item=1041028434&perks=3161816588,3619207468,588594999,555281244,3038247973,47981717
dimwishlist:item=1041028434&perks=3161816588,3619207468,588594999,555281244,3038247973,2846385770
dimwishlist:item=1041028434&perks=3161816588,3619207468,588594999,555281244,3038247973,2720533289
dimwishlist:item=1041028434&perks=3161816588,3619207468,588594999,555281244,47981717,2846385770
dimwishlist:item=1041028434&perks=3161816588,3619207468,588594999,555281244,47981717,2720533289
dimwishlist:item=1041028434&perks=3161816588,3619207468,588594999,555281244,2846385770,2720533289
dimwishlist:item=1041028434&perks=3161816588,3619207468,588594999,699525795,3038247973,47981717
dimwishlist:item=1041028434&perks=3161816588,3619207468,588594999,699525795,3038247973,2846385770
dimwishlist:item=1041028434&perks=3161816588,3619207468,588594999,699525795,3038247973,2720533289
dimwishlist:item=1041028434&perks=3161816588,3619207468,588594999,699525795,47981717,2846385770
dimwishlist:item=1041028434&perks=3161816588,3619207468,588594999,699525795,47981717,2720533289
dimwishlist:item=1041028434&perks=3161816588,3619207468,588594999,699525795,2846385770,2720533289
dimwishlist:item=1041028434&perks=3161816588,3619207468,588594999,3038247973,47981717,2846385770
dimwishlist:item=1041028434&perks=3161816588,3619207468,588594999,3038247973,47981717,2720533289
dimwishlist:item=1041028434&perks=3161816588,3619207468,588594999,3038247973,2846385770,2720533289
dimwishlist:item=1041028434&perks=3161816588,3619207468,588594999,47981717,2846385770,2720533289
dimwishlist:item=1041028434&perks=3161816588,247725512,588594999,555281244,699525795,3038247973
dimwishlist:item=1041028434&perks=3161816588,247725512,588594999,555281244,699525795,47981717
dimwishlist:item=1041028434&perks=3161816588,247725512,588594999,555281244,699525795,2846385770
dimwishlist:item=1041028434&perks=3161816588,247725512,588594999,555281244,699525795,2720533289
dimwishlist:item=1041028434&perks=3161816588,247725512,588594999,555281244,3038247973,47981717
dimwishlist:item=1041028434&perks=3161816588,247725512,588594999,555281244,3038247973,2846385770
dimwishlist:item=1041028434&perks=3161816588,247725512,588594999,555281244,3038247973,2720533289
dimwishlist:item=1041028434&perks=3161816588,247725512,588594999,555281244,47981717,2846385770
dimwishlist:item=1041028434&perks=3161816588,247725512,588594999,555281244,47981717,2720533289
dimwishlist:item=1041028434&perks=3161816588,247725512,588594999,555281244,2846385770,2720533289
dimwishlist:item=1041028434&perks=3161816588,247725512,588594999,699525795,3038247973,47981717
dimwishlist:item=1041028434&perks=3161816588,247725512,588594999,699525795,3038247973,2846385770
dimwishlist:item=1041028434&perks=3161816588,247725512,588594999,699525795,3038247973,2720533289
dimwishlist:item=1041028434&perks=3161816588,247725512,588594999,699525795,47981717,2846385770
dimwishlist:item=1041028434&perks=3161816588,247725512,588594999,699525795,47981717,2720533289
dimwishlist:item=1041028434&perks=3161816588,247725512,588594999,699525795,2846385770,2720533289
dimwishlist:item=1041028434&perks=3161816588,247725512,588594999,3038247973,47981717,2846385770
dimwishlist:item=1041028434&perks=3161816588,247725512,588594999,3038247973,47981717,2720533289
dimwishlist:item=1041028434&perks=3161816588,247725512,588594999,3038247973,2846385770,2720533289
dimwishlist:item=1041028434&perks=3161816588,247725512,588594999,47981717,2846385770,2720533289
dimwishlist:item=1041028434&perks=3619207468,247725512,588594999,555281244,699525795,3038247973
dimwishlist:item=1041028434&perks=3619207468,247725512,588594999,555281244,699525795,47981717
dimwishlist:item=1041028434&perks=3619207468,247725512,588594999,555281244,699525795,2846385770
dimwishlist:item=1041028434&perks=3619207468,247725512,588594999,555281244,699525795,2720533289
dimwishlist:item=1041028434&perks=3619207468,247725512,588594999,555281244,3038247973,47981717
dimwishlist:item=1041028434&perks=3619207468,247725512,588594999,555281244,3038247973,2846385770
dimwishlist:item=1041028434&perks=3619207468,247725512,588594999,555281244,3038247973,2720533289
dimwishlist:item=1041028434&perks=3619207468,247725512,588594999,555281244,47981717,2846385770
dimwishlist:item=1041028434&perks=3619207468,247725512,588594999,555281244,47981717,2720533289
dimwishlist:item=1041028434&perks=3619207468,247725512,588594999,555281244,2846385770,2720533289
dimwishlist:item=1041028434&perks=3619207468,247725512,588594999,699525795,3038247973,47981717
dimwishlist:item=1041028434&perks=3619207468,247725512,588594999,699525795,3038247973,2846385770
dimwishlist:item=1041028434&perks=3619207468,247725512,588594999,699525795,3038247973,2720533289
dimwishlist:item=1041028434&perks=3619207468,247725512,588594999,699525795,47981717,2846385770
dimwishlist:item=1041028434&perks=3619207468,247725512,588594999,699525795,47981717,2720533289
dimwishlist:item=1041028434&perks=3619207468,247725512,588594999,699525795,2846385770,2720533289
dimwishlist:item=1041028434&perks=3619207468,247725512,588594999,3038247973,47981717,2846385770
dimwishlist:item=1041028434&perks=3619207468,247725512,588594999,3038247973,47981717,2720533289
dimwishlist:item=1041028434&perks=3619207468,247725512,588594999,3038247973,2846385770,2720533289
dimwishlist:item=1041028434&perks=3619207468,247725512,588594999,47981717,2846385770,2720533289
dimwishlist:item=1041028434&perks=3161816588,3619207468,555281244,699525795,3038247973,47981717
dimwishlist:item=1041028434&perks=3161816588,3619207468,555281244,699525795,3038247973,2846385770
dimwishlist:item=1041028434&perks=3161816588,3619207468,555281244,699525795,3038247973,2720533289
dimwishlist:item=1041028434&perks=3161816588,3619207468,555281244,699525795,47981717,2846385770
dimwishlist:item=1041028434&perks=3161816588,3619207468,555281244,699525795,47981717,2720533289
dimwishlist:item=1041028434&perks=3161816588,3619207468,555281244,699525795,2846385770,2720533289
dimwishlist:item=1041028434&perks=3161816588,3619207468,555281244,3038247973,47981717,2846385770
dimwishlist:item=1041028434&perks=3161816588,3619207468,555281244,3038247973,47981717,2720533289
dimwishlist:item=1041028434&perks=3161816588,3619207468,555281244,3038247973,2846385770,2720533289
dimwishlist:item=1041028434&perks=3161816588,3619207468,555281244,47981717,2846385770,2720533289
dimwishlist:item=1041028434&perks=3161816588,3619207468,699525795,3038247973,47981717,2846385770
dimwishlist:item=1041028434&perks=3161816588,3619207468,699525795,3038247973,47981717,2720533289
dimwishlist:item=1041028434&perks=3161816588,3619207468,699525795,3038247973,2846385770,2720533289
dimwishlist:item=1041028434&perks=3161816588,3619207468,699525795,47981717,2846385770,2720533289
dimwishlist:item=1041028434&perks=3161816588,3619207468,3038247973,47981717,2846385770,2720533289
dimwishlist:item=1041028434&perks=3161816588,247725512,555281244,699525795,3038247973,47981717
dimwishlist:item=1041028434&perks=3161816588,247725512,555281244,699525795,3038247973,2846385770
dimwishlist:item=1041028434&perks=3161816588,247725512,555281244,699525795,3038247973,2720533289
dimwishlist:item=1041028434&perks=3161816588,247725512,555281244,699525795,47981717,2846385770
dimwishlist:item=1041028434&perks=3161816588,247725512,555281244,699525795,47981717,2720533289
dimwishlist:item=1041028434&perks=3161816588,247725512,555281244,699525795,2846385770,2720533289
dimwishlist:item=1041028434&perks=3161816588,247725512,555281244,3038247973,47981717,2846385770
dimwishlist:item=1041028434&perks=3161816588,247725512,555281244,3038247973,47981717,2720533289
dimwishlist:item=1041028434&perks=3161816588,247725512,555281244,3038247973,2846385770,2720533289
dimwishlist:item=1041028434&perks=3161816588,247725512,555281244,47981717,2846385770,2720533289
dimwishlist:item=1041028434&perks=3161816588,247725512,699525795,3038247973,47981717,2846385770
dimwishlist:item=1041028434&perks=3161816588,247725512,699525795,3038247973,47981717,2720533289
dimwishlist:item=1041028434&perks=3161816588,247725512,699525795,3038247973,2846385770,2720533289
dimwishlist:item=1041028434&perks=3161816588,247725512,699525795,47981717,2846385770,2720533289
dimwishlist:item=1041028434&perks=3161816588,247725512,3038247973,47981717,2846385770,2720533289
dimwishlist:item=1041028434&perks=3161816588,588594999,555281244,699525795,3038247973,47981717
dimwishlist:item=1041028434&perks=3161816588,588594999,555281244,699525795,3038247973,2846385770
dimwishlist:item=1041028434&perks=3161816588,588594999,555281244,699525795,3038247973,2720533289
dimwishlist:item=1041028434&perks=3161816588,588594999,555281244,699525795,47981717,2846385770
dimwishlist:item=1041028434&perks=3161816588,588594999,555281244,699525795,47981717,2720533289
dimwishlist:item=1041028434&perks=3161816588,588594999,555281244,699525795,2846385770,2720533289
dimwishlist:item=1041028434&perks=3161816588,588594999,555281244,3038247973,47981717,2846385770
dimwishlist:item=1041028434&perks=3161816588,588594999,555281244,3038247973,47981717,2720533289
dimwishlist:item=1041028434&perks=3161816588,588594999,555281244,3038247973,2846385770,2720533289
dimwishlist:item=1041028434&perks=3161816588,588594999,555281244,47981717,2846385770,2720533289
dimwishlist:item=1041028434&perks=3161816588,588594999,699525795,3038247973,47981717,2846385770
dimwishlist:item=1041028434&perks=3161816588,588594999,699525795,3038247973,47981717,2720533289
dimwishlist:item=1041028434&perks=3161816588,588594999,699525795,3038247973,2846385770,2720533289
dimwishlist:item=1041028434&perks=3161816588,588594999,699525795,47981717,2846385770,2720533289
dimwishlist:item=1041028434&perks=3161816588,588594999,3038247973,47981717,2846385770,2720533289
dimwishlist:item=1041028434&perks=3619207468,247725512,555281244,699525795,3038247973,47981717
dimwishlist:item=1041028434&perks=3619207468,247725512,555281244,699525795,3038247973,2846385770
dimwishlist:item=1041028434&perks=3619207468,247725512,555281244,699525795,3038247973,2720533289
dimwishlist:item=1041028434&perks=3619207468,247725512,555281244,699525795,47981717,2846385770
dimwishlist:item=1041028434&perks=3619207468,247725512,555281244,699525795,47981717,2720533289
dimwishlist:item=1041028434&perks=3619207468,247725512,555281244,699525795,2846385770,2720533289
dimwishlist:item=1041028434&perks=3619207468,247725512,555281244,3038247973,47981717,2846385770
dimwishlist:item=1041028434&perks=3619207468,247725512,555281244,3038247973,47981717,2720533289
dimwishlist:item=1041028434&perks=3619207468,247725512,555281244,3038247973,2846385770,2720533289
dimwishlist:item=1041028434&perks=3619207468,247725512,555281244,47981717,2846385770,2720533289
dimwishlist:item=1041028434&perks=3619207468,247725512,699525795,3038247973,47981717,2846385770
dimwishlist:item=1041028434&perks=3619207468,247725512,699525795,3038247973,47981717,2720533289
dimwishlist:item=1041028434&perks=3619207468,247725512,699525795,3038247973,2846385770,2720533289
dimwishlist:item=1041028434&perks=3619207468,247725512,699525795,47981717,2846385770,2720533289
dimwishlist:item=1041028434&perks=3619207468,247725512,3038247973,47981717,2846385770,2720533289
dimwishlist:item=1041028434&perks=3619207468,588594999,555281244,699525795,3038247973,47981717
dimwishlist:item=1041028434&perks=3619207468,588594999,555281244,699525795,3038247973,2846385770
dimwishlist:item=1041028434&perks=3619207468,588594999,555281244,699525795,3038247973,2720533289
dimwishlist:item=1041028434&perks=3619207468,588594999,555281244,699525795,47981717,2846385770
dimwishlist:item=1041028434&perks=3619207468,588594999,555281244,699525795,47981717,2720533289
dimwishlist:item=1041028434&perks=3619207468,588594999,555281244,699525795,2846385770,2720533289
dimwishlist:item=1041028434&perks=3619207468,588594999,555281244,3038247973,47981717,2846385770
dimwishlist:item=1041028434&perks=3619207468,588594999,555281244,3038247973,47981717,2720533289
dimwishlist:item=1041028434&perks=3619207468,588594999,555281244,3038247973,2846385770,2720533289
dimwishlist:item=1041028434&perks=3619207468,588594999,555281244,47981717,2846385770,2720533289
dimwishlist:item=1041028434&perks=3619207468,588594999,699525795,3038247973,47981717,2846385770
dimwishlist:item=1041028434&perks=3619207468,588594999,699525795,3038247973,47981717,2720533289
dimwishlist:item=1041028434&perks=3619207468,588594999,699525795,3038247973,2846385770,2720533289
dimwishlist:item=1041028434&perks=3619207468,588594999,699525795,47981717,2846385770,2720533289
dimwishlist:item=1041028434&perks=3619207468,588594999,3038247973,47981717,2846385770,2720533289
dimwishlist:item=1041028434&perks=247725512,588594999,555281244,699525795,3038247973,47981717
dimwishlist:item=1041028434&perks=247725512,588594999,555281244,699525795,3038247973,2846385770
dimwishlist:item=1041028434&perks=247725512,588594999,555281244,699525795,3038247973,2720533289
dimwishlist:item=1041028434&perks=247725512,588594999,555281244,699525795,47981717,2846385770
dimwishlist:item=1041028434&perks=247725512,588594999,555281244,699525795,47981717,2720533289
dimwishlist:item=1041028434&perks=247725512,588594999,555281244,699525795,2846385770,2720533289
dimwishlist:item=1041028434&perks=247725512,588594999,555281244,3038247973,47981717,2846385770
dimwishlist:item=1041028434&perks=247725512,588594999,555281244,3038247973,47981717,2720533289
dimwishlist:item=1041028434&perks=247725512,588594999,555281244,3038247973,2846385770,2720533289
dimwishlist:item=1041028434&perks=247725512,588594999,555281244,47981717,2846385770,2720533289
dimwishlist:item=1041028434&perks=247725512,588594999,699525795,3038247973,47981717,2846385770
dimwishlist:item=1041028434&perks=247725512,588594999,699525795,3038247973,47981717,2720533289
dimwishlist:item=1041028434&perks=247725512,588594999,699525795,3038247973,2846385770,2720533289
dimwishlist:item=1041028434&perks=247725512,588594999,699525795,47981717,2846385770,2720533289
dimwishlist:item=1041028434&perks=247725512,588594999,3038247973,47981717,2846385770,2720533289
dimwishlist:item=1041028434&perks=3161816588,555281244,699525795,3038247973,47981717,2846385770
dimwishlist:item=1041028434&perks=3161816588,555281244,699525795,3038247973,47981717,2720533289
dimwishlist:item=1041028434&perks=3161816588,555281244,699525795,3038247973,2846385770,2720533289
dimwishlist:item=1041028434&perks=3161816588,555281244,699525795,47981717,2846385770,2720533289
dimwishlist:item=1041028434&perks=3161816588,555281244,3038247973,47981717,2846385770,2720533289
dimwishlist:item=1041028434&perks=3161816588,699525795,3038247973,47981717,2846385770,2720533289
dimwishlist:item=1041028434&perks=3619207468,555281244,699525795,3038247973,47981717,2846385770
dimwishlist:item=1041028434&perks=3619207468,555281244,699525795,3038247973,47981717,2720533289
dimwishlist:item=1041028434&perks=3619207468,555281244,699525795,3038247973,2846385770,2720533289
dimwishlist:item=1041028434&perks=3619207468,555281244,699525795,47981717,2846385770,2720533289
dimwishlist:item=1041028434&perks=3619207468,555281244,3038247973,47981717,2846385770,2720533289
dimwishlist:item=1041028434&perks=3619207468,699525795,3038247973,47981717,2846385770,2720533289
dimwishlist:item=1041028434&perks=247725512,555281244,699525795,3038247973,47981717,2846385770
dimwishlist:item=1041028434&perks=247725512,555281244,699525795,3038247973,47981717,2720533289
dimwishlist:item=1041028434&perks=247725512,555281244,699525795,3038247973,2846385770,2720533289
dimwishlist:item=1041028434&perks=247725512,555281244,699525795,47981717,2846385770,2720533289
dimwishlist:item=1041028434&perks=247725512,555281244,3038247973,47981717,2846385770,2720533289
dimwishlist:item=1041028434&perks=247725512,699525795,3038247973,47981717,2846385770,2720533289
dimwishlist:item=1041028434&perks=588594999,555281244,699525795,3038247973,47981717,2846385770
dimwishlist:item=1041028434&perks=588594999,555281244,699525795,3038247973,47981717,2720533289
dimwishlist:item=1041028434&perks=588594999,555281244,699525795,3038247973,2846385770,2720533289
dimwishlist:item=1041028434&perks=588594999,555281244,699525795,47981717,2846385770,2720533289
dimwishlist:item=1041028434&perks=588594999,555281244,3038247973,47981717,2846385770,2720533289
dimwishlist:item=1041028434&perks=588594999,699525795,3038247973,47981717,2846385770,2720533289
dimwishlist:item=1041028434&perks=3161816588,3619207468,247725512,588594999,555281244
dimwishlist:item=1041028434&perks=3161816588,3619207468,247725512,588594999,699525795
dimwishlist:item=1041028434&perks=3161816588,3619207468,247725512,588594999,3038247973
dimwishlist:item=1041028434&perks=3161816588,3619207468,247725512,588594999,47981717
dimwishlist:item=1041028434&perks=3161816588,3619207468,247725512,588594999,2846385770
dimwishlist:item=1041028434&perks=3161816588,3619207468,247725512,588594999,2720533289
dimwishlist:item=1041028434&perks=3161816588,3619207468,247725512,555281244,699525795
dimwishlist:item=1041028434&perks=3161816588,3619207468,247725512,555281244,3038247973
dimwishlist:item=1041028434&perks=3161816588,3619207468,247725512,555281244,47981717
dimwishlist:item=1041028434&perks=3161816588,3619207468,247725512,555281244,2846385770
dimwishlist:item=1041028434&perks=3161816588,3619207468,247725512,555281244,2720533289
dimwishlist:item=1041028434&perks=3161816588,3619207468,247725512,699525795,3038247973
dimwishlist:item=1041028434&perks=3161816588,3619207468,247725512,699525795,47981717
dimwishlist:item=1041028434&perks=3161816588,3619207468,247725512,699525795,2846385770
dimwishlist:item=1041028434&perks=3161816588,3619207468,247725512,699525795,2720533289
dimwishlist:item=1041028434&perks=3161816588,3619207468,247725512,3038247973,47981717
dimwishlist:item=1041028434&perks=3161816588,3619207468,247725512,3038247973,2846385770
dimwishlist:item=1041028434&perks=3161816588,3619207468,247725512,3038247973,2720533289
dimwishlist:item=1041028434&perks=3161816588,3619207468,247725512,47981717,2846385770
dimwishlist:item=1041028434&perks=3161816588,3619207468,247725512,47981717,2720533289
dimwishlist:item=1041028434&perks=3161816588,3619207468,247725512,2846385770,2720533289
dimwishlist:item=1041028434&perks=3161816588,3619207468,588594999,555281244,699525795
dimwishlist:item=1041028434&perks=3161816588,3619207468,588594999,555281244,3038247973
dimwishlist:item=1041028434&perks=3161816588,3619207468,588594999,555281244,47981717
dimwishlist:item=1041028434&perks=3161816588,3619207468,588594999,555281244,2846385770
dimwishlist:item=1041028434&perks=3161816588,3619207468,588594999,555281244,2720533289
dimwishlist:item=1041028434&perks=3161816588,3619207468,588594999,699525795,3038247973
dimwishlist:item=1041028434&perks=3161816588,3619207468,588594999,699525795,47981717
dimwishlist:item=1041028434&perks=3161816588,3619207468,588594999,699525795,2846385770
dimwishlist:item=1041028434&perks=3161816588,3619207468,588594999,699525795,2720533289
dimwishlist:item=1041028434&perks=3161816588,3619207468,588594999,3038247973,47981717
dimwishlist:item=1041028434&perks=3161816588,3619207468,588594999,3038247973,2846385770
dimwishlist:item=1041028434&perks=3161816588,3619207468,588594999,3038247973,2720533289
dimwishlist:item=1041028434&perks=3161816588,3619207468,588594999,47981717,2846385770
dimwishlist:item=1041028434&perks=3161816588,3619207468,588594999,47981717,2720533289
dimwishlist:item=1041028434&perks=3161816588,3619207468,588594999,2846385770,2720533289
dimwishlist:item=1041028434&perks=3161816588,247725512,588594999,555281244,699525795
dimwishlist:item=1041028434&perks=3161816588,247725512,588594999,555281244,3038247973
dimwishlist:item=1041028434&perks=3161816588,247725512,588594999,555281244,47981717
dimwishlist:item=1041028434&perks=3161816588,247725512,588594999,555281244,2846385770
dimwishlist:item=1041028434&perks=3161816588,247725512,588594999,555281244,2720533289
dimwishlist:item=1041028434&perks=3161816588,247725512,588594999,699525795,3038247973
dimwishlist:item=1041028434&perks=3161816588,247725512,588594999,699525795,47981717
dimwishlist:item=1041028434&perks=3161816588,247725512,588594999,699525795,2846385770
dimwishlist:item=1041028434&perks=3161816588,247725512,588594999,699525795,2720533289
dimwishlist:item=1041028434&perks=3161816588,247725512,588594999,3038247973,47981717
dimwishlist:item=1041028434&perks=3161816588,247725512,588594999,3038247973,2846385770
dimwishlist:item=1041028434&perks=3161816588,247725512,588594999,3038247973,2720533289
dimwishlist:item=1041028434&perks=3161816588,247725512,588594999,47981717,2846385770
dimwishlist:item=1041028434&perks=3161816588,247725512,588594999,47981717,2720533289
dimwishlist:item=1041028434&perks=3161816588,247725512,588594999,2846385770,2720533289
dimwishlist:item=1041028434&perks=3619207468,247725512,588594999,555281244,699525795
dimwishlist:item=1041028434&perks=3619207468,247725512,588594999,555281244,3038247973
dimwishlist:item=1041028434&perks=3619207468,247725512,588594999,555281244,47981717
dimwishlist:item=1041028434&perks=3619207468,247725512,588594999,555281244,2846385770
dimwishlist:item=1041028434&perks=3619207468,247725512,588594999,555281244,2720533289
dimwishlist:item=1041028434&perks=3619207468,247725512,588594999,699525795,3038247973
dimwishlist:item=1041028434&perks=3619207468,247725512,588594999,699525795,47981717
dimwishlist:item=1041028434&perks=3619207468,247725512,588594999,699525795,2846385770
dimwishlist:item=1041028434&perks=3619207468,247725512,588594999,699525795,2720533289
dimwishlist:item=1041028434&perks=3619207468,247725512,588594999,3038247973,47981717
dimwishlist:item=1041028434&perks=3619207468,247725512,588594999,3038247973,2846385770
dimwishlist:item=1041028434&perks=3619207468,247725512,588594999,3038247973,2720533289
dimwishlist:item=1041028434&perks=3619207468,247725512,588594999,47981717,2846385770
dimwishlist:item=1041028434&perks=3619207468,247725512,588594999,47981717,2720533289
dimwishlist:item=1041028434&perks=3619207468,247725512,588594999,2846385770,2720533289
dimwishlist:item=1041028434&perks=3161816588,3619207468,555281244,699525795,3038247973
dimwishlist:item=1041028434&perks=3161816588,3619207468,555281244,699525795,47981717
dimwishlist:item=1041028434&perks=3161816588,3619207468,555281244,699525795,2846385770
dimwishlist:item=1041028434&perks=3161816588,3619207468,555281244,699525795,2720533289
dimwishlist:item=1041028434&perks=3161816588,3619207468,555281244,3038247973,47981717
dimwishlist:item=1041028434&perks=3161816588,3619207468,555281244,3038247973,2846385770
dimwishlist:item=1041028434&perks=3161816588,3619207468,555281244,3038247973,2720533289
dimwishlist:item=1041028434&perks=3161816588,3619207468,555281244,47981717,2846385770
dimwishlist:item=1041028434&perks=3161816588,3619207468,555281244,47981717,2720533289
dimwishlist:item=1041028434&perks=3161816588,3619207468,555281244,2846385770,2720533289
dimwishlist:item=1041028434&perks=3161816588,3619207468,699525795,3038247973,47981717
dimwishlist:item=1041028434&perks=3161816588,3619207468,699525795,3038247973,2846385770
dimwishlist:item=1041028434&perks=3161816588,3619207468,699525795,3038247973,2720533289
dimwishlist:item=1041028434&perks=3161816588,3619207468,699525795,47981717,2846385770
dimwishlist:item=1041028434&perks=3161816588,3619207468,699525795,47981717,2720533289
dimwishlist:item=1041028434&perks=3161816588,3619207468,699525795,2846385770,2720533289
dimwishlist:item=1041028434&perks=3161816588,3619207468,3038247973,47981717,2846385770
dimwishlist:item=1041028434&perks=3161816588,3619207468,3038247973,47981717,2720533289
dimwishlist:item=1041028434&perks=3161816588,3619207468,3038247973,2846385770,2720533289
dimwishlist:item=1041028434&perks=3161816588,3619207468,47981717,2846385770,2720533289
dimwishlist:item=1041028434&perks=3161816588,247725512,555281244,699525795,3038247973
dimwishlist:item=1041028434&perks=3161816588,247725512,555281244,699525795,47981717
dimwishlist:item=1041028434&perks=3161816588,247725512,555281244,699525795,2846385770
dimwishlist:item=1041028434&perks=3161816588,247725512,555281244,699525795,2720533289
dimwishlist:item=1041028434&perks=3161816588,247725512,555281244,3038247973,47981717
dimwishlist:item=1041028434&perks=3161816588,247725512,555281244,3038247973,2846385770
dimwishlist:item=1041028434&perks=3161816588,247725512,555281244,3038247973,2720533289
dimwishlist:item=1041028434&perks=3161816588,247725512,555281244,47981717,2846385770
dimwishlist:item=1041028434&perks=3161816588,247725512,555281244,47981717,2720533289
dimwishlist:item=1041028434&perks=3161816588,247725512,555281244,2846385770,2720533289
dimwishlist:item=1041028434&perks=3161816588,247725512,699525795,3038247973,47981717
dimwishlist:item=1041028434&perks=3161816588,247725512,699525795,3038247973,2846385770
dimwishlist:item=1041028434&perks=3161816588,247725512,699525795,3038247973,2720533289
dimwishlist:item=1041028434&perks=3161816588,247725512,699525795,47981717,2846385770
dimwishlist:item=1041028434&perks=3161816588,247725512,699525795,47981717,2720533289
dimwishlist:item=1041028434&perks=3161816588,247725512,699525795,2846385770,2720533289
dimwishlist:item=1041028434&perks=3161816588,247725512,3038247973,47981717,2846385770
dimwishlist:item=1041028434&perks=3161816588,247725512,3038247973,47981717,2720533289
dimwishlist:item=1041028434&perks=3161816588,247725512,3038247973,2846385770,2720533289
dimwishlist:item=1041028434&perks=3161816588,247725512,47981717,2846385770,2720533289
dimwishlist:item=1041028434&perks=3161816588,588594999,555281244,699525795,3038247973
dimwishlist:item=1041028434&perks=3161816588,588594999,555281244,699525795,47981717
dimwishlist:item=1041028434&perks=3161816588,588594999,555281244,699525795,2846385770
dimwishlist:item=1041028434&perks=3161816588,588594999,555281244,699525795,2720533289
dimwishlist:item=1041028434&perks=3161816588,588594999,555281244,3038247973,47981717
dimwishlist:item=1041028434&perks=3161816588,588594999,555281244,3038247973,2846385770
dimwishlist:item=1041028434&perks=3161816588,588594999,555281244,3038247973,2720533289
dimwishlist:item=1041028434&perks=3161816588,588594999,555281244,47981717,2846385770
dimwishlist:item=1041028434&perks=3161816588,588594999,555281244,47981717,2720533289
dimwishlist:item=1041028434&perks=3161816588,588594999,555281244,2846385770,2720533289
dimwishlist:item=1041028434&perks=3161816588,588594999,699525795,3038247973,47981717
dimwishlist:item=1041028434&perks=3161816588,588594999,699525795,3038247973,2846385770
dimwishlist:item=1041028434&perks=3161816588,588594999,699525795,3038247973,2720533289
dimwishlist:item=1041028434&perks=3161816588,588594999,699525795,47981717,2846385770
dimwishlist:item=1041028434&perks=3161816588,588594999,699525795,47981717,2720533289
dimwishlist:item=1041028434&perks=3161816588,588594999,699525795,2846385770,2720533289
dimwishlist:item=1041028434&perks=3161816588,588594999,3038247973,47981717,2846385770
dimwishlist:item=1041028434&perks=3161816588,588594999,3038247973,47981717,2720533289
dimwishlist:item=1041028434&perks=3161816588,588594999,3038247973,2846385770,2720533289
dimwishlist:item=1041028434&perks=3161816588,588594999,47981717,2846385770,2720533289
dimwishlist:item=1041028434&perks=3619207468,247725512,555281244,699525795,3038247973
dimwishlist:item=1041028434&perks=3619207468,247725512,555281244,699525795,47981717
dimwishlist:item=1041028434&perks=3619207468,247725512,555281244,699525795,2846385770
dimwishlist:item=1041028434&perks=3619207468,247725512,555281244,699525795,2720533289
dimwishlist:item=1041028434&perks=3619207468,247725512,555281244,3038247973,47981717
dimwishlist:item=1041028434&perks=3619207468,247725512,555281244,3038247973,2846385770
dimwishlist:item=1041028434&perks=3619207468,247725512,555281244,3038247973,2720533289
dimwishlist:item=1041028434&perks=3619207468,247725512,555281244,47981717,2846385770
dimwishlist:item=1041028434&perks=3619207468,247725512,555281244,47981717,2720533289
dimwishlist:item=1041028434&perks=3619207468,247725512,555281244,2846385770,2720533289
dimwishlist:item=1041028434&perks=3619207468,247725512,699525795,3038247973,47981717
dimwishlist:item=1041028434&perks=3619207468,247725512,699525795,3038247973,2846385770
dimwishlist:item=1041028434&perks=3619207468,247725512,699525795,3038247973,2720533289
dimwishlist:item=1041028434&perks=3619207468,247725512,699525795,47981717,2846385770
dimwishlist:item=1041028434&perks=3619207468,247725512,699525795,47981717,2720533289
dimwishlist:item=1041028434&perks=3619207468,247725512,699525795,2846385770,2720533289
dimwishlist:item=1041028434&perks=3619207468,247725512,3038247973,47981717,2846385770
dimwishlist:item=1041028434&perks=3619207468,247725512,3038247973,47981717,2720533289
dimwishlist:item=1041028434&perks=3619207468,247725512,3038247973,2846385770,2720533289
dimwishlist:item=1041028434&perks=3619207468,247725512,47981717,2846385770,2720533289
dimwishlist:item=1041028434&perks=3619207468,588594999,555281244,699525795,3038247973
dimwishlist:item=1041028434&perks=3619207468,588594999,555281244,699525795,47981717
dimwishlist:item=1041028434&perks=3619207468,588594999,555281244,699525795,2846385770
dimwishlist:item=1041028434&perks=3619207468,588594999,555281244,699525795,2720533289
dimwishlist:item=1041028434&perks=3619207468,588594999,555281244,3038247973,47981717
dimwishlist:item=1041028434&perks=3619207468,588594999,555281244,3038247973,2846385770
dimwishlist:item=1041028434&perks=3619207468,588594999,555281244,3038247973,2720533289
dimwishlist:item=1041028434&perks=3619207468,588594999,555281244,47981717,2846385770
dimwishlist:item=1041028434&perks=3619207468,588594999,555281244,47981717,2720533289
dimwishlist:item=1041028434&perks=3619207468,588594999,555281244,2846385770,2720533289
dimwishlist:item=1041028434&perks=3619207468,588594999,699525795,3038247973,47981717
dimwishlist:item=1041028434&perks=3619207468,588594999,699525795,3038247973,2846385770
dimwishlist:item=1041028434&perks=3619207468,588594999,699525795,3038247973,2720533289
dimwishlist:item=1041028434&perks=3619207468,588594999,699525795,47981717,2846385770
dimwishlist:item=1041028434&perks=3619207468,588594999,699525795,47981717,2720533289
dimwishlist:item=1041028434&perks=3619207468,588594999,699525795,2846385770,2720533289
dimwishlist:item=1041028434&perks=3619207468,588594999,3038247973,47981717,2846385770
dimwishlist:item=1041028434&perks=3619207468,588594999,3038247973,47981717,2720533289
dimwishlist:item=1041028434&perks=3619207468,588594999,3038247973,2846385770,2720533289
dimwishlist:item=1041028434&perks=3619207468,588594999,47981717,2846385770,2720533289
dimwishlist:item=1041028434&perks=247725512,588594999,555281244,699525795,3038247973
dimwishlist:item=1041028434&perks=247725512,588594999,555281244,699525795,47981717
dimwishlist:item=1041028434&perks=247725512,588594999,555281244,699525795,2846385770
dimwishlist:item=1041028434&perks=247725512,588594999,555281244,699525795,2720533289
dimwishlist:item=1041028434&perks=247725512,588594999,555281244,3038247973,47981717
dimwishlist:item=1041028434&perks=247725512,588594999,555281244,3038247973,2846385770
dimwishlist:item=1041028434&perks=247725512,588594999,555281244,3038247973,2720533289
dimwishlist:item=1041028434&perks=247725512,588594999,555281244,47981717,2846385770
dimwishlist:item=1041028434&perks=247725512,588594999,555281244,47981717,2720533289
dimwishlist:item=1041028434&perks=247725512,588594999,555281244,2846385770,2720533289
dimwishlist:item=1041028434&perks=247725512,588594999,699525795,3038247973,47981717
dimwishlist:item=1041028434&perks=247725512,588594999,699525795,3038247973,2846385770
dimwishlist:item=1041028434&perks=247725512,588594999,699525795,3038247973,2720533289
dimwishlist:item=1041028434&perks=247725512,588594999,699525795,47981717,2846385770
dimwishlist:item=1041028434&perks=247725512,588594999,699525795,47981717,2720533289
dimwishlist:item=1041028434&perks=247725512,588594999,699525795,2846385770,2720533289
dimwishlist:item=1041028434&perks=247725512,588594999,3038247973,47981717,2846385770
dimwishlist:item=1041028434&perks=247725512,588594999,3038247973,47981717,2720533289
dimwishlist:item=1041028434&perks=247725512,588594999,3038247973,2846385770,2720533289
dimwishlist:item=1041028434&perks=247725512,588594999,47981717,2846385770,2720533289
dimwishlist:item=1041028434&perks=3161816588,555281244,699525795,3038247973,47981717
dimwishlist:item=1041028434&perks=3161816588,555281244,699525795,3038247973,2846385770
dimwishlist:item=1041028434&perks=3161816588,555281244,699525795,3038247973,2720533289
dimwishlist:item=1041028434&perks=3161816588,555281244,699525795,47981717,2846385770
dimwishlist:item=1041028434&perks=3161816588,555281244,699525795,47981717,2720533289
dimwishlist:item=1041028434&perks=3161816588,555281244,699525795,2846385770,2720533289
dimwishlist:item=1041028434&perks=3161816588,555281244,3038247973,47981717,2846385770
dimwishlist:item=1041028434&perks=3161816588,555281244,3038247973,47981717,2720533289
dimwishlist:item=1041028434&perks=3161816588,555281244,3038247973,2846385770,2720533289
dimwishlist:item=1041028434&perks=3161816588,555281244,47981717,2846385770,2720533289
dimwishlist:item=1041028434&perks=3161816588,699525795,3038247973,47981717,2846385770
dimwishlist:item=1041028434&perks=3161816588,699525795,3038247973,47981717,2720533289
dimwishlist:item=1041028434&perks=3161816588,699525795,3038247973,2846385770,2720533289
dimwishlist:item=1041028434&perks=3161816588,699525795,47981717,2846385770,2720533289
dimwishlist:item=1041028434&perks=3161816588,3038247973,47981717,2846385770,2720533289
dimwishlist:item=1041028434&perks=3619207468,555281244,699525795,3038247973,47981717
dimwishlist:item=1041028434&perks=3619207468,555281244,699525795,3038247973,2846385770
dimwishlist:item=1041028434&perks=3619207468,555281244,699525795,3038247973,2720533289
dimwishlist:item=1041028434&perks=3619207468,555281244,699525795,47981717,2846385770
dimwishlist:item=1041028434&perks=3619207468,555281244,699525795,47981717,2720533289
dimwishlist:item=1041028434&perks=3619207468,555281244,699525795,2846385770,2720533289
dimwishlist:item=1041028434&perks=3619207468,555281244,3038247973,47981717,2846385770
dimwishlist:item=1041028434&perks=3619207468,555281244,3038247973,47981717,2720533289
dimwishlist:item=1041028434&perks=3619207468,555281244,3038247973,2846385770,2720533289
dimwishlist:item=1041028434&perks=3619207468,555281244,47981717,2846385770,2720533289
dimwishlist:item=1041028434&perks=3619207468,699525795,3038247973,47981717,2846385770
dimwishlist:item=1041028434&perks=3619207468,699525795,3038247973,47981717,2720533289
dimwishlist:item=1041028434&perks=3619207468,699525795,3038247973,2846385770,2720533289
dimwishlist:item=1041028434&perks=3619207468,699525795,47981717,2846385770,2720533289
dimwishlist:item=1041028434&perks=3619207468,3038247973,47981717,2846385770,2720533289
dimwishlist:item=1041028434&perks=247725512,555281244,699525795,3038247973,47981717
dimwishlist:item=1041028434&perks=247725512,555281244,699525795,3038247973,2846385770
dimwishlist:item=1041028434&perks=247725512,555281244,699525795,3038247973,2720533289
dimwishlist:item=1041028434&perks=247725512,555281244,699525795,47981717,2846385770
dimwishlist:item=1041028434&perks=247725512,555281244,699525795,47981717,2720533289
dimwishlist:item=1041028434&perks=247725512,555281244,699525795,2846385770,2720533289
dimwishlist:item=1041028434&perks=247725512,555281244,3038247973,47981717,2846385770
dimwishlist:item=1041028434&perks=247725512,555281244,3038247973,47981717,2720533289
dimwishlist:item=1041028434&perks=247725512,555281244,3038247973,2846385770,2720533289
dimwishlist:item=1041028434&perks=247725512,555281244,47981717,2846385770,2720533289
dimwishlist:item=1041028434&perks=247725512,699525795,3038247973,47981717,2846385770
dimwishlist:item=1041028434&perks=247725512,699525795,3038247973,47981717,2720533289
dimwishlist:item=1041028434&perks=247725512,699525795,3038247973,2846385770,2720533289
dimwishlist:item=1041028434&perks=247725512,699525795,47981717,2846385770,2720533289
dimwishlist:item=1041028434&perks=247725512,3038247973,47981717,2846385770,2720533289
dimwishlist:item=1041028434&perks=588594999,555281244,699525795,3038247973,47981717
dimwishlist:item=1041028434&perks=588594999,555281244,699525795,3038247973,2846385770
dimwishlist:item=1041028434&perks=588594999,555281244,699525795,3038247973,2720533289
dimwishlist:item=1041028434&perks=588594999,555281244,699525795,47981717,2846385770
dimwishlist:item=1041028434&perks=588594999,555281244,699525795,47981717,2720533289
dimwishlist:item=1041028434&perks=588594999,555281244,699525795,2846385770,2720533289
dimwishlist:item=1041028434&perks=588594999,555281244,3038247973,47981717,2846385770
dimwishlist:item=1041028434&perks=588594999,555281244,3038247973,47981717,2720533289
dimwishlist:item=1041028434&perks=588594999,555281244,3038247973,2846385770,2720533289
dimwishlist:item=1041028434&perks=588594999,555281244,47981717,2846385770,2720533289
dimwishlist:item=1041028434&perks=588594999,699525795,3038247973,47981717,2846385770
dimwishlist:item=1041028434&perks=588594999,699525795,3038247973,47981717,2720533289
dimwishlist:item=1041028434&perks=588594999,699525795,3038247973,2846385770,2720533289
dimwishlist:item=1041028434&perks=588594999,699525795,47981717,2846385770,2720533289
dimwishlist:item=1041028434&perks=588594999,3038247973,47981717,2846385770,2720533289
dimwishlist:item=1041028434&perks=3161816588,3619207468,247725512,555281244
dimwishlist:item=1041028434&perks=3161816588,3619207468,247725512,699525795
dimwishlist:item=1041028434&perks=3161816588,3619207468,247725512,3038247973
dimwishlist:item=1041028434&perks=3161816588,3619207468,247725512,47981717
dimwishlist:item=1041028434&perks=3161816588,3619207468,247725512,2846385770
dimwishlist:item=1041028434&perks=3161816588,3619207468,247725512,2720533289
dimwishlist:item=1041028434&perks=3161816588,3619207468,588594999,555281244
dimwishlist:item=1041028434&perks=3161816588,3619207468,588594999,699525795
dimwishlist:item=1041028434&perks=3161816588,3619207468,588594999,3038247973
dimwishlist:item=1041028434&perks=3161816588,3619207468,588594999,47981717
dimwishlist:item=1041028434&perks=3161816588,3619207468,588594999,2846385770
dimwishlist:item=1041028434&perks=3161816588,3619207468,588594999,2720533289
dimwishlist:item=1041028434&perks=3161816588,247725512,588594999,555281244
dimwishlist:item=1041028434&perks=3161816588,247725512,588594999,699525795
dimwishlist:item=1041028434&perks=3161816588,247725512,588594999,3038247973
dimwishlist:item=1041028434&perks=3161816588,247725512,588594999,47981717
dimwishlist:item=1041028434&perks=3161816588,247725512,588594999,2846385770
dimwishlist:item=1041028434&perks=3161816588,247725512,588594999,2720533289
dimwishlist:item=1041028434&perks=3619207468,247725512,588594999,555281244
dimwishlist:item=1041028434&perks=3619207468,247725512,588594999,699525795
dimwishlist:item=1041028434&perks=3619207468,247725512,588594999,3038247973
dimwishlist:item=1041028434&perks=3619207468,247725512,588594999,47981717
dimwishlist:item=1041028434&perks=3619207468,247725512,588594999,2846385770
dimwishlist:item=1041028434&perks=3619207468,247725512,588594999,2720533289
dimwishlist:item=1041028434&perks=3161816588,3619207468,555281244,699525795
dimwishlist:item=1041028434&perks=3161816588,3619207468,555281244,3038247973
dimwishlist:item=1041028434&perks=3161816588,3619207468,555281244,47981717
dimwishlist:item=1041028434&perks=3161816588,3619207468,555281244,2846385770
dimwishlist:item=1041028434&perks=3161816588,3619207468,555281244,2720533289
dimwishlist:item=1041028434&perks=3161816588,3619207468,699525795,3038247973
dimwishlist:item=1041028434&perks=3161816588,3619207468,699525795,47981717
dimwishlist:item=1041028434&perks=3161816588,3619207468,699525795,2846385770
dimwishlist:item=1041028434&perks=3161816588,3619207468,699525795,2720533289
dimwishlist:item=1041028434&perks=3161816588,3619207468,3038247973,47981717
dimwishlist:item=1041028434&perks=3161816588,3619207468,3038247973,2846385770
dimwishlist:item=1041028434&perks=3161816588,3619207468,3038247973,2720533289
dimwishlist:item=1041028434&perks=3161816588,3619207468,47981717,2846385770
dimwishlist:item=1041028434&perks=3161816588,3619207468,47981717,2720533289
dimwishlist:item=1041028434&perks=3161816588,3619207468,2846385770,2720533289
dimwishlist:item=1041028434&perks=3161816588,247725512,555281244,699525795
dimwishlist:item=1041028434&perks=3161816588,247725512,555281244,3038247973
dimwishlist:item=1041028434&perks=3161816588,247725512,555281244,47981717
dimwishlist:item=1041028434&perks=3161816588,247725512,555281244,2846385770
dimwishlist:item=1041028434&perks=3161816588,247725512,555281244,2720533289
dimwishlist:item=1041028434&perks=3161816588,247725512,699525795,3038247973
dimwishlist:item=1041028434&perks=3161816588,247725512,699525795,47981717
dimwishlist:item=1041028434&perks=3161816588,247725512,699525795,2846385770
dimwishlist:item=1041028434&perks=3161816588,247725512,699525795,2720533289
dimwishlist:item=1041028434&perks=3161816588,247725512,3038247973,47981717
dimwishlist:item=1041028434&perks=3161816588,247725512,3038247973,2846385770
dimwishlist:item=1041028434&perks=3161816588,247725512,3038247973,2720533289
dimwishlist:item=1041028434&perks=3161816588,247725512,47981717,2846385770
dimwishlist:item=1041028434&perks=3161816588,247725512,47981717,2720533289
dimwishlist:item=1041028434&perks=3161816588,247725512,2846385770,2720533289
dimwishlist:item=1041028434&perks=3161816588,588594999,555281244,699525795
dimwishlist:item=1041028434&perks=3161816588,588594999,555281244,3038247973
dimwishlist:item=1041028434&perks=3161816588,588594999,555281244,47981717
dimwishlist:item=1041028434&perks=3161816588,588594999,555281244,2846385770
dimwishlist:item=1041028434&perks=3161816588,588594999,555281244,2720533289
dimwishlist:item=1041028434&perks=3161816588,588594999,699525795,3038247973
dimwishlist:item=1041028434&perks=3161816588,588594999,699525795,47981717
dimwishlist:item=1041028434&perks=3161816588,588594999,699525795,2846385770
dimwishlist:item=1041028434&perks=3161816588,588594999,699525795,2720533289
dimwishlist:item=1041028434&perks=3161816588,588594999,3038247973,47981717
dimwishlist:item=1041028434&perks=3161816588,588594999,3038247973,2846385770
dimwishlist:item=1041028434&perks=3161816588,588594999,3038247973,2720533289
dimwishlist:item=1041028434&perks=3161816588,588594999,47981717,2846385770
dimwishlist:item=1041028434&perks=3161816588,588594999,47981717,2720533289
dimwishlist:item=1041028434&perks=3161816588,588594999,2846385770,2720533289
dimwishlist:item=1041028434&perks=3619207468,247725512,555281244,699525795
dimwishlist:item=1041028434&perks=3619207468,247725512,555281244,3038247973
dimwishlist:item=1041028434&perks=3619207468,247725512,555281244,47981717
dimwishlist:item=1041028434&perks=3619207468,247725512,555281244,2846385770
dimwishlist:item=1041028434&perks=3619207468,247725512,555281244,2720533289
dimwishlist:item=1041028434&perks=3619207468,247725512,699525795,3038247973
dimwishlist:item=1041028434&perks=3619207468,247725512,699525795,47981717
dimwishlist:item=1041028434&perks=3619207468,247725512,699525795,2846385770
dimwishlist:item=1041028434&perks=3619207468,247725512,699525795,2720533289
dimwishlist:item=1041028434&perks=3619207468,247725512,3038247973,47981717
dimwishlist:item=1041028434&perks=3619207468,247725512,3038247973,2846385770
dimwishlist:item=1041028434&perks=3619207468,247725512,3038247973,2720533289
dimwishlist:item=1041028434&perks=3619207468,247725512,47981717,2846385770
dimwishlist:item=1041028434&perks=3619207468,247725512,47981717,2720533289
dimwishlist:item=1041028434&perks=3619207468,247725512,2846385770,2720533289
dimwishlist:item=1041028434&perks=3619207468,588594999,555281244,699525795
dimwishlist:item=1041028434&perks=3619207468,588594999,555281244,3038247973
dimwishlist:item=1041028434&perks=3619207468,588594999,555281244,47981717
dimwishlist:item=1041028434&perks=3619207468,588594999,555281244,2846385770
dimwishlist:item=1041028434&perks=3619207468,588594999,555281244,2720533289
dimwishlist:item=1041028434&perks=3619207468,588594999,699525795,3038247973
dimwishlist:item=1041028434&perks=3619207468,588594999,699525795,47981717
dimwishlist:item=1041028434&perks=3619207468,588594999,699525795,2846385770
dimwishlist:item=1041028434&perks=3619207468,588594999,699525795,2720533289
dimwishlist:item=1041028434&perks=3619207468,588594999,3038247973,47981717
dimwishlist:item=1041028434&perks=3619207468,588594999,3038247973,2846385770
dimwishlist:item=1041028434&perks=3619207468,588594999,3038247973,2720533289
dimwishlist:item=1041028434&perks=3619207468,588594999,47981717,2846385770
dimwishlist:item=1041028434&perks=3619207468,588594999,47981717,2720533289
dimwishlist:item=1041028434&perks=3619207468,588594999,2846385770,2720533289
dimwishlist:item=1041028434&perks=247725512,588594999,555281244,699525795
dimwishlist:item=1041028434&perks=247725512,588594999,555281244,3038247973
dimwishlist:item=1041028434&perks=247725512,588594999,555281244,47981717
dimwishlist:item=1041028434&perks=247725512,588594999,555281244,2846385770
dimwishlist:item=1041028434&perks=247725512,588594999,555281244,2720533289
dimwishlist:item=1041028434&perks=247725512,588594999,699525795,3038247973
dimwishlist:item=1041028434&perks=247725512,588594999,699525795,47981717
dimwishlist:item=1041028434&perks=247725512,588594999,699525795,2846385770
dimwishlist:item=1041028434&perks=247725512,588594999,699525795,2720533289
dimwishlist:item=1041028434&perks=247725512,588594999,3038247973,47981717
dimwishlist:item=1041028434&perks=247725512,588594999,3038247973,2846385770
dimwishlist:item=1041028434&perks=247725512,588594999,3038247973,2720533289
dimwishlist:item=1041028434&perks=247725512,588594999,47981717,2846385770
dimwishlist:item=1041028434&perks=247725512,588594999,47981717,2720533289
dimwishlist:item=1041028434&perks=247725512,588594999,2846385770,2720533289
dimwishlist:item=1041028434&perks=3161816588,555281244,699525795,3038247973
dimwishlist:item=1041028434&perks=3161816588,555281244,699525795,47981717
dimwishlist:item=1041028434&perks=3161816588,555281244,699525795,2846385770
dimwishlist:item=1041028434&perks=3161816588,555281244,699525795,2720533289
dimwishlist:item=1041028434&perks=3161816588,555281244,3038247973,47981717
dimwishlist:item=1041028434&perks=3161816588,555281244,3038247973,2846385770
dimwishlist:item=1041028434&perks=3161816588,555281244,3038247973,2720533289
dimwishlist:item=1041028434&perks=3161816588,555281244,47981717,2846385770
dimwishlist:item=1041028434&perks=3161816588,555281244,47981717,2720533289
dimwishlist:item=1041028434&perks=3161816588,555281244,2846385770,2720533289
dimwishlist:item=1041028434&perks=3161816588,699525795,3038247973,47981717
dimwishlist:item=1041028434&perks=3161816588,699525795,3038247973,2846385770
dimwishlist:item=1041028434&perks=3161816588,699525795,3038247973,2720533289
dimwishlist:item=1041028434&perks=3161816588,699525795,47981717,2846385770
dimwishlist:item=1041028434&perks=3161816588,699525795,47981717,2720533289
dimwishlist:item=1041028434&perks=3161816588,699525795,2846385770,2720533289
dimwishlist:item=1041028434&perks=3161816588,3038247973,47981717,2846385770
dimwishlist:item=1041028434&perks=3161816588,3038247973,47981717,2720533289
dimwishlist:item=1041028434&perks=3161816588,3038247973,2846385770,2720533289
dimwishlist:item=1041028434&perks=3161816588,47981717,2846385770,2720533289
dimwishlist:item=1041028434&perks=3619207468,555281244,699525795,3038247973
dimwishlist:item=1041028434&perks=3619207468,555281244,699525795,47981717
dimwishlist:item=1041028434&perks=3619207468,555281244,699525795,2846385770
dimwishlist:item=1041028434&perks=3619207468,555281244,699525795,2720533289
dimwishlist:item=1041028434&perks=3619207468,555281244,3038247973,47981717
dimwishlist:item=1041028434&perks=3619207468,555281244,3038247973,2846385770
dimwishlist:item=1041028434&perks=3619207468,555281244,3038247973,2720533289
dimwishlist:item=1041028434&perks=3619207468,555281244,47981717,2846385770
dimwishlist:item=1041028434&perks=3619207468,555281244,47981717,2720533289
dimwishlist:item=1041028434&perks=3619207468,555281244,2846385770,2720533289
dimwishlist:item=1041028434&perks=3619207468,699525795,3038247973,47981717
dimwishlist:item=1041028434&perks=3619207468,699525795,3038247973,2846385770
dimwishlist:item=1041028434&perks=3619207468,699525795,3038247973,2720533289
dimwishlist:item=1041028434&perks=3619207468,699525795,47981717,2846385770
dimwishlist:item=1041028434&perks=3619207468,699525795,47981717,2720533289
dimwishlist:item=1041028434&perks=3619207468,699525795,2846385770,2720533289
dimwishlist:item=1041028434&perks=3619207468,3038247973,47981717,2846385770
dimwishlist:item=1041028434&perks=3619207468,3038247973,47981717,2720533289
dimwishlist:item=1041028434&perks=3619207468,3038247973,2846385770,2720533289
dimwishlist:item=1041028434&perks=3619207468,47981717,2846385770,2720533289
dimwishlist:item=1041028434&perks=247725512,555281244,699525795,3038247973
dimwishlist:item=1041028434&perks=247725512,555281244,699525795,47981717
dimwishlist:item=1041028434&perks=247725512,555281244,699525795,2846385770
dimwishlist:item=1041028434&perks=247725512,555281244,699525795,2720533289
dimwishlist:item=1041028434&perks=247725512,555281244,3038247973,47981717
dimwishlist:item=1041028434&perks=247725512,555281244,3038247973,2846385770
dimwishlist:item=1041028434&perks=247725512,555281244,3038247973,2720533289
dimwishlist:item=1041028434&perks=247725512,555281244,47981717,2846385770
dimwishlist:item=1041028434&perks=247725512,555281244,47981717,2720533289
dimwishlist:item=1041028434&perks=247725512,555281244,2846385770,2720533289
dimwishlist:item=1041028434&perks=247725512,699525795,3038247973,47981717
dimwishlist:item=1041028434&perks=247725512,699525795,3038247973,2846385770
dimwishlist:item=1041028434&perks=247725512,699525795,3038247973,2720533289
dimwishlist:item=1041028434&perks=247725512,699525795,47981717,2846385770
dimwishlist:item=1041028434&perks=247725512,699525795,47981717,2720533289
dimwishlist:item=1041028434&perks=247725512,699525795,2846385770,2720533289
dimwishlist:item=1041028434&perks=247725512,3038247973,47981717,2846385770
dimwishlist:item=1041028434&perks=247725512,3038247973,47981717,2720533289
dimwishlist:item=1041028434&perks=247725512,3038247973,2846385770,2720533289
dimwishlist:item=1041028434&perks=247725512,47981717,2846385770,2720533289
dimwishlist:item=1041028434&perks=588594999,555281244,699525795,3038247973
dimwishlist:item=1041028434&perks=588594999,555281244,699525795,47981717
dimwishlist:item=1041028434&perks=588594999,555281244,699525795,2846385770
dimwishlist:item=1041028434&perks=588594999,555281244,699525795,2720533289
dimwishlist:item=1041028434&perks=588594999,555281244,3038247973,47981717
dimwishlist:item=1041028434&perks=588594999,555281244,3038247973,2846385770
dimwishlist:item=1041028434&perks=588594999,555281244,3038247973,2720533289
dimwishlist:item=1041028434&perks=588594999,555281244,47981717,2846385770
dimwishlist:item=1041028434&perks=588594999,555281244,47981717,2720533289
dimwishlist:item=1041028434&perks=588594999,555281244,2846385770,2720533289
dimwishlist:item=1041028434&perks=588594999,699525795,3038247973,47981717
dimwishlist:item=1041028434&perks=588594999,699525795,3038247973,2846385770
dimwishlist:item=1041028434&perks=588594999,699525795,3038247973,2720533289
dimwishlist:item=1041028434&perks=588594999,699525795,47981717,2846385770
dimwishlist:item=1041028434&perks=588594999,699525795,47981717,2720533289
dimwishlist:item=1041028434&perks=588594999,699525795,2846385770,2720533289
dimwishlist:item=1041028434&perks=588594999,3038247973,47981717,2846385770
dimwishlist:item=1041028434&perks=588594999,3038247973,47981717,2720533289
dimwishlist:item=1041028434&perks=588594999,3038247973,2846385770,2720533289
dimwishlist:item=1041028434&perks=588594999,47981717,2846385770,2720533289
dimwishlist:item=1041028434&perks=3161816588,3619207468,555281244
dimwishlist:item=1041028434&perks=3161816588,3619207468,699525795
dimwishlist:item=1041028434&perks=3161816588,3619207468,3038247973
dimwishlist:item=1041028434&perks=3161816588,3619207468,47981717
dimwishlist:item=1041028434&perks=3161816588,3619207468,2846385770
dimwishlist:item=1041028434&perks=3161816588,3619207468,2720533289
dimwishlist:item=1041028434&perks=3161816588,247725512,555281244
dimwishlist:item=1041028434&perks=3161816588,247725512,699525795
dimwishlist:item=1041028434&perks=3161816588,247725512,3038247973
dimwishlist:item=1041028434&perks=3161816588,247725512,47981717
dimwishlist:item=1041028434&perks=3161816588,247725512,2846385770
dimwishlist:item=1041028434&perks=3161816588,247725512,2720533289
dimwishlist:item=1041028434&perks=3161816588,588594999,555281244
dimwishlist:item=1041028434&perks=3161816588,588594999,699525795
dimwishlist:item=1041028434&perks=3161816588,588594999,3038247973
dimwishlist:item=1041028434&perks=3161816588,588594999,47981717
dimwishlist:item=1041028434&perks=3161816588,588594999,2846385770
dimwishlist:item=1041028434&perks=3161816588,588594999,2720533289
dimwishlist:item=1041028434&perks=3619207468,247725512,555281244
dimwishlist:item=1041028434&perks=3619207468,247725512,699525795
dimwishlist:item=1041028434&perks=3619207468,247725512,3038247973
dimwishlist:item=1041028434&perks=3619207468,247725512,47981717
dimwishlist:item=1041028434&perks=3619207468,247725512,2846385770
dimwishlist:item=1041028434&perks=3619207468,247725512,2720533289
dimwishlist:item=1041028434&perks=3619207468,588594999,555281244
dimwishlist:item=1041028434&perks=3619207468,588594999,699525795
dimwishlist:item=1041028434&perks=3619207468,588594999,3038247973
dimwishlist:item=1041028434&perks=3619207468,588594999,47981717
dimwishlist:item=1041028434&perks=3619207468,588594999,2846385770
dimwishlist:item=1041028434&perks=3619207468,588594999,2720533289
dimwishlist:item=1041028434&perks=247725512,588594999,555281244
dimwishlist:item=1041028434&perks=247725512,588594999,699525795
dimwishlist:item=1041028434&perks=247725512,588594999,3038247973
dimwishlist:item=1041028434&perks=247725512,588594999,47981717
dimwishlist:item=1041028434&perks=247725512,588594999,2846385770
dimwishlist:item=1041028434&perks=247725512,588594999,2720533289
dimwishlist:item=1041028434&perks=3161816588,555281244,699525795
dimwishlist:item=1041028434&perks=3161816588,555281244,3038247973
dimwishlist:item=1041028434&perks=3161816588,555281244,47981717
dimwishlist:item=1041028434&perks=3161816588,555281244,2846385770
dimwishlist:item=1041028434&perks=3161816588,555281244,2720533289
dimwishlist:item=1041028434&perks=3161816588,699525795,3038247973
dimwishlist:item=1041028434&perks=3161816588,699525795,47981717
dimwishlist:item=1041028434&perks=3161816588,699525795,2846385770
dimwishlist:item=1041028434&perks=3161816588,699525795,2720533289
dimwishlist:item=1041028434&perks=3161816588,3038247973,47981717
dimwishlist:item=1041028434&perks=3161816588,3038247973,2846385770
dimwishlist:item=1041028434&perks=3161816588,3038247973,2720533289
dimwishlist:item=1041028434&perks=3161816588,47981717,2846385770
dimwishlist:item=1041028434&perks=3161816588,47981717,2720533289
dimwishlist:item=1041028434&perks=3161816588,2846385770,2720533289
dimwishlist:item=1041028434&perks=3619207468,555281244,699525795
dimwishlist:item=1041028434&perks=3619207468,555281244,3038247973
dimwishlist:item=1041028434&perks=3619207468,555281244,47981717
dimwishlist:item=1041028434&perks=3619207468,555281244,2846385770
dimwishlist:item=1041028434&perks=3619207468,555281244,2720533289
dimwishlist:item=1041028434&perks=3619207468,699525795,3038247973
dimwishlist:item=1041028434&perks=3619207468,699525795,47981717
dimwishlist:item=1041028434&perks=3619207468,699525795,2846385770
dimwishlist:item=1041028434&perks=3619207468,699525795,2720533289
dimwishlist:item=1041028434&perks=3619207468,3038247973,47981717
dimwishlist:item=1041028434&perks=3619207468,3038247973,2846385770
dimwishlist:item=1041028434&perks=3619207468,3038247973,2720533289
dimwishlist:item=1041028434&perks=3619207468,47981717,2846385770
dimwishlist:item=1041028434&perks=3619207468,47981717,2720533289
dimwishlist:item=1041028434&perks=3619207468,2846385770,2720533289
dimwishlist:item=1041028434&perks=247725512,555281244,699525795
dimwishlist:item=1041028434&perks=247725512,555281244,3038247973
dimwishlist:item=1041028434&perks=247725512,555281244,47981717
dimwishlist:item=1041028434&perks=247725512,555281244,2846385770
dimwishlist:item=1041028434&perks=247725512,555281244,2720533289
dimwishlist:item=1041028434&perks=247725512,699525795,3038247973
dimwishlist:item=1041028434&perks=247725512,699525795,47981717
dimwishlist:item=1041028434&perks=247725512,699525795,2846385770
dimwishlist:item=1041028434&perks=247725512,699525795,2720533289
dimwishlist:item=1041028434&perks=247725512,3038247973,47981717
dimwishlist:item=1041028434&perks=247725512,3038247973,2846385770
dimwishlist:item=1041028434&perks=247725512,3038247973,2720533289
dimwishlist:item=1041028434&perks=247725512,47981717,2846385770
dimwishlist:item=1041028434&perks=247725512,47981717,2720533289
dimwishlist:item=1041028434&perks=247725512,2846385770,2720533289
dimwishlist:item=1041028434&perks=588594999,555281244,699525795
dimwishlist:item=1041028434&perks=588594999,555281244,3038247973
dimwishlist:item=1041028434&perks=588594999,555281244,47981717
dimwishlist:item=1041028434&perks=588594999,555281244,2846385770
dimwishlist:item=1041028434&perks=588594999,555281244,2720533289
dimwishlist:item=1041028434&perks=588594999,699525795,3038247973
dimwishlist:item=1041028434&perks=588594999,699525795,47981717
dimwishlist:item=1041028434&perks=588594999,699525795,2846385770
dimwishlist:item=1041028434&perks=588594999,699525795,2720533289
dimwishlist:item=1041028434&perks=588594999,3038247973,47981717
dimwishlist:item=1041028434&perks=588594999,3038247973,2846385770
dimwishlist:item=1041028434&perks=588594999,3038247973,2720533289
dimwishlist:item=1041028434&perks=588594999,47981717,2846385770
dimwishlist:item=1041028434&perks=588594999,47981717,2720533289
dimwishlist:item=1041028434&perks=588594999,2846385770,2720533289
dimwishlist:item=1041028434&perks=3161816588,555281244
dimwishlist:item=1041028434&perks=3161816588,699525795
dimwishlist:item=1041028434&perks=3161816588,3038247973
dimwishlist:item=1041028434&perks=3161816588,47981717
dimwishlist:item=1041028434&perks=3161816588,2846385770
dimwishlist:item=1041028434&perks=3161816588,2720533289
dimwishlist:item=1041028434&perks=3619207468,555281244
dimwishlist:item=1041028434&perks=3619207468,699525795
dimwishlist:item=1041028434&perks=3619207468,3038247973
dimwishlist:item=1041028434&perks=3619207468,47981717
dimwishlist:item=1041028434&perks=3619207468,2846385770
dimwishlist:item=1041028434&perks=3619207468,2720533289
dimwishlist:item=1041028434&perks=247725512,555281244
dimwishlist:item=1041028434&perks=247725512,699525795
dimwishlist:item=1041028434&perks=247725512,3038247973
dimwishlist:item=1041028434&perks=247725512,47981717
dimwishlist:item=1041028434&perks=247725512,2846385770
dimwishlist:item=1041028434&perks=247725512,2720533289
dimwishlist:item=1041028434&perks=588594999,555281244
dimwishlist:item=1041028434&perks=588594999,699525795
dimwishlist:item=1041028434&perks=588594999,3038247973
dimwishlist:item=1041028434&perks=588594999,47981717
dimwishlist:item=1041028434&perks=588594999,2846385770
dimwishlist:item=1041028434&perks=588594999,2720533289

// #2 Solemn Remembrance
// itemHash=4116518582
// perks: Zen Moment=2387244414; Lone Wolf=2579169598; Moving Target=588594999; Slideshot=3161816588; Keep Away=3619207468; Eye of the Storm=699525795; Precision Instrument=555281244; Magnificent Howl=2720533289; Firefly=3824105627
//notes: CrucibleGuidebook tags:pvp
dimwishlist:item=4116518582&perks=2387244414,2579169598,588594999,3161816588,3619207468,699525795,555281244,2720533289,3824105627
dimwishlist:item=4116518582&perks=2387244414,2579169598,588594999,3161816588,3619207468,699525795,555281244,2720533289
dimwishlist:item=4116518582&perks=2387244414,2579169598,588594999,3161816588,3619207468,699525795,555281244,3824105627
dimwishlist:item=4116518582&perks=2387244414,2579169598,588594999,3161816588,3619207468,699525795,2720533289,3824105627
dimwishlist:item=4116518582&perks=2387244414,2579169598,588594999,3161816588,3619207468,555281244,2720533289,3824105627
dimwishlist:item=4116518582&perks=2387244414,2579169598,588594999,3161816588,699525795,555281244,2720533289,3824105627
dimwishlist:item=4116518582&perks=2387244414,2579169598,588594999,3619207468,699525795,555281244,2720533289,3824105627
dimwishlist:item=4116518582&perks=2387244414,2579169598,3161816588,3619207468,699525795,555281244,2720533289,3824105627
dimwishlist:item=4116518582&perks=2387244414,588594999,3161816588,3619207468,699525795,555281244,2720533289,3824105627
dimwishlist:item=4116518582&perks=2579169598,588594999,3161816588,3619207468,699525795,555281244,2720533289,3824105627
dimwishlist:item=4116518582&perks=2387244414,2579169598,588594999,3161816588,3619207468,699525795,555281244
dimwishlist:item=4116518582&perks=2387244414,2579169598,588594999,3161816588,3619207468,699525795,2720533289
dimwishlist:item=4116518582&perks=2387244414,2579169598,588594999,3161816588,3619207468,699525795,3824105627
dimwishlist:item=4116518582&perks=2387244414,2579169598,588594999,3161816588,3619207468,555281244,2720533289
dimwishlist:item=4116518582&perks=2387244414,2579169598,588594999,3161816588,3619207468,555281244,3824105627
dimwishlist:item=4116518582&perks=2387244414,2579169598,588594999,3161816588,3619207468,2720533289,3824105627
dimwishlist:item=4116518582&perks=2387244414,2579169598,588594999,3161816588,699525795,555281244,2720533289
dimwishlist:item=4116518582&perks=2387244414,2579169598,588594999,3161816588,699525795,555281244,3824105627
dimwishlist:item=4116518582&perks=2387244414,2579169598,588594999,3161816588,699525795,2720533289,3824105627
dimwishlist:item=4116518582&perks=2387244414,2579169598,588594999,3161816588,555281244,2720533289,3824105627
dimwishlist:item=4116518582&perks=2387244414,2579169598,588594999,3619207468,699525795,555281244,2720533289
dimwishlist:item=4116518582&perks=2387244414,2579169598,588594999,3619207468,699525795,555281244,3824105627
dimwishlist:item=4116518582&perks=2387244414,2579169598,588594999,3619207468,699525795,2720533289,3824105627
dimwishlist:item=4116518582&perks=2387244414,2579169598,588594999,3619207468,555281244,2720533289,3824105627
dimwishlist:item=4116518582&perks=2387244414,2579169598,588594999,699525795,555281244,2720533289,3824105627
dimwishlist:item=4116518582&perks=2387244414,2579169598,3161816588,3619207468,699525795,555281244,2720533289
dimwishlist:item=4116518582&perks=2387244414,2579169598,3161816588,3619207468,699525795,555281244,3824105627
dimwishlist:item=4116518582&perks=2387244414,2579169598,3161816588,3619207468,699525795,2720533289,3824105627
dimwishlist:item=4116518582&perks=2387244414,2579169598,3161816588,3619207468,555281244,2720533289,3824105627
dimwishlist:item=4116518582&perks=2387244414,2579169598,3161816588,699525795,555281244,2720533289,3824105627
dimwishlist:item=4116518582&perks=2387244414,588594999,3161816588,3619207468,699525795,555281244,2720533289
dimwishlist:item=4116518582&perks=2387244414,588594999,3161816588,3619207468,699525795,555281244,3824105627
dimwishlist:item=4116518582&perks=2387244414,588594999,3161816588,3619207468,699525795,2720533289,3824105627
dimwishlist:item=4116518582&perks=2387244414,588594999,3161816588,3619207468,555281244,2720533289,3824105627
dimwishlist:item=4116518582&perks=2387244414,588594999,3161816588,699525795,555281244,2720533289,3824105627
dimwishlist:item=4116518582&perks=2579169598,588594999,3161816588,3619207468,699525795,555281244,2720533289
dimwishlist:item=4116518582&perks=2579169598,588594999,3161816588,3619207468,699525795,555281244,3824105627
dimwishlist:item=4116518582&perks=2579169598,588594999,3161816588,3619207468,699525795,2720533289,3824105627
dimwishlist:item=4116518582&perks=2579169598,588594999,3161816588,3619207468,555281244,2720533289,3824105627
dimwishlist:item=4116518582&perks=2579169598,588594999,3161816588,699525795,555281244,2720533289,3824105627
dimwishlist:item=4116518582&perks=2387244414,2579169598,3619207468,699525795,555281244,2720533289,3824105627
dimwishlist:item=4116518582&perks=2387244414,588594999,3619207468,699525795,555281244,2720533289,3824105627
dimwishlist:item=4116518582&perks=2387244414,3161816588,3619207468,699525795,555281244,2720533289,3824105627
dimwishlist:item=4116518582&perks=2579169598,588594999,3619207468,699525795,555281244,2720533289,3824105627
dimwishlist:item=4116518582&perks=2579169598,3161816588,3619207468,699525795,555281244,2720533289,3824105627
dimwishlist:item=4116518582&perks=588594999,3161816588,3619207468,699525795,555281244,2720533289,3824105627
dimwishlist:item=4116518582&perks=2387244414,2579169598,588594999,3161816588,3619207468,699525795
dimwishlist:item=4116518582&perks=2387244414,2579169598,588594999,3161816588,3619207468,555281244
dimwishlist:item=4116518582&perks=2387244414,2579169598,588594999,3161816588,3619207468,2720533289
dimwishlist:item=4116518582&perks=2387244414,2579169598,588594999,3161816588,3619207468,3824105627
dimwishlist:item=4116518582&perks=2387244414,2579169598,588594999,3161816588,699525795,555281244
dimwishlist:item=4116518582&perks=2387244414,2579169598,588594999,3161816588,699525795,2720533289
dimwishlist:item=4116518582&perks=2387244414,2579169598,588594999,3161816588,699525795,3824105627
dimwishlist:item=4116518582&perks=2387244414,2579169598,588594999,3161816588,555281244,2720533289
dimwishlist:item=4116518582&perks=2387244414,2579169598,588594999,3161816588,555281244,3824105627
dimwishlist:item=4116518582&perks=2387244414,2579169598,588594999,3161816588,2720533289,3824105627
dimwishlist:item=4116518582&perks=2387244414,2579169598,588594999,3619207468,699525795,555281244
dimwishlist:item=4116518582&perks=2387244414,2579169598,588594999,3619207468,699525795,2720533289
dimwishlist:item=4116518582&perks=2387244414,2579169598,588594999,3619207468,699525795,3824105627
dimwishlist:item=4116518582&perks=2387244414,2579169598,588594999,3619207468,555281244,2720533289
dimwishlist:item=4116518582&perks=2387244414,2579169598,588594999,3619207468,555281244,3824105627
dimwishlist:item=4116518582&perks=2387244414,2579169598,588594999,3619207468,2720533289,3824105627
dimwishlist:item=4116518582&perks=2387244414,2579169598,588594999,699525795,555281244,2720533289
dimwishlist:item=4116518582&perks=2387244414,2579169598,588594999,699525795,555281244,3824105627
dimwishlist:item=4116518582&perks=2387244414,2579169598,588594999,699525795,2720533289,3824105627
dimwishlist:item=4116518582&perks=2387244414,2579169598,588594999,555281244,2720533289,3824105627
dimwishlist:item=4116518582&perks=2387244414,2579169598,3161816588,3619207468,699525795,555281244
dimwishlist:item=4116518582&perks=2387244414,2579169598,3161816588,3619207468,699525795,2720533289
dimwishlist:item=4116518582&perks=2387244414,2579169598,3161816588,3619207468,699525795,3824105627
dimwishlist:item=4116518582&perks=2387244414,2579169598,3161816588,3619207468,555281244,2720533289
dimwishlist:item=4116518582&perks=2387244414,2579169598,3161816588,3619207468,555281244,3824105627
dimwishlist:item=4116518582&perks=2387244414,2579169598,3161816588,3619207468,2720533289,3824105627
dimwishlist:item=4116518582&perks=2387244414,2579169598,3161816588,699525795,555281244,2720533289
dimwishlist:item=4116518582&perks=2387244414,2579169598,3161816588,699525795,555281244,3824105627
dimwishlist:item=4116518582&perks=2387244414,2579169598,3161816588,699525795,2720533289,3824105627
dimwishlist:item=4116518582&perks=2387244414,2579169598,3161816588,555281244,2720533289,3824105627
dimwishlist:item=4116518582&perks=2387244414,588594999,3161816588,3619207468,699525795,555281244
dimwishlist:item=4116518582&perks=2387244414,588594999,3161816588,3619207468,699525795,2720533289
dimwishlist:item=4116518582&perks=2387244414,588594999,3161816588,3619207468,699525795,3824105627
dimwishlist:item=4116518582&perks=2387244414,588594999,3161816588,3619207468,555281244,2720533289
dimwishlist:item=4116518582&perks=2387244414,588594999,3161816588,3619207468,555281244,3824105627
dimwishlist:item=4116518582&perks=2387244414,588594999,3161816588,3619207468,2720533289,3824105627
dimwishlist:item=4116518582&perks=2387244414,588594999,3161816588,699525795,555281244,2720533289
dimwishlist:item=4116518582&perks=2387244414,588594999,3161816588,699525795,555281244,3824105627
dimwishlist:item=4116518582&perks=2387244414,588594999,3161816588,699525795,2720533289,3824105627
dimwishlist:item=4116518582&perks=2387244414,588594999,3161816588,555281244,2720533289,3824105627
dimwishlist:item=4116518582&perks=2579169598,588594999,3161816588,3619207468,699525795,555281244
dimwishlist:item=4116518582&perks=2579169598,588594999,3161816588,3619207468,699525795,2720533289
dimwishlist:item=4116518582&perks=2579169598,588594999,3161816588,3619207468,699525795,3824105627
dimwishlist:item=4116518582&perks=2579169598,588594999,3161816588,3619207468,555281244,2720533289
dimwishlist:item=4116518582&perks=2579169598,588594999,3161816588,3619207468,555281244,3824105627
dimwishlist:item=4116518582&perks=2579169598,588594999,3161816588,3619207468,2720533289,3824105627
dimwishlist:item=4116518582&perks=2579169598,588594999,3161816588,699525795,555281244,2720533289
dimwishlist:item=4116518582&perks=2579169598,588594999,3161816588,699525795,555281244,3824105627
dimwishlist:item=4116518582&perks=2579169598,588594999,3161816588,699525795,2720533289,3824105627
dimwishlist:item=4116518582&perks=2579169598,588594999,3161816588,555281244,2720533289,3824105627
dimwishlist:item=4116518582&perks=2387244414,2579169598,3619207468,699525795,555281244,2720533289
dimwishlist:item=4116518582&perks=2387244414,2579169598,3619207468,699525795,555281244,3824105627
dimwishlist:item=4116518582&perks=2387244414,2579169598,3619207468,699525795,2720533289,3824105627
dimwishlist:item=4116518582&perks=2387244414,2579169598,3619207468,555281244,2720533289,3824105627
dimwishlist:item=4116518582&perks=2387244414,2579169598,699525795,555281244,2720533289,3824105627
dimwishlist:item=4116518582&perks=2387244414,588594999,3619207468,699525795,555281244,2720533289
dimwishlist:item=4116518582&perks=2387244414,588594999,3619207468,699525795,555281244,3824105627
dimwishlist:item=4116518582&perks=2387244414,588594999,3619207468,699525795,2720533289,3824105627
dimwishlist:item=4116518582&perks=2387244414,588594999,3619207468,555281244,2720533289,3824105627
dimwishlist:item=4116518582&perks=2387244414,588594999,699525795,555281244,2720533289,3824105627
dimwishlist:item=4116518582&perks=2387244414,3161816588,3619207468,699525795,555281244,2720533289
dimwishlist:item=4116518582&perks=2387244414,3161816588,3619207468,699525795,555281244,3824105627
dimwishlist:item=4116518582&perks=2387244414,3161816588,3619207468,699525795,2720533289,3824105627
dimwishlist:item=4116518582&perks=2387244414,3161816588,3619207468,555281244,2720533289,3824105627
dimwishlist:item=4116518582&perks=2387244414,3161816588,699525795,555281244,2720533289,3824105627
dimwishlist:item=4116518582&perks=2579169598,588594999,3619207468,699525795,555281244,2720533289
dimwishlist:item=4116518582&perks=2579169598,588594999,3619207468,699525795,555281244,3824105627
dimwishlist:item=4116518582&perks=2579169598,588594999,3619207468,699525795,2720533289,3824105627
dimwishlist:item=4116518582&perks=2579169598,588594999,3619207468,555281244,2720533289,3824105627
dimwishlist:item=4116518582&perks=2579169598,588594999,699525795,555281244,2720533289,3824105627
dimwishlist:item=4116518582&perks=2579169598,3161816588,3619207468,699525795,555281244,2720533289
dimwishlist:item=4116518582&perks=2579169598,3161816588,3619207468,699525795,555281244,3824105627
dimwishlist:item=4116518582&perks=2579169598,3161816588,3619207468,699525795,2720533289,3824105627
dimwishlist:item=4116518582&perks=2579169598,3161816588,3619207468,555281244,2720533289,3824105627
dimwishlist:item=4116518582&perks=2579169598,3161816588,699525795,555281244,2720533289,3824105627
dimwishlist:item=4116518582&perks=588594999,3161816588,3619207468,699525795,555281244,2720533289
dimwishlist:item=4116518582&perks=588594999,3161816588,3619207468,699525795,555281244,3824105627
dimwishlist:item=4116518582&perks=588594999,3161816588,3619207468,699525795,2720533289,3824105627
dimwishlist:item=4116518582&perks=588594999,3161816588,3619207468,555281244,2720533289,3824105627
dimwishlist:item=4116518582&perks=588594999,3161816588,699525795,555281244,2720533289,3824105627
dimwishlist:item=4116518582&perks=2387244414,3619207468,699525795,555281244,2720533289,3824105627
dimwishlist:item=4116518582&perks=2579169598,3619207468,699525795,555281244,2720533289,3824105627
dimwishlist:item=4116518582&perks=588594999,3619207468,699525795,555281244,2720533289,3824105627
dimwishlist:item=4116518582&perks=3161816588,3619207468,699525795,555281244,2720533289,3824105627
dimwishlist:item=4116518582&perks=2387244414,2579169598,588594999,3161816588,3619207468
dimwishlist:item=4116518582&perks=2387244414,2579169598,588594999,3161816588,699525795
dimwishlist:item=4116518582&perks=2387244414,2579169598,588594999,3161816588,555281244
dimwishlist:item=4116518582&perks=2387244414,2579169598,588594999,3161816588,2720533289
dimwishlist:item=4116518582&perks=2387244414,2579169598,588594999,3161816588,3824105627
dimwishlist:item=4116518582&perks=2387244414,2579169598,588594999,3619207468,699525795
dimwishlist:item=4116518582&perks=2387244414,2579169598,588594999,3619207468,555281244
dimwishlist:item=4116518582&perks=2387244414,2579169598,588594999,3619207468,2720533289
dimwishlist:item=4116518582&perks=2387244414,2579169598,588594999,3619207468,3824105627
dimwishlist:item=4116518582&perks=2387244414,2579169598,588594999,699525795,555281244
dimwishlist:item=4116518582&perks=2387244414,2579169598,588594999,699525795,2720533289
dimwishlist:item=4116518582&perks=2387244414,2579169598,588594999,699525795,3824105627
dimwishlist:item=4116518582&perks=2387244414,2579169598,588594999,555281244,2720533289
dimwishlist:item=4116518582&perks=2387244414,2579169598,588594999,555281244,3824105627
dimwishlist:item=4116518582&perks=2387244414,2579169598,588594999,2720533289,3824105627
dimwishlist:item=4116518582&perks=2387244414,2579169598,3161816588,3619207468,699525795
dimwishlist:item=4116518582&perks=2387244414,2579169598,3161816588,3619207468,555281244
dimwishlist:item=4116518582&perks=2387244414,2579169598,3161816588,3619207468,2720533289
dimwishlist:item=4116518582&perks=2387244414,2579169598,3161816588,3619207468,3824105627
dimwishlist:item=4116518582&perks=2387244414,2579169598,3161816588,699525795,555281244
dimwishlist:item=4116518582&perks=2387244414,2579169598,3161816588,699525795,2720533289
dimwishlist:item=4116518582&perks=2387244414,2579169598,3161816588,699525795,3824105627
dimwishlist:item=4116518582&perks=2387244414,2579169598,3161816588,555281244,2720533289
dimwishlist:item=4116518582&perks=2387244414,2579169598,3161816588,555281244,3824105627
dimwishlist:item=4116518582&perks=2387244414,2579169598,3161816588,2720533289,3824105627
dimwishlist:item=4116518582&perks=2387244414,588594999,3161816588,3619207468,699525795
dimwishlist:item=4116518582&perks=2387244414,588594999,3161816588,3619207468,555281244
dimwishlist:item=4116518582&perks=2387244414,588594999,3161816588,3619207468,2720533289
dimwishlist:item=4116518582&perks=2387244414,588594999,3161816588,3619207468,3824105627
dimwishlist:item=4116518582&perks=2387244414,588594999,3161816588,699525795,555281244
dimwishlist:item=4116518582&perks=2387244414,588594999,3161816588,699525795,2720533289
dimwishlist:item=4116518582&perks=2387244414,588594999,3161816588,699525795,3824105627
dimwishlist:item=4116518582&perks=2387244414,588594999,3161816588,555281244,2720533289
dimwishlist:item=4116518582&perks=2387244414,588594999,3161816588,555281244,3824105627
dimwishlist:item=4116518582&perks=2387244414,588594999,3161816588,2720533289,3824105627
dimwishlist:item=4116518582&perks=2579169598,588594999,3161816588,3619207468,699525795
dimwishlist:item=4116518582&perks=2579169598,588594999,3161816588,3619207468,555281244
dimwishlist:item=4116518582&perks=2579169598,588594999,3161816588,3619207468,2720533289
dimwishlist:item=4116518582&perks=2579169598,588594999,3161816588,3619207468,3824105627
dimwishlist:item=4116518582&perks=2579169598,588594999,3161816588,699525795,555281244
dimwishlist:item=4116518582&perks=2579169598,588594999,3161816588,699525795,2720533289
dimwishlist:item=4116518582&perks=2579169598,588594999,3161816588,699525795,3824105627
dimwishlist:item=4116518582&perks=2579169598,588594999,3161816588,555281244,2720533289
dimwishlist:item=4116518582&perks=2579169598,588594999,3161816588,555281244,3824105627
dimwishlist:item=4116518582&perks=2579169598,588594999,3161816588,2720533289,3824105627
dimwishlist:item=4116518582&perks=2387244414,2579169598,3619207468,699525795,555281244
dimwishlist:item=4116518582&perks=2387244414,2579169598,3619207468,699525795,2720533289
dimwishlist:item=4116518582&perks=2387244414,2579169598,3619207468,699525795,3824105627
dimwishlist:item=4116518582&perks=2387244414,2579169598,3619207468,555281244,2720533289
dimwishlist:item=4116518582&perks=2387244414,2579169598,3619207468,555281244,3824105627
dimwishlist:item=4116518582&perks=2387244414,2579169598,3619207468,2720533289,3824105627
dimwishlist:item=4116518582&perks=2387244414,2579169598,699525795,555281244,2720533289
dimwishlist:item=4116518582&perks=2387244414,2579169598,699525795,555281244,3824105627
dimwishlist:item=4116518582&perks=2387244414,2579169598,699525795,2720533289,3824105627
dimwishlist:item=4116518582&perks=2387244414,2579169598,555281244,2720533289,3824105627
dimwishlist:item=4116518582&perks=2387244414,588594999,3619207468,699525795,555281244
dimwishlist:item=4116518582&perks=2387244414,588594999,3619207468,699525795,2720533289
dimwishlist:item=4116518582&perks=2387244414,588594999,3619207468,699525795,3824105627
dimwishlist:item=4116518582&perks=2387244414,588594999,3619207468,555281244,2720533289
dimwishlist:item=4116518582&perks=2387244414,588594999,3619207468,555281244,3824105627
dimwishlist:item=4116518582&perks=2387244414,588594999,3619207468,2720533289,3824105627
dimwishlist:item=4116518582&perks=2387244414,588594999,699525795,555281244,2720533289
dimwishlist:item=4116518582&perks=2387244414,588594999,699525795,555281244,3824105627
dimwishlist:item=4116518582&perks=2387244414,588594999,699525795,2720533289,3824105627
dimwishlist:item=4116518582&perks=2387244414,588594999,555281244,2720533289,3824105627
dimwishlist:item=4116518582&perks=2387244414,3161816588,3619207468,699525795,555281244
dimwishlist:item=4116518582&perks=2387244414,3161816588,3619207468,699525795,2720533289
dimwishlist:item=4116518582&perks=2387244414,3161816588,3619207468,699525795,3824105627
dimwishlist:item=4116518582&perks=2387244414,3161816588,3619207468,555281244,2720533289
dimwishlist:item=4116518582&perks=2387244414,3161816588,3619207468,555281244,3824105627
dimwishlist:item=4116518582&perks=2387244414,3161816588,3619207468,2720533289,3824105627
dimwishlist:item=4116518582&perks=2387244414,3161816588,699525795,555281244,2720533289
dimwishlist:item=4116518582&perks=2387244414,3161816588,699525795,555281244,3824105627
dimwishlist:item=4116518582&perks=2387244414,3161816588,699525795,2720533289,3824105627
dimwishlist:item=4116518582&perks=2387244414,3161816588,555281244,2720533289,3824105627
dimwishlist:item=4116518582&perks=2579169598,588594999,3619207468,699525795,555281244
dimwishlist:item=4116518582&perks=2579169598,588594999,3619207468,699525795,2720533289
dimwishlist:item=4116518582&perks=2579169598,588594999,3619207468,699525795,3824105627
dimwishlist:item=4116518582&perks=2579169598,588594999,3619207468,555281244,2720533289
dimwishlist:item=4116518582&perks=2579169598,588594999,3619207468,555281244,3824105627
dimwishlist:item=4116518582&perks=2579169598,588594999,3619207468,2720533289,3824105627
dimwishlist:item=4116518582&perks=2579169598,588594999,699525795,555281244,2720533289
dimwishlist:item=4116518582&perks=2579169598,588594999,699525795,555281244,3824105627
dimwishlist:item=4116518582&perks=2579169598,588594999,699525795,2720533289,3824105627
dimwishlist:item=4116518582&perks=2579169598,588594999,555281244,2720533289,3824105627
dimwishlist:item=4116518582&perks=2579169598,3161816588,3619207468,699525795,555281244
dimwishlist:item=4116518582&perks=2579169598,3161816588,3619207468,699525795,2720533289
dimwishlist:item=4116518582&perks=2579169598,3161816588,3619207468,699525795,3824105627
dimwishlist:item=4116518582&perks=2579169598,3161816588,3619207468,555281244,2720533289
dimwishlist:item=4116518582&perks=2579169598,3161816588,3619207468,555281244,3824105627
dimwishlist:item=4116518582&perks=2579169598,3161816588,3619207468,2720533289,3824105627
dimwishlist:item=4116518582&perks=2579169598,3161816588,699525795,555281244,2720533289
dimwishlist:item=4116518582&perks=2579169598,3161816588,699525795,555281244,3824105627
dimwishlist:item=4116518582&perks=2579169598,3161816588,699525795,2720533289,3824105627
dimwishlist:item=4116518582&perks=2579169598,3161816588,555281244,2720533289,3824105627
dimwishlist:item=4116518582&perks=588594999,3161816588,3619207468,699525795,555281244
dimwishlist:item=4116518582&perks=588594999,3161816588,3619207468,699525795,2720533289
dimwishlist:item=4116518582&perks=588594999,3161816588,3619207468,699525795,3824105627
dimwishlist:item=4116518582&perks=588594999,3161816588,3619207468,555281244,2720533289
dimwishlist:item=4116518582&perks=588594999,3161816588,3619207468,555281244,3824105627
dimwishlist:item=4116518582&perks=588594999,3161816588,3619207468,2720533289,3824105627
dimwishlist:item=4116518582&perks=588594999,3161816588,699525795,555281244,2720533289
dimwishlist:item=4116518582&perks=588594999,3161816588,699525795,555281244,3824105627
dimwishlist:item=4116518582&perks=588594999,3161816588,699525795,2720533289,3824105627
dimwishlist:item=4116518582&perks=588594999,3161816588,555281244,2720533289,3824105627
dimwishlist:item=4116518582&perks=2387244414,3619207468,699525795,555281244,2720533289
dimwishlist:item=4116518582&perks=2387244414,3619207468,699525795,555281244,3824105627
dimwishlist:item=4116518582&perks=2387244414,3619207468,699525795,2720533289,3824105627
dimwishlist:item=4116518582&perks=2387244414,3619207468,555281244,2720533289,3824105627
dimwishlist:item=4116518582&perks=2387244414,699525795,555281244,2720533289,3824105627
dimwishlist:item=4116518582&perks=2579169598,3619207468,699525795,555281244,2720533289
dimwishlist:item=4116518582&perks=2579169598,3619207468,699525795,555281244,3824105627
dimwishlist:item=4116518582&perks=2579169598,3619207468,699525795,2720533289,3824105627
dimwishlist:item=4116518582&perks=2579169598,3619207468,555281244,2720533289,3824105627
dimwishlist:item=4116518582&perks=2579169598,699525795,555281244,2720533289,3824105627
dimwishlist:item=4116518582&perks=588594999,3619207468,699525795,555281244,2720533289
dimwishlist:item=4116518582&perks=588594999,3619207468,699525795,555281244,3824105627
dimwishlist:item=4116518582&perks=588594999,3619207468,699525795,2720533289,3824105627
dimwishlist:item=4116518582&perks=588594999,3619207468,555281244,2720533289,3824105627
dimwishlist:item=4116518582&perks=588594999,699525795,555281244,2720533289,3824105627
dimwishlist:item=4116518582&perks=3161816588,3619207468,699525795,555281244,2720533289
dimwishlist:item=4116518582&perks=3161816588,3619207468,699525795,555281244,3824105627
dimwishlist:item=4116518582&perks=3161816588,3619207468,699525795,2720533289,3824105627
dimwishlist:item=4116518582&perks=3161816588,3619207468,555281244,2720533289,3824105627
dimwishlist:item=4116518582&perks=3161816588,699525795,555281244,2720533289,3824105627
dimwishlist:item=4116518582&perks=2387244414,2579169598,588594999,3619207468
dimwishlist:item=4116518582&perks=2387244414,2579169598,588594999,699525795
dimwishlist:item=4116518582&perks=2387244414,2579169598,588594999,555281244
dimwishlist:item=4116518582&perks=2387244414,2579169598,588594999,2720533289
dimwishlist:item=4116518582&perks=2387244414,2579169598,588594999,3824105627
dimwishlist:item=4116518582&perks=2387244414,2579169598,3161816588,3619207468
dimwishlist:item=4116518582&perks=2387244414,2579169598,3161816588,699525795
dimwishlist:item=4116518582&perks=2387244414,2579169598,3161816588,555281244
dimwishlist:item=4116518582&perks=2387244414,2579169598,3161816588,2720533289
dimwishlist:item=4116518582&perks=2387244414,2579169598,3161816588,3824105627
dimwishlist:item=4116518582&perks=2387244414,588594999,3161816588,3619207468
dimwishlist:item=4116518582&perks=2387244414,588594999,3161816588,699525795
dimwishlist:item=4116518582&perks=2387244414,588594999,3161816588,555281244
dimwishlist:item=4116518582&perks=2387244414,588594999,3161816588,2720533289
dimwishlist:item=4116518582&perks=2387244414,588594999,3161816588,3824105627
dimwishlist:item=4116518582&perks=2579169598,588594999,3161816588,3619207468
dimwishlist:item=4116518582&perks=2579169598,588594999,3161816588,699525795
dimwishlist:item=4116518582&perks=2579169598,588594999,3161816588,555281244
dimwishlist:item=4116518582&perks=2579169598,588594999,3161816588,2720533289
dimwishlist:item=4116518582&perks=2579169598,588594999,3161816588,3824105627
dimwishlist:item=4116518582&perks=2387244414,2579169598,3619207468,699525795
dimwishlist:item=4116518582&perks=2387244414,2579169598,3619207468,555281244
dimwishlist:item=4116518582&perks=2387244414,2579169598,3619207468,2720533289
dimwishlist:item=4116518582&perks=2387244414,2579169598,3619207468,3824105627
dimwishlist:item=4116518582&perks=2387244414,2579169598,699525795,555281244
dimwishlist:item=4116518582&perks=2387244414,2579169598,699525795,2720533289
dimwishlist:item=4116518582&perks=2387244414,2579169598,699525795,3824105627
dimwishlist:item=4116518582&perks=2387244414,2579169598,555281244,2720533289
dimwishlist:item=4116518582&perks=2387244414,2579169598,555281244,3824105627
dimwishlist:item=4116518582&perks=2387244414,2579169598,2720533289,3824105627
dimwishlist:item=4116518582&perks=2387244414,588594999,3619207468,699525795
dimwishlist:item=4116518582&perks=2387244414,588594999,3619207468,555281244
dimwishlist:item=4116518582&perks=2387244414,588594999,3619207468,2720533289
dimwishlist:item=4116518582&perks=2387244414,588594999,3619207468,3824105627
dimwishlist:item=4116518582&perks=2387244414,588594999,699525795,555281244
dimwishlist:item=4116518582&perks=2387244414,588594999,699525795,2720533289
dimwishlist:item=4116518582&perks=2387244414,588594999,699525795,3824105627
dimwishlist:item=4116518582&perks=2387244414,588594999,555281244,2720533289
dimwishlist:item=4116518582&perks=2387244414,588594999,555281244,3824105627
dimwishlist:item=4116518582&perks=2387244414,588594999,2720533289,3824105627
dimwishlist:item=4116518582&perks=2387244414,3161816588,3619207468,699525795
dimwishlist:item=4116518582&perks=2387244414,3161816588,3619207468,555281244
dimwishlist:item=4116518582&perks=2387244414,3161816588,3619207468,2720533289
dimwishlist:item=4116518582&perks=2387244414,3161816588,3619207468,3824105627
dimwishlist:item=4116518582&perks=2387244414,3161816588,699525795,555281244
dimwishlist:item=4116518582&perks=2387244414,3161816588,699525795,2720533289
dimwishlist:item=4116518582&perks=2387244414,3161816588,699525795,3824105627
dimwishlist:item=4116518582&perks=2387244414,3161816588,555281244,2720533289
dimwishlist:item=4116518582&perks=2387244414,3161816588,555281244,3824105627
dimwishlist:item=4116518582&perks=2387244414,3161816588,2720533289,3824105627
dimwishlist:item=4116518582&perks=2579169598,588594999,3619207468,699525795
dimwishlist:item=4116518582&perks=2579169598,588594999,3619207468,555281244
dimwishlist:item=4116518582&perks=2579169598,588594999,3619207468,2720533289
dimwishlist:item=4116518582&perks=2579169598,588594999,3619207468,3824105627
dimwishlist:item=4116518582&perks=2579169598,588594999,699525795,555281244
dimwishlist:item=4116518582&perks=2579169598,588594999,699525795,2720533289
dimwishlist:item=4116518582&perks=2579169598,588594999,699525795,3824105627
dimwishlist:item=4116518582&perks=2579169598,588594999,555281244,2720533289
dimwishlist:item=4116518582&perks=2579169598,588594999,555281244,3824105627
dimwishlist:item=4116518582&perks=2579169598,588594999,2720533289,3824105627
dimwishlist:item=4116518582&perks=2579169598,3161816588,3619207468,699525795
dimwishlist:item=4116518582&perks=2579169598,3161816588,3619207468,555281244
dimwishlist:item=4116518582&perks=2579169598,3161816588,3619207468,2720533289
dimwishlist:item=4116518582&perks=2579169598,3161816588,3619207468,3824105627
dimwishlist:item=4116518582&perks=2579169598,3161816588,699525795,555281244
dimwishlist:item=4116518582&perks=2579169598,3161816588,699525795,2720533289
dimwishlist:item=4116518582&perks=2579169598,3161816588,699525795,3824105627
dimwishlist:item=4116518582&perks=2579169598,3161816588,555281244,2720533289
dimwishlist:item=4116518582&perks=2579169598,3161816588,555281244,3824105627
dimwishlist:item=4116518582&perks=2579169598,3161816588,2720533289,3824105627
dimwishlist:item=4116518582&perks=588594999,3161816588,3619207468,699525795
dimwishlist:item=4116518582&perks=588594999,3161816588,3619207468,555281244
dimwishlist:item=4116518582&perks=588594999,3161816588,3619207468,2720533289
dimwishlist:item=4116518582&perks=588594999,3161816588,3619207468,3824105627
dimwishlist:item=4116518582&perks=588594999,3161816588,699525795,555281244
dimwishlist:item=4116518582&perks=588594999,3161816588,699525795,2720533289
dimwishlist:item=4116518582&perks=588594999,3161816588,699525795,3824105627
dimwishlist:item=4116518582&perks=588594999,3161816588,555281244,2720533289
dimwishlist:item=4116518582&perks=588594999,3161816588,555281244,3824105627
dimwishlist:item=4116518582&perks=588594999,3161816588,2720533289,3824105627
dimwishlist:item=4116518582&perks=2387244414,3619207468,699525795,555281244
dimwishlist:item=4116518582&perks=2387244414,3619207468,699525795,2720533289
dimwishlist:item=4116518582&perks=2387244414,3619207468,699525795,3824105627
dimwishlist:item=4116518582&perks=2387244414,3619207468,555281244,2720533289
dimwishlist:item=4116518582&perks=2387244414,3619207468,555281244,3824105627
dimwishlist:item=4116518582&perks=2387244414,3619207468,2720533289,3824105627
dimwishlist:item=4116518582&perks=2387244414,699525795,555281244,2720533289
dimwishlist:item=4116518582&perks=2387244414,699525795,555281244,3824105627
dimwishlist:item=4116518582&perks=2387244414,699525795,2720533289,3824105627
dimwishlist:item=4116518582&perks=2387244414,555281244,2720533289,3824105627
dimwishlist:item=4116518582&perks=2579169598,3619207468,699525795,555281244
dimwishlist:item=4116518582&perks=2579169598,3619207468,699525795,2720533289
dimwishlist:item=4116518582&perks=2579169598,3619207468,699525795,3824105627
dimwishlist:item=4116518582&perks=2579169598,3619207468,555281244,2720533289
dimwishlist:item=4116518582&perks=2579169598,3619207468,555281244,3824105627
dimwishlist:item=4116518582&perks=2579169598,3619207468,2720533289,3824105627
dimwishlist:item=4116518582&perks=2579169598,699525795,555281244,2720533289
dimwishlist:item=4116518582&perks=2579169598,699525795,555281244,3824105627
dimwishlist:item=4116518582&perks=2579169598,699525795,2720533289,3824105627
dimwishlist:item=4116518582&perks=2579169598,555281244,2720533289,3824105627
dimwishlist:item=4116518582&perks=588594999,3619207468,699525795,555281244
dimwishlist:item=4116518582&perks=588594999,3619207468,699525795,2720533289
dimwishlist:item=4116518582&perks=588594999,3619207468,699525795,3824105627
dimwishlist:item=4116518582&perks=588594999,3619207468,555281244,2720533289
dimwishlist:item=4116518582&perks=588594999,3619207468,555281244,3824105627
dimwishlist:item=4116518582&perks=588594999,3619207468,2720533289,3824105627
dimwishlist:item=4116518582&perks=588594999,699525795,555281244,2720533289
dimwishlist:item=4116518582&perks=588594999,699525795,555281244,3824105627
dimwishlist:item=4116518582&perks=588594999,699525795,2720533289,3824105627
dimwishlist:item=4116518582&perks=588594999,555281244,2720533289,3824105627
dimwishlist:item=4116518582&perks=3161816588,3619207468,699525795,555281244
dimwishlist:item=4116518582&perks=3161816588,3619207468,699525795,2720533289
dimwishlist:item=4116518582&perks=3161816588,3619207468,699525795,3824105627
dimwishlist:item=4116518582&perks=3161816588,3619207468,555281244,2720533289
dimwishlist:item=4116518582&perks=3161816588,3619207468,555281244,3824105627
dimwishlist:item=4116518582&perks=3161816588,3619207468,2720533289,3824105627
dimwishlist:item=4116518582&perks=3161816588,699525795,555281244,2720533289
dimwishlist:item=4116518582&perks=3161816588,699525795,555281244,3824105627
dimwishlist:item=4116518582&perks=3161816588,699525795,2720533289,3824105627
dimwishlist:item=4116518582&perks=3161816588,555281244,2720533289,3824105627
dimwishlist:item=4116518582&perks=2387244414,2579169598,3619207468
dimwishlist:item=4116518582&perks=2387244414,2579169598,699525795
dimwishlist:item=4116518582&perks=2387244414,2579169598,555281244
dimwishlist:item=4116518582&perks=2387244414,2579169598,2720533289
dimwishlist:item=4116518582&perks=2387244414,2579169598,3824105627
dimwishlist:item=4116518582&perks=2387244414,588594999,3619207468
dimwishlist:item=4116518582&perks=2387244414,588594999,699525795
dimwishlist:item=4116518582&perks=2387244414,588594999,555281244
dimwishlist:item=4116518582&perks=2387244414,588594999,2720533289
dimwishlist:item=4116518582&perks=2387244414,588594999,3824105627
dimwishlist:item=4116518582&perks=2387244414,3161816588,3619207468
dimwishlist:item=4116518582&perks=2387244414,3161816588,699525795
dimwishlist:item=4116518582&perks=2387244414,3161816588,555281244
dimwishlist:item=4116518582&perks=2387244414,3161816588,2720533289
dimwishlist:item=4116518582&perks=2387244414,3161816588,3824105627
dimwishlist:item=4116518582&perks=2579169598,588594999,3619207468
dimwishlist:item=4116518582&perks=2579169598,588594999,699525795
dimwishlist:item=4116518582&perks=2579169598,588594999,555281244
dimwishlist:item=4116518582&perks=2579169598,588594999,2720533289
dimwishlist:item=4116518582&perks=2579169598,588594999,3824105627
dimwishlist:item=4116518582&perks=2579169598,3161816588,3619207468
dimwishlist:item=4116518582&perks=2579169598,3161816588,699525795
dimwishlist:item=4116518582&perks=2579169598,3161816588,555281244
dimwishlist:item=4116518582&perks=2579169598,3161816588,2720533289
dimwishlist:item=4116518582&perks=2579169598,3161816588,3824105627
dimwishlist:item=4116518582&perks=588594999,3161816588,3619207468
dimwishlist:item=4116518582&perks=588594999,3161816588,699525795
dimwishlist:item=4116518582&perks=588594999,3161816588,555281244
dimwishlist:item=4116518582&perks=588594999,3161816588,2720533289
dimwishlist:item=4116518582&perks=588594999,3161816588,3824105627
dimwishlist:item=4116518582&perks=2387244414,3619207468,699525795
dimwishlist:item=4116518582&perks=2387244414,3619207468,555281244
dimwishlist:item=4116518582&perks=2387244414,3619207468,2720533289
dimwishlist:item=4116518582&perks=2387244414,3619207468,3824105627
dimwishlist:item=4116518582&perks=2387244414,699525795,555281244
dimwishlist:item=4116518582&perks=2387244414,699525795,2720533289
dimwishlist:item=4116518582&perks=2387244414,699525795,3824105627
dimwishlist:item=4116518582&perks=2387244414,555281244,2720533289
dimwishlist:item=4116518582&perks=2387244414,555281244,3824105627
dimwishlist:item=4116518582&perks=2387244414,2720533289,3824105627
dimwishlist:item=4116518582&perks=2579169598,3619207468,699525795
dimwishlist:item=4116518582&perks=2579169598,3619207468,555281244
dimwishlist:item=4116518582&perks=2579169598,3619207468,2720533289
dimwishlist:item=4116518582&perks=2579169598,3619207468,3824105627
dimwishlist:item=4116518582&perks=2579169598,699525795,555281244
dimwishlist:item=4116518582&perks=2579169598,699525795,2720533289
dimwishlist:item=4116518582&perks=2579169598,699525795,3824105627
dimwishlist:item=4116518582&perks=2579169598,555281244,2720533289
dimwishlist:item=4116518582&perks=2579169598,555281244,3824105627
dimwishlist:item=4116518582&perks=2579169598,2720533289,3824105627
dimwishlist:item=4116518582&perks=588594999,3619207468,699525795
dimwishlist:item=4116518582&perks=588594999,3619207468,555281244
dimwishlist:item=4116518582&perks=588594999,3619207468,2720533289
dimwishlist:item=4116518582&perks=588594999,3619207468,3824105627
dimwishlist:item=4116518582&perks=588594999,699525795,555281244
dimwishlist:item=4116518582&perks=588594999,699525795,2720533289
dimwishlist:item=4116518582&perks=588594999,699525795,3824105627
dimwishlist:item=4116518582&perks=588594999,555281244,2720533289
dimwishlist:item=4116518582&perks=588594999,555281244,3824105627
dimwishlist:item=4116518582&perks=588594999,2720533289,3824105627
dimwishlist:item=4116518582&perks=3161816588,3619207468,699525795
dimwishlist:item=4116518582&perks=3161816588,3619207468,555281244
dimwishlist:item=4116518582&perks=3161816588,3619207468,2720533289
dimwishlist:item=4116518582&perks=3161816588,3619207468,3824105627
dimwishlist:item=4116518582&perks=3161816588,699525795,555281244
dimwishlist:item=4116518582&perks=3161816588,699525795,2720533289
dimwishlist:item=4116518582&perks=3161816588,699525795,3824105627
dimwishlist:item=4116518582&perks=3161816588,555281244,2720533289
dimwishlist:item=4116518582&perks=3161816588,555281244,3824105627
dimwishlist:item=4116518582&perks=3161816588,2720533289,3824105627
dimwishlist:item=4116518582&perks=2387244414,3619207468
dimwishlist:item=4116518582&perks=2387244414,699525795
dimwishlist:item=4116518582&perks=2387244414,555281244
dimwishlist:item=4116518582&perks=2387244414,2720533289
dimwishlist:item=4116518582&perks=2387244414,3824105627
dimwishlist:item=4116518582&perks=2579169598,3619207468
dimwishlist:item=4116518582&perks=2579169598,699525795
dimwishlist:item=4116518582&perks=2579169598,555281244
dimwishlist:item=4116518582&perks=2579169598,2720533289
dimwishlist:item=4116518582&perks=2579169598,3824105627
dimwishlist:item=4116518582&perks=588594999,3619207468
dimwishlist:item=4116518582&perks=588594999,699525795
dimwishlist:item=4116518582&perks=588594999,555281244
dimwishlist:item=4116518582&perks=588594999,2720533289
dimwishlist:item=4116518582&perks=588594999,3824105627
dimwishlist:item=4116518582&perks=3161816588,3619207468
dimwishlist:item=4116518582&perks=3161816588,699525795
dimwishlist:item=4116518582&perks=3161816588,555281244
dimwishlist:item=4116518582&perks=3161816588,2720533289
dimwishlist:item=4116518582&perks=3161816588,3824105627

// #3 Solemn Lie
// itemHash=1041028435
// perks: Slideshot=3161816588; Keep Away=3619207468; Lone Wolf=2579169598; Eye of the Storm=699525795; Rangefinder=2846385770; Opening Shot=47981717
//notes: CrucibleGuidebook tags:pvp
dimwishlist:item=1041028435&perks=3161816588,3619207468,2846385770,2579169598,699525795,47981717
dimwishlist:item=1041028435&perks=3161816588,3619207468,2846385770,2579169598,699525795
dimwishlist:item=1041028435&perks=3161816588,3619207468,2846385770,2579169598,47981717
dimwishlist:item=1041028435&perks=3161816588,3619207468,2846385770,699525795,47981717
dimwishlist:item=1041028435&perks=3161816588,3619207468,2579169598,699525795,47981717
dimwishlist:item=1041028435&perks=3161816588,2846385770,2579169598,699525795,47981717
dimwishlist:item=1041028435&perks=3619207468,2846385770,2579169598,699525795,47981717
dimwishlist:item=1041028435&perks=3161816588,3619207468,2846385770,2579169598
dimwishlist:item=1041028435&perks=3161816588,3619207468,2846385770,699525795
dimwishlist:item=1041028435&perks=3161816588,3619207468,2846385770,47981717
dimwishlist:item=1041028435&perks=3161816588,3619207468,2579169598,699525795
dimwishlist:item=1041028435&perks=3161816588,3619207468,2579169598,47981717
dimwishlist:item=1041028435&perks=3161816588,3619207468,699525795,47981717
dimwishlist:item=1041028435&perks=3161816588,2846385770,2579169598,699525795
dimwishlist:item=1041028435&perks=3161816588,2846385770,2579169598,47981717
dimwishlist:item=1041028435&perks=3161816588,2846385770,699525795,47981717
dimwishlist:item=1041028435&perks=3619207468,2846385770,2579169598,699525795
dimwishlist:item=1041028435&perks=3619207468,2846385770,2579169598,47981717
dimwishlist:item=1041028435&perks=3619207468,2846385770,699525795,47981717
dimwishlist:item=1041028435&perks=3161816588,2579169598,699525795,47981717
dimwishlist:item=1041028435&perks=3619207468,2579169598,699525795,47981717
dimwishlist:item=1041028435&perks=2846385770,2579169598,699525795,47981717
dimwishlist:item=1041028435&perks=3161816588,3619207468,2579169598
dimwishlist:item=1041028435&perks=3161816588,3619207468,699525795
dimwishlist:item=1041028435&perks=3161816588,3619207468,47981717
dimwishlist:item=1041028435&perks=3161816588,2846385770,2579169598
dimwishlist:item=1041028435&perks=3161816588,2846385770,699525795
dimwishlist:item=1041028435&perks=3161816588,2846385770,47981717
dimwishlist:item=1041028435&perks=3619207468,2846385770,2579169598
dimwishlist:item=1041028435&perks=3619207468,2846385770,699525795
dimwishlist:item=1041028435&perks=3619207468,2846385770,47981717
dimwishlist:item=1041028435&perks=3161816588,2579169598,699525795
dimwishlist:item=1041028435&perks=3161816588,2579169598,47981717
dimwishlist:item=1041028435&perks=3161816588,699525795,47981717
dimwishlist:item=1041028435&perks=3619207468,2579169598,699525795
dimwishlist:item=1041028435&perks=3619207468,2579169598,47981717
dimwishlist:item=1041028435&perks=3619207468,699525795,47981717
dimwishlist:item=1041028435&perks=2846385770,2579169598,699525795
dimwishlist:item=1041028435&perks=2846385770,2579169598,47981717
dimwishlist:item=1041028435&perks=2846385770,699525795,47981717
dimwishlist:item=1041028435&perks=3161816588,2579169598
dimwishlist:item=1041028435&perks=3161816588,699525795
dimwishlist:item=1041028435&perks=3161816588,47981717
dimwishlist:item=1041028435&perks=3619207468,2579169598
dimwishlist:item=1041028435&perks=3619207468,699525795
dimwishlist:item=1041028435&perks=3619207468,47981717
dimwishlist:item=1041028435&perks=2846385770,2579169598
dimwishlist:item=1041028435&perks=2846385770,699525795
dimwishlist:item=1041028435&perks=2846385770,47981717

// #4 Crimil's Dagger
// itemHash=1617917863
// perks: Slideways=2039302152; Slideshot=3161816588; Keep Away=3619207468; Lone Wolf=2579169598; Opening Shot=47981717; Precision Instrument=555281244; Eye of the Storm=699525795; Explosive Payload=3038247973; Firefly=3824105627
//notes: CrucibleGuidebook tags:pvp
dimwishlist:item=1617917863&perks=2039302152,3161816588,3619207468,2579169598,47981717,3824105627,555281244,699525795,3038247973
dimwishlist:item=1617917863&perks=2039302152,3161816588,3619207468,2579169598,47981717,3824105627,555281244,699525795
dimwishlist:item=1617917863&perks=2039302152,3161816588,3619207468,2579169598,47981717,3824105627,555281244,3038247973
dimwishlist:item=1617917863&perks=2039302152,3161816588,3619207468,2579169598,47981717,3824105627,699525795,3038247973
dimwishlist:item=1617917863&perks=2039302152,3161816588,3619207468,2579169598,47981717,555281244,699525795,3038247973
dimwishlist:item=1617917863&perks=2039302152,3161816588,3619207468,2579169598,3824105627,555281244,699525795,3038247973
dimwishlist:item=1617917863&perks=2039302152,3161816588,3619207468,47981717,3824105627,555281244,699525795,3038247973
dimwishlist:item=1617917863&perks=2039302152,3161816588,2579169598,47981717,3824105627,555281244,699525795,3038247973
dimwishlist:item=1617917863&perks=2039302152,3619207468,2579169598,47981717,3824105627,555281244,699525795,3038247973
dimwishlist:item=1617917863&perks=3161816588,3619207468,2579169598,47981717,3824105627,555281244,699525795,3038247973
dimwishlist:item=1617917863&perks=2039302152,3161816588,3619207468,2579169598,47981717,3824105627,555281244
dimwishlist:item=1617917863&perks=2039302152,3161816588,3619207468,2579169598,47981717,3824105627,699525795
dimwishlist:item=1617917863&perks=2039302152,3161816588,3619207468,2579169598,47981717,3824105627,3038247973
dimwishlist:item=1617917863&perks=2039302152,3161816588,3619207468,2579169598,47981717,555281244,699525795
dimwishlist:item=1617917863&perks=2039302152,3161816588,3619207468,2579169598,47981717,555281244,3038247973
dimwishlist:item=1617917863&perks=2039302152,3161816588,3619207468,2579169598,47981717,699525795,3038247973
dimwishlist:item=1617917863&perks=2039302152,3161816588,3619207468,2579169598,3824105627,555281244,699525795
dimwishlist:item=1617917863&perks=2039302152,3161816588,3619207468,2579169598,3824105627,555281244,3038247973
dimwishlist:item=1617917863&perks=2039302152,3161816588,3619207468,2579169598,3824105627,699525795,3038247973
dimwishlist:item=1617917863&perks=2039302152,3161816588,3619207468,47981717,3824105627,555281244,699525795
dimwishlist:item=1617917863&perks=2039302152,3161816588,3619207468,47981717,3824105627,555281244,3038247973
dimwishlist:item=1617917863&perks=2039302152,3161816588,3619207468,47981717,3824105627,699525795,3038247973
dimwishlist:item=1617917863&perks=2039302152,3161816588,2579169598,47981717,3824105627,555281244,699525795
dimwishlist:item=1617917863&perks=2039302152,3161816588,2579169598,47981717,3824105627,555281244,3038247973
dimwishlist:item=1617917863&perks=2039302152,3161816588,2579169598,47981717,3824105627,699525795,3038247973
dimwishlist:item=1617917863&perks=2039302152,3619207468,2579169598,47981717,3824105627,555281244,699525795
dimwishlist:item=1617917863&perks=2039302152,3619207468,2579169598,47981717,3824105627,555281244,3038247973
dimwishlist:item=1617917863&perks=2039302152,3619207468,2579169598,47981717,3824105627,699525795,3038247973
dimwishlist:item=1617917863&perks=3161816588,3619207468,2579169598,47981717,3824105627,555281244,699525795
dimwishlist:item=1617917863&perks=3161816588,3619207468,2579169598,47981717,3824105627,555281244,3038247973
dimwishlist:item=1617917863&perks=3161816588,3619207468,2579169598,47981717,3824105627,699525795,3038247973
dimwishlist:item=1617917863&perks=2039302152,3161816588,3619207468,2579169598,555281244,699525795,3038247973
dimwishlist:item=1617917863&perks=2039302152,3161816588,3619207468,47981717,555281244,699525795,3038247973
dimwishlist:item=1617917863&perks=2039302152,3161816588,3619207468,3824105627,555281244,699525795,3038247973
dimwishlist:item=1617917863&perks=2039302152,3161816588,2579169598,47981717,555281244,699525795,3038247973
dimwishlist:item=1617917863&perks=2039302152,3161816588,2579169598,3824105627,555281244,699525795,3038247973
dimwishlist:item=1617917863&perks=2039302152,3161816588,47981717,3824105627,555281244,699525795,3038247973
dimwishlist:item=1617917863&perks=2039302152,3619207468,2579169598,47981717,555281244,699525795,3038247973
dimwishlist:item=1617917863&perks=2039302152,3619207468,2579169598,3824105627,555281244,699525795,3038247973
dimwishlist:item=1617917863&perks=2039302152,3619207468,47981717,3824105627,555281244,699525795,3038247973
dimwishlist:item=1617917863&perks=2039302152,2579169598,47981717,3824105627,555281244,699525795,3038247973
dimwishlist:item=1617917863&perks=3161816588,3619207468,2579169598,47981717,555281244,699525795,3038247973
dimwishlist:item=1617917863&perks=3161816588,3619207468,2579169598,3824105627,555281244,699525795,3038247973
dimwishlist:item=1617917863&perks=3161816588,3619207468,47981717,3824105627,555281244,699525795,3038247973
dimwishlist:item=1617917863&perks=3161816588,2579169598,47981717,3824105627,555281244,699525795,3038247973
dimwishlist:item=1617917863&perks=3619207468,2579169598,47981717,3824105627,555281244,699525795,3038247973
dimwishlist:item=1617917863&perks=2039302152,3161816588,3619207468,2579169598,47981717,555281244
dimwishlist:item=1617917863&perks=2039302152,3161816588,3619207468,2579169598,47981717,699525795
dimwishlist:item=1617917863&perks=2039302152,3161816588,3619207468,2579169598,47981717,3038247973
dimwishlist:item=1617917863&perks=2039302152,3161816588,3619207468,2579169598,3824105627,555281244
dimwishlist:item=1617917863&perks=2039302152,3161816588,3619207468,2579169598,3824105627,699525795
dimwishlist:item=1617917863&perks=2039302152,3161816588,3619207468,2579169598,3824105627,3038247973
dimwishlist:item=1617917863&perks=2039302152,3161816588,3619207468,47981717,3824105627,555281244
dimwishlist:item=1617917863&perks=2039302152,3161816588,3619207468,47981717,3824105627,699525795
dimwishlist:item=1617917863&perks=2039302152,3161816588,3619207468,47981717,3824105627,3038247973
dimwishlist:item=1617917863&perks=2039302152,3161816588,2579169598,47981717,3824105627,555281244
dimwishlist:item=1617917863&perks=2039302152,3161816588,2579169598,47981717,3824105627,699525795
dimwishlist:item=1617917863&perks=2039302152,3161816588,2579169598,47981717,3824105627,3038247973
dimwishlist:item=1617917863&perks=2039302152,3619207468,2579169598,47981717,3824105627,555281244
dimwishlist:item=1617917863&perks=2039302152,3619207468,2579169598,47981717,3824105627,699525795
dimwishlist:item=1617917863&perks=2039302152,3619207468,2579169598,47981717,3824105627,3038247973
dimwishlist:item=1617917863&perks=3161816588,3619207468,2579169598,47981717,3824105627,555281244
dimwishlist:item=1617917863&perks=3161816588,3619207468,2579169598,47981717,3824105627,699525795
dimwishlist:item=1617917863&perks=3161816588,3619207468,2579169598,47981717,3824105627,3038247973
dimwishlist:item=1617917863&perks=2039302152,3161816588,3619207468,2579169598,555281244,699525795
dimwishlist:item=1617917863&perks=2039302152,3161816588,3619207468,2579169598,555281244,3038247973
dimwishlist:item=1617917863&perks=2039302152,3161816588,3619207468,2579169598,699525795,3038247973
dimwishlist:item=1617917863&perks=2039302152,3161816588,3619207468,47981717,555281244,699525795
dimwishlist:item=1617917863&perks=2039302152,3161816588,3619207468,47981717,555281244,3038247973
dimwishlist:item=1617917863&perks=2039302152,3161816588,3619207468,47981717,699525795,3038247973
dimwishlist:item=1617917863&perks=2039302152,3161816588,3619207468,3824105627,555281244,699525795
dimwishlist:item=1617917863&perks=2039302152,3161816588,3619207468,3824105627,555281244,3038247973
dimwishlist:item=1617917863&perks=2039302152,3161816588,3619207468,3824105627,699525795,3038247973
dimwishlist:item=1617917863&perks=2039302152,3161816588,2579169598,47981717,555281244,699525795
dimwishlist:item=1617917863&perks=2039302152,3161816588,2579169598,47981717,555281244,3038247973
dimwishlist:item=1617917863&perks=2039302152,3161816588,2579169598,47981717,699525795,3038247973
dimwishlist:item=1617917863&perks=2039302152,3161816588,2579169598,3824105627,555281244,699525795
dimwishlist:item=1617917863&perks=2039302152,3161816588,2579169598,3824105627,555281244,3038247973
dimwishlist:item=1617917863&perks=2039302152,3161816588,2579169598,3824105627,699525795,3038247973
dimwishlist:item=1617917863&perks=2039302152,3161816588,47981717,3824105627,555281244,699525795
dimwishlist:item=1617917863&perks=2039302152,3161816588,47981717,3824105627,555281244,3038247973
dimwishlist:item=1617917863&perks=2039302152,3161816588,47981717,3824105627,699525795,3038247973
dimwishlist:item=1617917863&perks=2039302152,3619207468,2579169598,47981717,555281244,699525795
dimwishlist:item=1617917863&perks=2039302152,3619207468,2579169598,47981717,555281244,3038247973
dimwishlist:item=1617917863&perks=2039302152,3619207468,2579169598,47981717,699525795,3038247973
dimwishlist:item=1617917863&perks=2039302152,3619207468,2579169598,3824105627,555281244,699525795
dimwishlist:item=1617917863&perks=2039302152,3619207468,2579169598,3824105627,555281244,3038247973
dimwishlist:item=1617917863&perks=2039302152,3619207468,2579169598,3824105627,699525795,3038247973
dimwishlist:item=1617917863&perks=2039302152,3619207468,47981717,3824105627,555281244,699525795
dimwishlist:item=1617917863&perks=2039302152,3619207468,47981717,3824105627,555281244,3038247973
dimwishlist:item=1617917863&perks=2039302152,3619207468,47981717,3824105627,699525795,3038247973
dimwishlist:item=1617917863&perks=2039302152,2579169598,47981717,3824105627,555281244,699525795
dimwishlist:item=1617917863&perks=2039302152,2579169598,47981717,3824105627,555281244,3038247973
dimwishlist:item=1617917863&perks=2039302152,2579169598,47981717,3824105627,699525795,3038247973
dimwishlist:item=1617917863&perks=3161816588,3619207468,2579169598,47981717,555281244,699525795
dimwishlist:item=1617917863&perks=3161816588,3619207468,2579169598,47981717,555281244,3038247973
dimwishlist:item=1617917863&perks=3161816588,3619207468,2579169598,47981717,699525795,3038247973
dimwishlist:item=1617917863&perks=3161816588,3619207468,2579169598,3824105627,555281244,699525795
dimwishlist:item=1617917863&perks=3161816588,3619207468,2579169598,3824105627,555281244,3038247973
dimwishlist:item=1617917863&perks=3161816588,3619207468,2579169598,3824105627,699525795,3038247973
dimwishlist:item=1617917863&perks=3161816588,3619207468,47981717,3824105627,555281244,699525795
dimwishlist:item=1617917863&perks=3161816588,3619207468,47981717,3824105627,555281244,3038247973
dimwishlist:item=1617917863&perks=3161816588,3619207468,47981717,3824105627,699525795,3038247973
dimwishlist:item=1617917863&perks=3161816588,2579169598,47981717,3824105627,555281244,699525795
dimwishlist:item=1617917863&perks=3161816588,2579169598,47981717,3824105627,555281244,3038247973
dimwishlist:item=1617917863&perks=3161816588,2579169598,47981717,3824105627,699525795,3038247973
dimwishlist:item=1617917863&perks=3619207468,2579169598,47981717,3824105627,555281244,699525795
dimwishlist:item=1617917863&perks=3619207468,2579169598,47981717,3824105627,555281244,3038247973
dimwishlist:item=1617917863&perks=3619207468,2579169598,47981717,3824105627,699525795,3038247973
dimwishlist:item=1617917863&perks=2039302152,3161816588,3619207468,555281244,699525795,3038247973
dimwishlist:item=1617917863&perks=2039302152,3161816588,2579169598,555281244,699525795,3038247973
dimwishlist:item=1617917863&perks=2039302152,3161816588,47981717,555281244,699525795,3038247973
dimwishlist:item=1617917863&perks=2039302152,3161816588,3824105627,555281244,699525795,3038247973
dimwishlist:item=1617917863&perks=2039302152,3619207468,2579169598,555281244,699525795,3038247973
dimwishlist:item=1617917863&perks=2039302152,3619207468,47981717,555281244,699525795,3038247973
dimwishlist:item=1617917863&perks=2039302152,3619207468,3824105627,555281244,699525795,3038247973
dimwishlist:item=1617917863&perks=2039302152,2579169598,47981717,555281244,699525795,3038247973
dimwishlist:item=1617917863&perks=2039302152,2579169598,3824105627,555281244,699525795,3038247973
dimwishlist:item=1617917863&perks=2039302152,47981717,3824105627,555281244,699525795,3038247973
dimwishlist:item=1617917863&perks=3161816588,3619207468,2579169598,555281244,699525795,3038247973
dimwishlist:item=1617917863&perks=3161816588,3619207468,47981717,555281244,699525795,3038247973
dimwishlist:item=1617917863&perks=3161816588,3619207468,3824105627,555281244,699525795,3038247973
dimwishlist:item=1617917863&perks=3161816588,2579169598,47981717,555281244,699525795,3038247973
dimwishlist:item=1617917863&perks=3161816588,2579169598,3824105627,555281244,699525795,3038247973
dimwishlist:item=1617917863&perks=3161816588,47981717,3824105627,555281244,699525795,3038247973
dimwishlist:item=1617917863&perks=3619207468,2579169598,47981717,555281244,699525795,3038247973
dimwishlist:item=1617917863&perks=3619207468,2579169598,3824105627,555281244,699525795,3038247973
dimwishlist:item=1617917863&perks=3619207468,47981717,3824105627,555281244,699525795,3038247973
dimwishlist:item=1617917863&perks=2579169598,47981717,3824105627,555281244,699525795,3038247973
dimwishlist:item=1617917863&perks=2039302152,3161816588,3619207468,2579169598,555281244
dimwishlist:item=1617917863&perks=2039302152,3161816588,3619207468,2579169598,699525795
dimwishlist:item=1617917863&perks=2039302152,3161816588,3619207468,2579169598,3038247973
dimwishlist:item=1617917863&perks=2039302152,3161816588,3619207468,47981717,555281244
dimwishlist:item=1617917863&perks=2039302152,3161816588,3619207468,47981717,699525795
dimwishlist:item=1617917863&perks=2039302152,3161816588,3619207468,47981717,3038247973
dimwishlist:item=1617917863&perks=2039302152,3161816588,3619207468,3824105627,555281244
dimwishlist:item=1617917863&perks=2039302152,3161816588,3619207468,3824105627,699525795
dimwishlist:item=1617917863&perks=2039302152,3161816588,3619207468,3824105627,3038247973
dimwishlist:item=1617917863&perks=2039302152,3161816588,2579169598,47981717,555281244
dimwishlist:item=1617917863&perks=2039302152,3161816588,2579169598,47981717,699525795
dimwishlist:item=1617917863&perks=2039302152,3161816588,2579169598,47981717,3038247973
dimwishlist:item=1617917863&perks=2039302152,3161816588,2579169598,3824105627,555281244
dimwishlist:item=1617917863&perks=2039302152,3161816588,2579169598,3824105627,699525795
dimwishlist:item=1617917863&perks=2039302152,3161816588,2579169598,3824105627,3038247973
dimwishlist:item=1617917863&perks=2039302152,3161816588,47981717,3824105627,555281244
dimwishlist:item=1617917863&perks=2039302152,3161816588,47981717,3824105627,699525795
dimwishlist:item=1617917863&perks=2039302152,3161816588,47981717,3824105627,3038247973
dimwishlist:item=1617917863&perks=2039302152,3619207468,2579169598,47981717,555281244
dimwishlist:item=1617917863&perks=2039302152,3619207468,2579169598,47981717,699525795
dimwishlist:item=1617917863&perks=2039302152,3619207468,2579169598,47981717,3038247973
dimwishlist:item=1617917863&perks=2039302152,3619207468,2579169598,3824105627,555281244
dimwishlist:item=1617917863&perks=2039302152,3619207468,2579169598,3824105627,699525795
dimwishlist:item=1617917863&perks=2039302152,3619207468,2579169598,3824105627,3038247973
dimwishlist:item=1617917863&perks=2039302152,3619207468,47981717,3824105627,555281244
dimwishlist:item=1617917863&perks=2039302152,3619207468,47981717,3824105627,699525795
dimwishlist:item=1617917863&perks=2039302152,3619207468,47981717,3824105627,3038247973
dimwishlist:item=1617917863&perks=2039302152,2579169598,47981717,3824105627,555281244
dimwishlist:item=1617917863&perks=2039302152,2579169598,47981717,3824105627,699525795
dimwishlist:item=1617917863&perks=2039302152,2579169598,47981717,3824105627,3038247973
dimwishlist:item=1617917863&perks=3161816588,3619207468,2579169598,47981717,555281244
dimwishlist:item=1617917863&perks=3161816588,3619207468,2579169598,47981717,699525795
dimwishlist:item=1617917863&perks=3161816588,3619207468,2579169598,47981717,3038247973
dimwishlist:item=1617917863&perks=3161816588,3619207468,2579169598,3824105627,555281244
dimwishlist:item=1617917863&perks=3161816588,3619207468,2579169598,3824105627,699525795
dimwishlist:item=1617917863&perks=3161816588,3619207468,2579169598,3824105627,3038247973
dimwishlist:item=1617917863&perks=3161816588,3619207468,47981717,3824105627,555281244
dimwishlist:item=1617917863&perks=3161816588,3619207468,47981717,3824105627,699525795
dimwishlist:item=1617917863&perks=3161816588,3619207468,47981717,3824105627,3038247973
dimwishlist:item=1617917863&perks=3161816588,2579169598,47981717,3824105627,555281244
dimwishlist:item=1617917863&perks=3161816588,2579169598,47981717,3824105627,699525795
dimwishlist:item=1617917863&perks=3161816588,2579169598,47981717,3824105627,3038247973
dimwishlist:item=1617917863&perks=3619207468,2579169598,47981717,3824105627,555281244
dimwishlist:item=1617917863&perks=3619207468,2579169598,47981717,3824105627,699525795
dimwishlist:item=1617917863&perks=3619207468,2579169598,47981717,3824105627,3038247973
dimwishlist:item=1617917863&perks=2039302152,3161816588,3619207468,555281244,699525795
dimwishlist:item=1617917863&perks=2039302152,3161816588,3619207468,555281244,3038247973
dimwishlist:item=1617917863&perks=2039302152,3161816588,3619207468,699525795,3038247973
dimwishlist:item=1617917863&perks=2039302152,3161816588,2579169598,555281244,699525795
dimwishlist:item=1617917863&perks=2039302152,3161816588,2579169598,555281244,3038247973
dimwishlist:item=1617917863&perks=2039302152,3161816588,2579169598,699525795,3038247973
dimwishlist:item=1617917863&perks=2039302152,3161816588,47981717,555281244,699525795
dimwishlist:item=1617917863&perks=2039302152,3161816588,47981717,555281244,3038247973
dimwishlist:item=1617917863&perks=2039302152,3161816588,47981717,699525795,3038247973
dimwishlist:item=1617917863&perks=2039302152,3161816588,3824105627,555281244,699525795
dimwishlist:item=1617917863&perks=2039302152,3161816588,3824105627,555281244,3038247973
dimwishlist:item=1617917863&perks=2039302152,3161816588,3824105627,699525795,3038247973
dimwishlist:item=1617917863&perks=2039302152,3619207468,2579169598,555281244,699525795
dimwishlist:item=1617917863&perks=2039302152,3619207468,2579169598,555281244,3038247973
dimwishlist:item=1617917863&perks=2039302152,3619207468,2579169598,699525795,3038247973
dimwishlist:item=1617917863&perks=2039302152,3619207468,47981717,555281244,699525795
dimwishlist:item=1617917863&perks=2039302152,3619207468,47981717,555281244,3038247973
dimwishlist:item=1617917863&perks=2039302152,3619207468,47981717,699525795,3038247973
dimwishlist:item=1617917863&perks=2039302152,3619207468,3824105627,555281244,699525795
dimwishlist:item=1617917863&perks=2039302152,3619207468,3824105627,555281244,3038247973
dimwishlist:item=1617917863&perks=2039302152,3619207468,3824105627,699525795,3038247973
dimwishlist:item=1617917863&perks=2039302152,2579169598,47981717,555281244,699525795
dimwishlist:item=1617917863&perks=2039302152,2579169598,47981717,555281244,3038247973
dimwishlist:item=1617917863&perks=2039302152,2579169598,47981717,699525795,3038247973
dimwishlist:item=1617917863&perks=2039302152,2579169598,3824105627,555281244,699525795
dimwishlist:item=1617917863&perks=2039302152,2579169598,3824105627,555281244,3038247973
dimwishlist:item=1617917863&perks=2039302152,2579169598,3824105627,699525795,3038247973
dimwishlist:item=1617917863&perks=2039302152,47981717,3824105627,555281244,699525795
dimwishlist:item=1617917863&perks=2039302152,47981717,3824105627,555281244,3038247973
dimwishlist:item=1617917863&perks=2039302152,47981717,3824105627,699525795,3038247973
dimwishlist:item=1617917863&perks=3161816588,3619207468,2579169598,555281244,699525795
dimwishlist:item=1617917863&perks=3161816588,3619207468,2579169598,555281244,3038247973
dimwishlist:item=1617917863&perks=3161816588,3619207468,2579169598,699525795,3038247973
dimwishlist:item=1617917863&perks=3161816588,3619207468,47981717,555281244,699525795
dimwishlist:item=1617917863&perks=3161816588,3619207468,47981717,555281244,3038247973
dimwishlist:item=1617917863&perks=3161816588,3619207468,47981717,699525795,3038247973
dimwishlist:item=1617917863&perks=3161816588,3619207468,3824105627,555281244,699525795
dimwishlist:item=1617917863&perks=3161816588,3619207468,3824105627,555281244,3038247973
dimwishlist:item=1617917863&perks=3161816588,3619207468,3824105627,699525795,3038247973
dimwishlist:item=1617917863&perks=3161816588,2579169598,47981717,555281244,699525795
dimwishlist:item=1617917863&perks=3161816588,2579169598,47981717,555281244,3038247973
dimwishlist:item=1617917863&perks=3161816588,2579169598,47981717,699525795,3038247973
dimwishlist:item=1617917863&perks=3161816588,2579169598,3824105627,555281244,699525795
dimwishlist:item=1617917863&perks=3161816588,2579169598,3824105627,555281244,3038247973
dimwishlist:item=1617917863&perks=3161816588,2579169598,3824105627,699525795,3038247973
dimwishlist:item=1617917863&perks=3161816588,47981717,3824105627,555281244,699525795
dimwishlist:item=1617917863&perks=3161816588,47981717,3824105627,555281244,3038247973
dimwishlist:item=1617917863&perks=3161816588,47981717,3824105627,699525795,3038247973
dimwishlist:item=1617917863&perks=3619207468,2579169598,47981717,555281244,699525795
dimwishlist:item=1617917863&perks=3619207468,2579169598,47981717,555281244,3038247973
dimwishlist:item=1617917863&perks=3619207468,2579169598,47981717,699525795,3038247973
dimwishlist:item=1617917863&perks=3619207468,2579169598,3824105627,555281244,699525795
dimwishlist:item=1617917863&perks=3619207468,2579169598,3824105627,555281244,3038247973
dimwishlist:item=1617917863&perks=3619207468,2579169598,3824105627,699525795,3038247973
dimwishlist:item=1617917863&perks=3619207468,47981717,3824105627,555281244,699525795
dimwishlist:item=1617917863&perks=3619207468,47981717,3824105627,555281244,3038247973
dimwishlist:item=1617917863&perks=3619207468,47981717,3824105627,699525795,3038247973
dimwishlist:item=1617917863&perks=2579169598,47981717,3824105627,555281244,699525795
dimwishlist:item=1617917863&perks=2579169598,47981717,3824105627,555281244,3038247973
dimwishlist:item=1617917863&perks=2579169598,47981717,3824105627,699525795,3038247973
dimwishlist:item=1617917863&perks=2039302152,3161816588,555281244,699525795,3038247973
dimwishlist:item=1617917863&perks=2039302152,3619207468,555281244,699525795,3038247973
dimwishlist:item=1617917863&perks=2039302152,2579169598,555281244,699525795,3038247973
dimwishlist:item=1617917863&perks=2039302152,47981717,555281244,699525795,3038247973
dimwishlist:item=1617917863&perks=2039302152,3824105627,555281244,699525795,3038247973
dimwishlist:item=1617917863&perks=3161816588,3619207468,555281244,699525795,3038247973
dimwishlist:item=1617917863&perks=3161816588,2579169598,555281244,699525795,3038247973
dimwishlist:item=1617917863&perks=3161816588,47981717,555281244,699525795,3038247973
dimwishlist:item=1617917863&perks=3161816588,3824105627,555281244,699525795,3038247973
dimwishlist:item=1617917863&perks=3619207468,2579169598,555281244,699525795,3038247973
dimwishlist:item=1617917863&perks=3619207468,47981717,555281244,699525795,3038247973
dimwishlist:item=1617917863&perks=3619207468,3824105627,555281244,699525795,3038247973
dimwishlist:item=1617917863&perks=2579169598,47981717,555281244,699525795,3038247973
dimwishlist:item=1617917863&perks=2579169598,3824105627,555281244,699525795,3038247973
dimwishlist:item=1617917863&perks=47981717,3824105627,555281244,699525795,3038247973
dimwishlist:item=1617917863&perks=2039302152,3161816588,3619207468,555281244
dimwishlist:item=1617917863&perks=2039302152,3161816588,3619207468,699525795
dimwishlist:item=1617917863&perks=2039302152,3161816588,3619207468,3038247973
dimwishlist:item=1617917863&perks=2039302152,3161816588,2579169598,555281244
dimwishlist:item=1617917863&perks=2039302152,3161816588,2579169598,699525795
dimwishlist:item=1617917863&perks=2039302152,3161816588,2579169598,3038247973
dimwishlist:item=1617917863&perks=2039302152,3161816588,47981717,555281244
dimwishlist:item=1617917863&perks=2039302152,3161816588,47981717,699525795
dimwishlist:item=1617917863&perks=2039302152,3161816588,47981717,3038247973
dimwishlist:item=1617917863&perks=2039302152,3161816588,3824105627,555281244
dimwishlist:item=1617917863&perks=2039302152,3161816588,3824105627,699525795
dimwishlist:item=1617917863&perks=2039302152,3161816588,3824105627,3038247973
dimwishlist:item=1617917863&perks=2039302152,3619207468,2579169598,555281244
dimwishlist:item=1617917863&perks=2039302152,3619207468,2579169598,699525795
dimwishlist:item=1617917863&perks=2039302152,3619207468,2579169598,3038247973
dimwishlist:item=1617917863&perks=2039302152,3619207468,47981717,555281244
dimwishlist:item=1617917863&perks=2039302152,3619207468,47981717,699525795
dimwishlist:item=1617917863&perks=2039302152,3619207468,47981717,3038247973
dimwishlist:item=1617917863&perks=2039302152,3619207468,3824105627,555281244
dimwishlist:item=1617917863&perks=2039302152,3619207468,3824105627,699525795
dimwishlist:item=1617917863&perks=2039302152,3619207468,3824105627,3038247973
dimwishlist:item=1617917863&perks=2039302152,2579169598,47981717,555281244
dimwishlist:item=1617917863&perks=2039302152,2579169598,47981717,699525795
dimwishlist:item=1617917863&perks=2039302152,2579169598,47981717,3038247973
dimwishlist:item=1617917863&perks=2039302152,2579169598,3824105627,555281244
dimwishlist:item=1617917863&perks=2039302152,2579169598,3824105627,699525795
dimwishlist:item=1617917863&perks=2039302152,2579169598,3824105627,3038247973
dimwishlist:item=1617917863&perks=2039302152,47981717,3824105627,555281244
dimwishlist:item=1617917863&perks=2039302152,47981717,3824105627,699525795
dimwishlist:item=1617917863&perks=2039302152,47981717,3824105627,3038247973
dimwishlist:item=1617917863&perks=3161816588,3619207468,2579169598,555281244
dimwishlist:item=1617917863&perks=3161816588,3619207468,2579169598,699525795
dimwishlist:item=1617917863&perks=3161816588,3619207468,2579169598,3038247973
dimwishlist:item=1617917863&perks=3161816588,3619207468,47981717,555281244
dimwishlist:item=1617917863&perks=3161816588,3619207468,47981717,699525795
dimwishlist:item=1617917863&perks=3161816588,3619207468,47981717,3038247973
dimwishlist:item=1617917863&perks=3161816588,3619207468,3824105627,555281244
dimwishlist:item=1617917863&perks=3161816588,3619207468,3824105627,699525795
dimwishlist:item=1617917863&perks=3161816588,3619207468,3824105627,3038247973
dimwishlist:item=1617917863&perks=3161816588,2579169598,47981717,555281244
dimwishlist:item=1617917863&perks=3161816588,2579169598,47981717,699525795
dimwishlist:item=1617917863&perks=3161816588,2579169598,47981717,3038247973
dimwishlist:item=1617917863&perks=3161816588,2579169598,3824105627,555281244
dimwishlist:item=1617917863&perks=3161816588,2579169598,3824105627,699525795
dimwishlist:item=1617917863&perks=3161816588,2579169598,3824105627,3038247973
dimwishlist:item=1617917863&perks=3161816588,47981717,3824105627,555281244
dimwishlist:item=1617917863&perks=3161816588,47981717,3824105627,699525795
dimwishlist:item=1617917863&perks=3161816588,47981717,3824105627,3038247973
dimwishlist:item=1617917863&perks=3619207468,2579169598,47981717,555281244
dimwishlist:item=1617917863&perks=3619207468,2579169598,47981717,699525795
dimwishlist:item=1617917863&perks=3619207468,2579169598,47981717,3038247973
dimwishlist:item=1617917863&perks=3619207468,2579169598,3824105627,555281244
dimwishlist:item=1617917863&perks=3619207468,2579169598,3824105627,699525795
dimwishlist:item=1617917863&perks=3619207468,2579169598,3824105627,3038247973
dimwishlist:item=1617917863&perks=3619207468,47981717,3824105627,555281244
dimwishlist:item=1617917863&perks=3619207468,47981717,3824105627,699525795
dimwishlist:item=1617917863&perks=3619207468,47981717,3824105627,3038247973
dimwishlist:item=1617917863&perks=2579169598,47981717,3824105627,555281244
dimwishlist:item=1617917863&perks=2579169598,47981717,3824105627,699525795
dimwishlist:item=1617917863&perks=2579169598,47981717,3824105627,3038247973
dimwishlist:item=1617917863&perks=2039302152,3161816588,555281244,699525795
dimwishlist:item=1617917863&perks=2039302152,3161816588,555281244,3038247973
dimwishlist:item=1617917863&perks=2039302152,3161816588,699525795,3038247973
dimwishlist:item=1617917863&perks=2039302152,3619207468,555281244,699525795
dimwishlist:item=1617917863&perks=2039302152,3619207468,555281244,3038247973
dimwishlist:item=1617917863&perks=2039302152,3619207468,699525795,3038247973
dimwishlist:item=1617917863&perks=2039302152,2579169598,555281244,699525795
dimwishlist:item=1617917863&perks=2039302152,2579169598,555281244,3038247973
dimwishlist:item=1617917863&perks=2039302152,2579169598,699525795,3038247973
dimwishlist:item=1617917863&perks=2039302152,47981717,555281244,699525795
dimwishlist:item=1617917863&perks=2039302152,47981717,555281244,3038247973
dimwishlist:item=1617917863&perks=2039302152,47981717,699525795,3038247973
dimwishlist:item=1617917863&perks=2039302152,3824105627,555281244,699525795
dimwishlist:item=1617917863&perks=2039302152,3824105627,555281244,3038247973
dimwishlist:item=1617917863&perks=2039302152,3824105627,699525795,3038247973
dimwishlist:item=1617917863&perks=3161816588,3619207468,555281244,699525795
dimwishlist:item=1617917863&perks=3161816588,3619207468,555281244,3038247973
dimwishlist:item=1617917863&perks=3161816588,3619207468,699525795,3038247973
dimwishlist:item=1617917863&perks=3161816588,2579169598,555281244,699525795
dimwishlist:item=1617917863&perks=3161816588,2579169598,555281244,3038247973
dimwishlist:item=1617917863&perks=3161816588,2579169598,699525795,3038247973
dimwishlist:item=1617917863&perks=3161816588,47981717,555281244,699525795
dimwishlist:item=1617917863&perks=3161816588,47981717,555281244,3038247973
dimwishlist:item=1617917863&perks=3161816588,47981717,699525795,3038247973
dimwishlist:item=1617917863&perks=3161816588,3824105627,555281244,699525795
dimwishlist:item=1617917863&perks=3161816588,3824105627,555281244,3038247973
dimwishlist:item=1617917863&perks=3161816588,3824105627,699525795,3038247973
dimwishlist:item=1617917863&perks=3619207468,2579169598,555281244,699525795
dimwishlist:item=1617917863&perks=3619207468,2579169598,555281244,3038247973
dimwishlist:item=1617917863&perks=3619207468,2579169598,699525795,3038247973
dimwishlist:item=1617917863&perks=3619207468,47981717,555281244,699525795
dimwishlist:item=1617917863&perks=3619207468,47981717,555281244,3038247973
dimwishlist:item=1617917863&perks=3619207468,47981717,699525795,3038247973
dimwishlist:item=1617917863&perks=3619207468,3824105627,555281244,699525795
dimwishlist:item=1617917863&perks=3619207468,3824105627,555281244,3038247973
dimwishlist:item=1617917863&perks=3619207468,3824105627,699525795,3038247973
dimwishlist:item=1617917863&perks=2579169598,47981717,555281244,699525795
dimwishlist:item=1617917863&perks=2579169598,47981717,555281244,3038247973
dimwishlist:item=1617917863&perks=2579169598,47981717,699525795,3038247973
dimwishlist:item=1617917863&perks=2579169598,3824105627,555281244,699525795
dimwishlist:item=1617917863&perks=2579169598,3824105627,555281244,3038247973
dimwishlist:item=1617917863&perks=2579169598,3824105627,699525795,3038247973
dimwishlist:item=1617917863&perks=47981717,3824105627,555281244,699525795
dimwishlist:item=1617917863&perks=47981717,3824105627,555281244,3038247973
dimwishlist:item=1617917863&perks=47981717,3824105627,699525795,3038247973
dimwishlist:item=1617917863&perks=2039302152,555281244,699525795,3038247973
dimwishlist:item=1617917863&perks=3161816588,555281244,699525795,3038247973
dimwishlist:item=1617917863&perks=3619207468,555281244,699525795,3038247973
dimwishlist:item=1617917863&perks=2579169598,555281244,699525795,3038247973
dimwishlist:item=1617917863&perks=47981717,555281244,699525795,3038247973
dimwishlist:item=1617917863&perks=3824105627,555281244,699525795,3038247973
dimwishlist:item=1617917863&perks=2039302152,3161816588,555281244
dimwishlist:item=1617917863&perks=2039302152,3161816588,699525795
dimwishlist:item=1617917863&perks=2039302152,3161816588,3038247973
dimwishlist:item=1617917863&perks=2039302152,3619207468,555281244
dimwishlist:item=1617917863&perks=2039302152,3619207468,699525795
dimwishlist:item=1617917863&perks=2039302152,3619207468,3038247973
dimwishlist:item=1617917863&perks=2039302152,2579169598,555281244
dimwishlist:item=1617917863&perks=2039302152,2579169598,699525795
dimwishlist:item=1617917863&perks=2039302152,2579169598,3038247973
dimwishlist:item=1617917863&perks=2039302152,47981717,555281244
dimwishlist:item=1617917863&perks=2039302152,47981717,699525795
dimwishlist:item=1617917863&perks=2039302152,47981717,3038247973
dimwishlist:item=1617917863&perks=2039302152,3824105627,555281244
dimwishlist:item=1617917863&perks=2039302152,3824105627,699525795
dimwishlist:item=1617917863&perks=2039302152,3824105627,3038247973
dimwishlist:item=1617917863&perks=3161816588,3619207468,555281244
dimwishlist:item=1617917863&perks=3161816588,3619207468,699525795
dimwishlist:item=1617917863&perks=3161816588,3619207468,3038247973
dimwishlist:item=1617917863&perks=3161816588,2579169598,555281244
dimwishlist:item=1617917863&perks=3161816588,2579169598,699525795
dimwishlist:item=1617917863&perks=3161816588,2579169598,3038247973
dimwishlist:item=1617917863&perks=3161816588,47981717,555281244
dimwishlist:item=1617917863&perks=3161816588,47981717,699525795
dimwishlist:item=1617917863&perks=3161816588,47981717,3038247973
dimwishlist:item=1617917863&perks=3161816588,3824105627,555281244
dimwishlist:item=1617917863&perks=3161816588,3824105627,699525795
dimwishlist:item=1617917863&perks=3161816588,3824105627,3038247973
dimwishlist:item=1617917863&perks=3619207468,2579169598,555281244
dimwishlist:item=1617917863&perks=3619207468,2579169598,699525795
dimwishlist:item=1617917863&perks=3619207468,2579169598,3038247973
dimwishlist:item=1617917863&perks=3619207468,47981717,555281244
dimwishlist:item=1617917863&perks=3619207468,47981717,699525795
dimwishlist:item=1617917863&perks=3619207468,47981717,3038247973
dimwishlist:item=1617917863&perks=3619207468,3824105627,555281244
dimwishlist:item=1617917863&perks=3619207468,3824105627,699525795
dimwishlist:item=1617917863&perks=3619207468,3824105627,3038247973
dimwishlist:item=1617917863&perks=2579169598,47981717,555281244
dimwishlist:item=1617917863&perks=2579169598,47981717,699525795
dimwishlist:item=1617917863&perks=2579169598,47981717,3038247973
dimwishlist:item=1617917863&perks=2579169598,3824105627,555281244
dimwishlist:item=1617917863&perks=2579169598,3824105627,699525795
dimwishlist:item=1617917863&perks=2579169598,3824105627,3038247973
dimwishlist:item=1617917863&perks=47981717,3824105627,555281244
dimwishlist:item=1617917863&perks=47981717,3824105627,699525795
dimwishlist:item=1617917863&perks=47981717,3824105627,3038247973
dimwishlist:item=1617917863&perks=2039302152,555281244,699525795
dimwishlist:item=1617917863&perks=2039302152,555281244,3038247973
dimwishlist:item=1617917863&perks=2039302152,699525795,3038247973
dimwishlist:item=1617917863&perks=3161816588,555281244,699525795
dimwishlist:item=1617917863&perks=3161816588,555281244,3038247973
dimwishlist:item=1617917863&perks=3161816588,699525795,3038247973
dimwishlist:item=1617917863&perks=3619207468,555281244,699525795
dimwishlist:item=1617917863&perks=3619207468,555281244,3038247973
dimwishlist:item=1617917863&perks=3619207468,699525795,3038247973
dimwishlist:item=1617917863&perks=2579169598,555281244,699525795
dimwishlist:item=1617917863&perks=2579169598,555281244,3038247973
dimwishlist:item=1617917863&perks=2579169598,699525795,3038247973
dimwishlist:item=1617917863&perks=47981717,555281244,699525795
dimwishlist:item=1617917863&perks=47981717,555281244,3038247973
dimwishlist:item=1617917863&perks=47981717,699525795,3038247973
dimwishlist:item=1617917863&perks=3824105627,555281244,699525795
dimwishlist:item=1617917863&perks=3824105627,555281244,3038247973
dimwishlist:item=1617917863&perks=3824105627,699525795,3038247973
dimwishlist:item=1617917863&perks=2039302152,555281244
dimwishlist:item=1617917863&perks=2039302152,699525795
dimwishlist:item=1617917863&perks=2039302152,3038247973
dimwishlist:item=1617917863&perks=3161816588,555281244
dimwishlist:item=1617917863&perks=3161816588,699525795
dimwishlist:item=1617917863&perks=3161816588,3038247973
dimwishlist:item=1617917863&perks=3619207468,555281244
dimwishlist:item=1617917863&perks=3619207468,699525795
dimwishlist:item=1617917863&perks=3619207468,3038247973
dimwishlist:item=1617917863&perks=2579169598,555281244
dimwishlist:item=1617917863&perks=2579169598,699525795
dimwishlist:item=1617917863&perks=2579169598,3038247973
dimwishlist:item=1617917863&perks=47981717,555281244
dimwishlist:item=1617917863&perks=47981717,699525795
dimwishlist:item=1617917863&perks=47981717,3038247973
dimwishlist:item=1617917863&perks=3824105627,555281244
dimwishlist:item=1617917863&perks=3824105627,699525795
dimwishlist:item=1617917863&perks=3824105627,3038247973

// #5 The Palindrome
// itemHash=3303271523
// perks: Explosive Payload=3038247973; Opening Shot=47981717; Magnificent Howl=2720533289; Snapshot Sights=957782887
//notes: CrucibleGuidebook tags:pvp
dimwishlist:item=3303271523&perks=3038247973,47981717,2720533289,957782887
dimwishlist:item=3303271523&perks=3038247973,47981717,2720533289
dimwishlist:item=3303271523&perks=3038247973,47981717,957782887
dimwishlist:item=3303271523&perks=3038247973,2720533289,957782887
dimwishlist:item=3303271523&perks=3038247973,47981717
dimwishlist:item=3303271523&perks=3038247973,2720533289
dimwishlist:item=3303271523&perks=3038247973,957782887

// itemHash=739029152 (alternate item version)
// perks: Explosive Payload=3038247973; Opening Shot=47981717; Magnificent Howl=2720533289; Snapshot Sights=957782887
//notes: CrucibleGuidebook tags:pvp
dimwishlist:item=739029152&perks=3038247973,47981717,2720533289,957782887
dimwishlist:item=739029152&perks=3038247973,47981717,2720533289
dimwishlist:item=739029152&perks=3038247973,47981717,957782887
dimwishlist:item=739029152&perks=3038247973,2720533289,957782887
dimwishlist:item=739029152&perks=3038247973,47981717
dimwishlist:item=739029152&perks=3038247973,2720533289
dimwishlist:item=739029152&perks=3038247973,957782887

// itemHash=2876244791 (alternate item version)
// perks: Explosive Payload=3038247973; Opening Shot=47981717; Magnificent Howl=2720533289; Snapshot Sights=957782887
//notes: CrucibleGuidebook tags:pvp
dimwishlist:item=2876244791&perks=3038247973,47981717,2720533289,957782887
dimwishlist:item=2876244791&perks=3038247973,47981717,2720533289
dimwishlist:item=2876244791&perks=3038247973,47981717,957782887
dimwishlist:item=2876244791&perks=3038247973,2720533289,957782887
dimwishlist:item=2876244791&perks=3038247973,47981717
dimwishlist:item=2876244791&perks=3038247973,2720533289
dimwishlist:item=2876244791&perks=3038247973,957782887

// #6 Luna's Howl
// itemHash=2033531688
// perks: Slideshot=3161816588; Opening Shot=47981717; Eye of the Storm=699525795; Magnificent Howl=2720533289
//notes: CrucibleGuidebook tags:pvp
dimwishlist:item=2033531688&perks=3161816588,699525795,47981717,2720533289
dimwishlist:item=2033531688&perks=3161816588,699525795,47981717
dimwishlist:item=2033531688&perks=3161816588,699525795,2720533289
dimwishlist:item=2033531688&perks=3161816588,47981717,2720533289
dimwishlist:item=2033531688&perks=699525795,47981717,2720533289
dimwishlist:item=2033531688&perks=3161816588,47981717
dimwishlist:item=2033531688&perks=3161816588,2720533289
dimwishlist:item=2033531688&perks=699525795,47981717
dimwishlist:item=2033531688&perks=699525795,2720533289

// itemHash=3757612024 (alternate item version)
// perks: Slideshot=3161816588; Opening Shot=47981717; Eye of the Storm=699525795; Magnificent Howl=2720533289
//notes: CrucibleGuidebook tags:pvp
dimwishlist:item=3757612024&perks=3161816588,699525795,47981717,2720533289
dimwishlist:item=3757612024&perks=3161816588,699525795,47981717
dimwishlist:item=3757612024&perks=3161816588,699525795,2720533289
dimwishlist:item=3757612024&perks=3161816588,47981717,2720533289
dimwishlist:item=3757612024&perks=699525795,47981717,2720533289
dimwishlist:item=3757612024&perks=3161816588,47981717
dimwishlist:item=3757612024&perks=3161816588,2720533289
dimwishlist:item=3757612024&perks=699525795,47981717
dimwishlist:item=3757612024&perks=699525795,2720533289

// itemHash=2763843899 (alternate item version)
// perks: Slideshot=3161816588; Opening Shot=47981717; Eye of the Storm=699525795; Magnificent Howl=2720533289
//notes: CrucibleGuidebook tags:pvp
dimwishlist:item=2763843899&perks=3161816588,699525795,47981717,2720533289
dimwishlist:item=2763843899&perks=3161816588,699525795,47981717
dimwishlist:item=2763843899&perks=3161816588,699525795,2720533289
dimwishlist:item=2763843899&perks=3161816588,47981717,2720533289
dimwishlist:item=2763843899&perks=699525795,47981717,2720533289
dimwishlist:item=2763843899&perks=3161816588,47981717
dimwishlist:item=2763843899&perks=3161816588,2720533289
dimwishlist:item=2763843899&perks=699525795,47981717
dimwishlist:item=2763843899&perks=699525795,2720533289

// #7 Corundum Hammer
// itemHash=2263462407
// perks: Slideshot=3161816588; Keep Away=3619207468; Precision Instrument=555281244; Opening Shot=47981717
//notes: CrucibleGuidebook tags:pvp
dimwishlist:item=2263462407&perks=3161816588,3619207468,555281244,47981717
dimwishlist:item=2263462407&perks=3161816588,3619207468,555281244
dimwishlist:item=2263462407&perks=3161816588,3619207468,47981717
dimwishlist:item=2263462407&perks=3161816588,555281244,47981717
dimwishlist:item=2263462407&perks=3161816588,3619207468
dimwishlist:item=2263462407&perks=3161816588,555281244
dimwishlist:item=2263462407&perks=3161816588,47981717

// #8 Austringer
// itemHash=2429822977
// perks: Zen Moment=2387244414; Eye of the Storm=699525795; Opening Shot=47981717
//notes: CrucibleGuidebook tags:pvp
dimwishlist:item=2429822977&perks=699525795,2387244414,47981717
dimwishlist:item=2429822977&perks=699525795,2387244414
dimwishlist:item=2429822977&perks=699525795,47981717

// itemHash=3055790362 (alternate item version)
// perks: Zen Moment=2387244414; Eye of the Storm=699525795; Opening Shot=47981717
//notes: CrucibleGuidebook tags:pvp
dimwishlist:item=3055790362&perks=699525795,2387244414,47981717
dimwishlist:item=3055790362&perks=699525795,2387244414
dimwishlist:item=3055790362&perks=699525795,47981717

// #9 Kept Confidence
// itemHash=1875512595
// perks: Killing Wind=2450788523; Eye of the Storm=699525795
//notes: CrucibleGuidebook tags:pvp
dimwishlist:item=1875512595&perks=2450788523,699525795

// #10 Trust
// itemHash=810474118
// perks: Keep Away=3619207468; Precision Instrument=555281244; Opening Shot=47981717
//notes: CrucibleGuidebook tags:pvp
dimwishlist:item=810474118&perks=3619207468,47981717,555281244
dimwishlist:item=810474118&perks=3619207468,555281244
dimwishlist:item=810474118&perks=47981717,555281244

// #11 Mos Athanor IV
// itemHash=1288422452
// perks: Slideways=2039302152; Keep Away=3619207468; Precision Instrument=555281244; Eye of the Storm=699525795; Opening Shot=47981717
//notes: CrucibleGuidebook tags:pvp
dimwishlist:item=1288422452&perks=2039302152,3619207468,555281244,699525795,47981717
dimwishlist:item=1288422452&perks=2039302152,3619207468,555281244,699525795
dimwishlist:item=1288422452&perks=2039302152,3619207468,555281244,47981717
dimwishlist:item=1288422452&perks=2039302152,3619207468,699525795,47981717
dimwishlist:item=1288422452&perks=2039302152,555281244,699525795,47981717
dimwishlist:item=1288422452&perks=3619207468,555281244,699525795,47981717
dimwishlist:item=1288422452&perks=2039302152,3619207468,555281244
dimwishlist:item=1288422452&perks=2039302152,3619207468,699525795
dimwishlist:item=1288422452&perks=2039302152,3619207468,47981717
dimwishlist:item=1288422452&perks=2039302152,555281244,699525795
dimwishlist:item=1288422452&perks=2039302152,555281244,47981717
dimwishlist:item=1288422452&perks=2039302152,699525795,47981717
dimwishlist:item=1288422452&perks=3619207468,555281244,699525795
dimwishlist:item=1288422452&perks=3619207468,555281244,47981717
dimwishlist:item=1288422452&perks=3619207468,699525795,47981717
dimwishlist:item=1288422452&perks=2039302152,555281244
dimwishlist:item=1288422452&perks=2039302152,699525795
dimwishlist:item=1288422452&perks=2039302152,47981717
dimwishlist:item=1288422452&perks=3619207468,555281244
dimwishlist:item=1288422452&perks=3619207468,699525795
dimwishlist:item=1288422452&perks=3619207468,47981717

// itemHash=4118334987 (alternate item version)
// perks: Slideways=2039302152; Keep Away=3619207468; Precision Instrument=555281244; Eye of the Storm=699525795; Opening Shot=47981717
//notes: CrucibleGuidebook tags:pvp
dimwishlist:item=4118334987&perks=2039302152,3619207468,555281244,699525795,47981717
dimwishlist:item=4118334987&perks=2039302152,3619207468,555281244,699525795
dimwishlist:item=4118334987&perks=2039302152,3619207468,555281244,47981717
dimwishlist:item=4118334987&perks=2039302152,3619207468,699525795,47981717
dimwishlist:item=4118334987&perks=2039302152,555281244,699525795,47981717
dimwishlist:item=4118334987&perks=3619207468,555281244,699525795,47981717
dimwishlist:item=4118334987&perks=2039302152,3619207468,555281244
dimwishlist:item=4118334987&perks=2039302152,3619207468,699525795
dimwishlist:item=4118334987&perks=2039302152,3619207468,47981717
dimwishlist:item=4118334987&perks=2039302152,555281244,699525795
dimwishlist:item=4118334987&perks=2039302152,555281244,47981717
dimwishlist:item=4118334987&perks=2039302152,699525795,47981717
dimwishlist:item=4118334987&perks=3619207468,555281244,699525795
dimwishlist:item=4118334987&perks=3619207468,555281244,47981717
dimwishlist:item=4118334987&perks=3619207468,699525795,47981717
dimwishlist:item=4118334987&perks=2039302152,555281244
dimwishlist:item=4118334987&perks=2039302152,699525795
dimwishlist:item=4118334987&perks=2039302152,47981717
dimwishlist:item=4118334987&perks=3619207468,555281244
dimwishlist:item=4118334987&perks=3619207468,699525795
dimwishlist:item=4118334987&perks=3619207468,47981717

// #12 The Messenger
// itemHash=4277548087
// perks: Moving Target=588594999; Rapid Hit=247725512; Stopping Power=1517798362; Headseeker=460017080; Desperado=3047969693; Lone Wolf=2579169598
//notes: CrucibleGuidebook tags:pvp
dimwishlist:item=4277548087&perks=588594999,247725512,1517798362,460017080,3047969693,2579169598
dimwishlist:item=4277548087&perks=588594999,247725512,1517798362,460017080,3047969693
dimwishlist:item=4277548087&perks=588594999,247725512,1517798362,460017080,2579169598
dimwishlist:item=4277548087&perks=588594999,247725512,1517798362,3047969693,2579169598
dimwishlist:item=4277548087&perks=588594999,247725512,460017080,3047969693,2579169598
dimwishlist:item=4277548087&perks=588594999,1517798362,460017080,3047969693,2579169598
dimwishlist:item=4277548087&perks=247725512,1517798362,460017080,3047969693,2579169598
dimwishlist:item=4277548087&perks=588594999,247725512,1517798362,460017080
dimwishlist:item=4277548087&perks=588594999,247725512,1517798362,3047969693
dimwishlist:item=4277548087&perks=588594999,247725512,1517798362,2579169598
dimwishlist:item=4277548087&perks=588594999,247725512,460017080,3047969693
dimwishlist:item=4277548087&perks=588594999,247725512,460017080,2579169598
dimwishlist:item=4277548087&perks=588594999,247725512,3047969693,2579169598
dimwishlist:item=4277548087&perks=588594999,1517798362,460017080,3047969693
dimwishlist:item=4277548087&perks=588594999,1517798362,460017080,2579169598
dimwishlist:item=4277548087&perks=588594999,1517798362,3047969693,2579169598
dimwishlist:item=4277548087&perks=247725512,1517798362,460017080,3047969693
dimwishlist:item=4277548087&perks=247725512,1517798362,460017080,2579169598
dimwishlist:item=4277548087&perks=247725512,1517798362,3047969693,2579169598
dimwishlist:item=4277548087&perks=588594999,460017080,3047969693,2579169598
dimwishlist:item=4277548087&perks=247725512,460017080,3047969693,2579169598
dimwishlist:item=4277548087&perks=1517798362,460017080,3047969693,2579169598
dimwishlist:item=4277548087&perks=588594999,247725512,460017080
dimwishlist:item=4277548087&perks=588594999,247725512,3047969693
dimwishlist:item=4277548087&perks=588594999,247725512,2579169598
dimwishlist:item=4277548087&perks=588594999,1517798362,460017080
dimwishlist:item=4277548087&perks=588594999,1517798362,3047969693
dimwishlist:item=4277548087&perks=588594999,1517798362,2579169598
dimwishlist:item=4277548087&perks=247725512,1517798362,460017080
dimwishlist:item=4277548087&perks=247725512,1517798362,3047969693
dimwishlist:item=4277548087&perks=247725512,1517798362,2579169598
dimwishlist:item=4277548087&perks=588594999,460017080,3047969693
dimwishlist:item=4277548087&perks=588594999,460017080,2579169598
dimwishlist:item=4277548087&perks=588594999,3047969693,2579169598
dimwishlist:item=4277548087&perks=247725512,460017080,3047969693
dimwishlist:item=4277548087&perks=247725512,460017080,2579169598
dimwishlist:item=4277548087&perks=247725512,3047969693,2579169598
dimwishlist:item=4277548087&perks=1517798362,460017080,3047969693
dimwishlist:item=4277548087&perks=1517798362,460017080,2579169598
dimwishlist:item=4277548087&perks=1517798362,3047969693,2579169598
dimwishlist:item=4277548087&perks=588594999,460017080
dimwishlist:item=4277548087&perks=588594999,3047969693
dimwishlist:item=4277548087&perks=588594999,2579169598
dimwishlist:item=4277548087&perks=247725512,460017080
dimwishlist:item=4277548087&perks=247725512,3047969693
dimwishlist:item=4277548087&perks=247725512,2579169598
dimwishlist:item=4277548087&perks=1517798362,460017080
dimwishlist:item=4277548087&perks=1517798362,3047969693
dimwishlist:item=4277548087&perks=1517798362,2579169598

// #13 Darkest Before
// itemHash=2831259642
// perks: Keep Away=3619207468; Headseeker=460017080; Elemental Honing=1089671869; Kill Clip=1015611457
//notes: CrucibleGuidebook tags:pvp
dimwishlist:item=2831259642&perks=3619207468,460017080,1089671869,1015611457
dimwishlist:item=2831259642&perks=3619207468,460017080,1089671869
dimwishlist:item=2831259642&perks=3619207468,460017080,1015611457
dimwishlist:item=2831259642&perks=3619207468,1089671869,1015611457
dimwishlist:item=2831259642&perks=3619207468,460017080
dimwishlist:item=2831259642&perks=3619207468,1089671869
dimwishlist:item=2831259642&perks=3619207468,1015611457

// #14 Autumn Wind
// itemHash=2459087496
// perks: Zen Moment=2387244414; Headseeker=460017080; Kill Clip=1015611457
//notes: CrucibleGuidebook tags:pvp
dimwishlist:item=2459087496&perks=2387244414,460017080,1015611457
dimwishlist:item=2459087496&perks=2387244414,460017080
dimwishlist:item=2459087496&perks=2387244414,1015611457

// itemHash=2150012407 (alternate item version)
// perks: Zen Moment=2387244414; Headseeker=460017080; Kill Clip=1015611457
//notes: CrucibleGuidebook tags:pvp
dimwishlist:item=2150012407&perks=2387244414,460017080,1015611457
dimwishlist:item=2150012407&perks=2387244414,460017080
dimwishlist:item=2150012407&perks=2387244414,1015611457

// #15 The Time-Worn Spire
// itemHash=2204165992
// perks: Zen Moment=2387244414; Headseeker=460017080; Kill Clip=1015611457
//notes: CrucibleGuidebook tags:pvp
dimwishlist:item=2204165992&perks=2387244414,460017080,1015611457
dimwishlist:item=2204165992&perks=2387244414,460017080
dimwishlist:item=2204165992&perks=2387244414,1015611457

// #16 Drang
// itemHash=358190158
// perks: Heal Clip=3017780555; Moving Target=588594999; Master of Arms=3081867624; Eye of the Storm=699525795; Incandescent=4293542123
//notes: CrucibleGuidebook tags:pvp
dimwishlist:item=358190158&perks=3017780555,588594999,3081867624,699525795,4293542123
dimwishlist:item=358190158&perks=3017780555,588594999,3081867624,699525795
dimwishlist:item=358190158&perks=3017780555,588594999,3081867624,4293542123
dimwishlist:item=358190158&perks=3017780555,588594999,699525795,4293542123
dimwishlist:item=358190158&perks=3017780555,3081867624,699525795,4293542123
dimwishlist:item=358190158&perks=588594999,3081867624,699525795,4293542123
dimwishlist:item=358190158&perks=3017780555,588594999,3081867624
dimwishlist:item=358190158&perks=3017780555,588594999,699525795
dimwishlist:item=358190158&perks=3017780555,588594999,4293542123
dimwishlist:item=358190158&perks=3017780555,3081867624,699525795
dimwishlist:item=358190158&perks=3017780555,3081867624,4293542123
dimwishlist:item=358190158&perks=3017780555,699525795,4293542123
dimwishlist:item=358190158&perks=588594999,3081867624,699525795
dimwishlist:item=358190158&perks=588594999,3081867624,4293542123
dimwishlist:item=358190158&perks=588594999,699525795,4293542123
dimwishlist:item=358190158&perks=3017780555,3081867624
dimwishlist:item=358190158&perks=3017780555,699525795
dimwishlist:item=358190158&perks=3017780555,4293542123
dimwishlist:item=358190158&perks=588594999,3081867624
dimwishlist:item=358190158&perks=588594999,699525795
dimwishlist:item=358190158&perks=588594999,4293542123

// #17 The Last Dance
// itemHash=4045298483
// perks: Tap the Trigger=1890422124; Threat Detector=4071163871; Rangefinder=2846385770; Kill Clip=1015611457
//notes: CrucibleGuidebook tags:pvp
dimwishlist:item=4045298483&perks=4071163871,1890422124,2846385770,1015611457
dimwishlist:item=4045298483&perks=4071163871,1890422124,2846385770
dimwishlist:item=4045298483&perks=4071163871,1890422124,1015611457
dimwishlist:item=4045298483&perks=4071163871,2846385770,1015611457
dimwishlist:item=4045298483&perks=4071163871,1890422124
dimwishlist:item=4045298483&perks=4071163871,2846385770
dimwishlist:item=4045298483&perks=4071163871,1015611457

// itemHash=2009277538 (alternate item version)
// perks: Tap the Trigger=1890422124; Threat Detector=4071163871; Rangefinder=2846385770; Kill Clip=1015611457
//notes: CrucibleGuidebook tags:pvp
dimwishlist:item=2009277538&perks=4071163871,1890422124,2846385770,1015611457
dimwishlist:item=2009277538&perks=4071163871,1890422124,2846385770
dimwishlist:item=2009277538&perks=4071163871,1890422124,1015611457
dimwishlist:item=2009277538&perks=4071163871,2846385770,1015611457
dimwishlist:item=2009277538&perks=4071163871,1890422124
dimwishlist:item=2009277538&perks=4071163871,2846385770
dimwishlist:item=2009277538&perks=4071163871,1015611457

// #18 Submission
// itemHash=3886416794
// perks: Kinetic Tremors=3891536761; Target Lock=365154968; Chaos Reshaped=3640170453
//notes: CrucibleGuidebook tags:pvp
dimwishlist:item=3886416794&perks=3891536761,365154968,3640170453
dimwishlist:item=3886416794&perks=3891536761,365154968
dimwishlist:item=3886416794&perks=3891536761,3640170453

// #19 Multimach CCX
// itemHash=3026836571
// perks: Dynamic Sway Reduction=1359896290; Target Lock=365154968; Kill Clip=1015611457; Rangefinder=2846385770
//notes: CrucibleGuidebook tags:pvp
dimwishlist:item=3026836571&perks=1359896290,2846385770,365154968,1015611457
dimwishlist:item=3026836571&perks=1359896290,2846385770,365154968
dimwishlist:item=3026836571&perks=1359896290,2846385770,1015611457
dimwishlist:item=3026836571&perks=1359896290,365154968,1015611457
dimwishlist:item=3026836571&perks=2846385770,365154968,1015611457
dimwishlist:item=3026836571&perks=1359896290,365154968
dimwishlist:item=3026836571&perks=1359896290,1015611457
dimwishlist:item=3026836571&perks=2846385770,365154968
dimwishlist:item=3026836571&perks=2846385770,1015611457

// itemHash=3211624072 (alternate item version)
// perks: Dynamic Sway Reduction=1359896290; Target Lock=365154968; Kill Clip=1015611457; Rangefinder=2846385770
//notes: CrucibleGuidebook tags:pvp
dimwishlist:item=3211624072&perks=1359896290,2846385770,365154968,1015611457
dimwishlist:item=3211624072&perks=1359896290,2846385770,365154968
dimwishlist:item=3211624072&perks=1359896290,2846385770,1015611457
dimwishlist:item=3211624072&perks=1359896290,365154968,1015611457
dimwishlist:item=3211624072&perks=2846385770,365154968,1015611457
dimwishlist:item=3211624072&perks=1359896290,365154968
dimwishlist:item=3211624072&perks=1359896290,1015611457
dimwishlist:item=3211624072&perks=2846385770,365154968
dimwishlist:item=3211624072&perks=2846385770,1015611457

// #20 Null Composure
// itemHash=3613444087
// perks: Successful Warm-Up=2652708987; Reconstruction=1523832109; Closing Time=1194056669; Controlled Burst=2594592626; Master of Arms=3081867624
//notes: CrucibleGuidebook tags:pvp
dimwishlist:item=3613444087&perks=2652708987,1523832109,1194056669,2594592626,3081867624
dimwishlist:item=3613444087&perks=2652708987,1523832109,1194056669,2594592626
dimwishlist:item=3613444087&perks=2652708987,1523832109,1194056669,3081867624
dimwishlist:item=3613444087&perks=2652708987,1523832109,2594592626,3081867624
dimwishlist:item=3613444087&perks=2652708987,1194056669,2594592626,3081867624
dimwishlist:item=3613444087&perks=1523832109,1194056669,2594592626,3081867624
dimwishlist:item=3613444087&perks=2652708987,1523832109,1194056669
dimwishlist:item=3613444087&perks=2652708987,1523832109,2594592626
dimwishlist:item=3613444087&perks=2652708987,1523832109,3081867624
dimwishlist:item=3613444087&perks=2652708987,1194056669,2594592626
dimwishlist:item=3613444087&perks=2652708987,1194056669,3081867624
dimwishlist:item=3613444087&perks=2652708987,2594592626,3081867624
dimwishlist:item=3613444087&perks=1523832109,1194056669,2594592626
dimwishlist:item=3613444087&perks=1523832109,1194056669,3081867624
dimwishlist:item=3613444087&perks=1523832109,2594592626,3081867624
dimwishlist:item=3613444087&perks=2652708987,1194056669
dimwishlist:item=3613444087&perks=2652708987,2594592626
dimwishlist:item=3613444087&perks=2652708987,3081867624
dimwishlist:item=3613444087&perks=1523832109,1194056669
dimwishlist:item=3613444087&perks=1523832109,2594592626
dimwishlist:item=3613444087&perks=1523832109,3081867624

// itemHash=2150643740 (alternate item version)
// perks: Successful Warm-Up=2652708987; Reconstruction=1523832109; Closing Time=1194056669; Controlled Burst=2594592626; Master of Arms=3081867624
//notes: CrucibleGuidebook tags:pvp
dimwishlist:item=2150643740&perks=2652708987,1523832109,1194056669,2594592626,3081867624
dimwishlist:item=2150643740&perks=2652708987,1523832109,1194056669,2594592626
dimwishlist:item=2150643740&perks=2652708987,1523832109,1194056669,3081867624
dimwishlist:item=2150643740&perks=2652708987,1523832109,2594592626,3081867624
dimwishlist:item=2150643740&perks=2652708987,1194056669,2594592626,3081867624
dimwishlist:item=2150643740&perks=1523832109,1194056669,2594592626,3081867624
dimwishlist:item=2150643740&perks=2652708987,1523832109,1194056669
dimwishlist:item=2150643740&perks=2652708987,1523832109,2594592626
dimwishlist:item=2150643740&perks=2652708987,1523832109,3081867624
dimwishlist:item=2150643740&perks=2652708987,1194056669,2594592626
dimwishlist:item=2150643740&perks=2652708987,1194056669,3081867624
dimwishlist:item=2150643740&perks=2652708987,2594592626,3081867624
dimwishlist:item=2150643740&perks=1523832109,1194056669,2594592626
dimwishlist:item=2150643740&perks=1523832109,1194056669,3081867624
dimwishlist:item=2150643740&perks=1523832109,2594592626,3081867624
dimwishlist:item=2150643740&perks=2652708987,1194056669
dimwishlist:item=2150643740&perks=2652708987,2594592626
dimwishlist:item=2150643740&perks=2652708987,3081867624
dimwishlist:item=2150643740&perks=1523832109,1194056669
dimwishlist:item=2150643740&perks=1523832109,2594592626
dimwishlist:item=2150643740&perks=1523832109,3081867624

// #21 Zealot's Reward
// itemHash=2720651699
// perks: Under Pressure=1645158859; Successful Warm-Up=2652708987; Closing Time=1194056669; Controlled Burst=2594592626
//notes: CrucibleGuidebook tags:pvp
dimwishlist:item=2720651699&perks=1645158859,2652708987,1194056669,2594592626
dimwishlist:item=2720651699&perks=1645158859,2652708987,1194056669
dimwishlist:item=2720651699&perks=1645158859,2652708987,2594592626
dimwishlist:item=2720651699&perks=1645158859,1194056669,2594592626
dimwishlist:item=2720651699&perks=1645158859,2652708987
dimwishlist:item=2720651699&perks=1645158859,1194056669
dimwishlist:item=2720651699&perks=1645158859,2594592626

// #22 Riptide
// itemHash=1323862250
// perks: Under Pressure=1645158859; Closing Time=1194056669; Chill Clip=2978966579; Controlled Burst=2594592626
//notes: CrucibleGuidebook tags:pvp
dimwishlist:item=1323862250&perks=1645158859,1194056669,2978966579,2594592626
dimwishlist:item=1323862250&perks=1645158859,1194056669,2978966579
dimwishlist:item=1323862250&perks=1645158859,1194056669,2594592626
dimwishlist:item=1323862250&perks=1645158859,2978966579,2594592626
dimwishlist:item=1323862250&perks=1645158859,1194056669
dimwishlist:item=1323862250&perks=1645158859,2978966579
dimwishlist:item=1323862250&perks=1645158859,2594592626

// itemHash=2297554989 (alternate item version)
// perks: Under Pressure=1645158859; Closing Time=1194056669; Chill Clip=2978966579; Controlled Burst=2594592626
//notes: CrucibleGuidebook tags:pvp
dimwishlist:item=2297554989&perks=1645158859,1194056669,2978966579,2594592626
dimwishlist:item=2297554989&perks=1645158859,1194056669,2978966579
dimwishlist:item=2297554989&perks=1645158859,1194056669,2594592626
dimwishlist:item=2297554989&perks=1645158859,2978966579,2594592626
dimwishlist:item=2297554989&perks=1645158859,1194056669
dimwishlist:item=2297554989&perks=1645158859,2978966579
dimwishlist:item=2297554989&perks=1645158859,2594592626

// #23 Cartesian Coordinate
// itemHash=3719824177
// perks: Under Pressure=1645158859; Closing Time=1194056669; Controlled Burst=2594592626
//notes: CrucibleGuidebook tags:pvp
dimwishlist:item=3719824177&perks=1645158859,1194056669,2594592626
dimwishlist:item=3719824177&perks=1645158859,1194056669
dimwishlist:item=3719824177&perks=1645158859,2594592626

// #24 Eye of Sol
// itemHash=2499834165
// perks: Lone Wolf=2579169598; Snapshot Sights=957782887; Opening Shot=47981717; Closing Time=1194056669
//notes: CrucibleGuidebook tags:pvp
dimwishlist:item=2499834165&perks=2579169598,957782887,47981717,1194056669
dimwishlist:item=2499834165&perks=2579169598,957782887,47981717
dimwishlist:item=2499834165&perks=2579169598,957782887,1194056669
dimwishlist:item=2499834165&perks=2579169598,47981717,1194056669
dimwishlist:item=2499834165&perks=2579169598,957782887
dimwishlist:item=2499834165&perks=2579169598,47981717
dimwishlist:item=2499834165&perks=2579169598,1194056669

// #25 Adored
// itemHash=891765152
// perks: Lone Wolf=2579169598; Moving Target=588594999; Snapshot Sights=957782887; Opening Shot=47981717
//notes: CrucibleGuidebook tags:pvp
dimwishlist:item=891765152&perks=2579169598,957782887,588594999,47981717
dimwishlist:item=891765152&perks=2579169598,957782887,588594999
dimwishlist:item=891765152&perks=2579169598,957782887,47981717
dimwishlist:item=891765152&perks=2579169598,588594999,47981717
dimwishlist:item=891765152&perks=957782887,588594999,47981717
dimwishlist:item=891765152&perks=2579169598,588594999
dimwishlist:item=891765152&perks=2579169598,47981717
dimwishlist:item=891765152&perks=957782887,588594999
dimwishlist:item=891765152&perks=957782887,47981717

// itemHash=1405095983 (alternate item version)
// perks: Lone Wolf=2579169598; Moving Target=588594999; Snapshot Sights=957782887; Opening Shot=47981717
//notes: CrucibleGuidebook tags:pvp
dimwishlist:item=1405095983&perks=2579169598,957782887,588594999,47981717
dimwishlist:item=1405095983&perks=2579169598,957782887,588594999
dimwishlist:item=1405095983&perks=2579169598,957782887,47981717
dimwishlist:item=1405095983&perks=2579169598,588594999,47981717
dimwishlist:item=1405095983&perks=957782887,588594999,47981717
dimwishlist:item=1405095983&perks=2579169598,588594999
dimwishlist:item=1405095983&perks=2579169598,47981717
dimwishlist:item=1405095983&perks=957782887,588594999
dimwishlist:item=1405095983&perks=957782887,47981717

// #26 Mercurial Overreach
// itemHash=4257236930
// perks: Lone Wolf=2579169598; Snapshot Sights=957782887; Opening Shot=47981717
//notes: CrucibleGuidebook tags:pvp
dimwishlist:item=4257236930&perks=2579169598,957782887,47981717
dimwishlist:item=4257236930&perks=2579169598,47981717
dimwishlist:item=4257236930&perks=957782887,47981717

// #27 Bite of the Fox
// itemHash=2851703775
// perks: Snapshot Sights=957782887; Slickdraw=1821614984; Opening Shot=47981717
//notes: CrucibleGuidebook tags:pvp
dimwishlist:item=2851703775&perks=957782887,1821614984,47981717
dimwishlist:item=2851703775&perks=957782887,47981717
dimwishlist:item=2851703775&perks=1821614984,47981717

// itemHash=1403800851 (alternate item version)
// perks: Snapshot Sights=957782887; Slickdraw=1821614984; Opening Shot=47981717
//notes: CrucibleGuidebook tags:pvp
dimwishlist:item=1403800851&perks=957782887,1821614984,47981717
dimwishlist:item=1403800851&perks=957782887,47981717
dimwishlist:item=1403800851&perks=1821614984,47981717

// #28 Father's Sins
// itemHash=3865728990
// perks: Under Pressure=1645158859; Snapshot Sights=957782887; Opening Shot=47981717
//notes: CrucibleGuidebook tags:pvp
dimwishlist:item=3865728990&perks=1645158859,957782887,47981717
dimwishlist:item=3865728990&perks=1645158859,957782887
dimwishlist:item=3865728990&perks=1645158859,47981717

// #29 1000 Yard Stare
// itemHash=1648948519
// perks: Snapshot Sights=957782887; Moving Target=588594999; Closing Time=1194056669
//notes: CrucibleGuidebook tags:pvp
dimwishlist:item=1648948519&perks=957782887,588594999,1194056669
dimwishlist:item=1648948519&perks=957782887,588594999
dimwishlist:item=1648948519&perks=957782887,1194056669
dimwishlist:item=1648948519&perks=588594999,1194056669
dimwishlist:item=1648948519&perks=957782887
dimwishlist:item=1648948519&perks=588594999
dimwishlist:item=1648948519&perks=1194056669

// #30 Mechabre
// itemHash=3023280734
// perks: Lone Wolf=2579169598; Snapshot Sights=957782887; Opening Shot=47981717
//notes: CrucibleGuidebook tags:pvp
dimwishlist:item=3023280734&perks=2579169598,957782887,47981717
dimwishlist:item=3023280734&perks=2579169598,47981717
dimwishlist:item=3023280734&perks=957782887,47981717

// itemHash=2477980485 (alternate item version)
// perks: Lone Wolf=2579169598; Snapshot Sights=957782887; Opening Shot=47981717
//notes: CrucibleGuidebook tags:pvp
dimwishlist:item=2477980485&perks=2579169598,957782887,47981717
dimwishlist:item=2477980485&perks=2579169598,47981717
dimwishlist:item=2477980485&perks=957782887,47981717

// #31 Keen Thistle
// itemHash=2499834164
// perks: Under Pressure=1645158859; Closing Time=1194056669; Opening Shot=47981717
//notes: CrucibleGuidebook tags:pvp
dimwishlist:item=2499834164&perks=1645158859,1194056669,47981717
dimwishlist:item=2499834164&perks=1645158859,1194056669
dimwishlist:item=2499834164&perks=1645158859,47981717

// itemHash=1893967086 (alternate item version)
// perks: Under Pressure=1645158859; Closing Time=1194056669; Opening Shot=47981717
//notes: CrucibleGuidebook tags:pvp
dimwishlist:item=1893967086&perks=1645158859,1194056669,47981717
dimwishlist:item=1893967086&perks=1645158859,1194056669
dimwishlist:item=1893967086&perks=1645158859,47981717

// #32 ALLEN 05
// itemHash=423677697
// perks: Lone Wolf=2579169598; Moving Target=588594999; Precision Instrument=555281244
//notes: CrucibleGuidebook tags:pvp
dimwishlist:item=423677697&perks=2579169598,588594999,555281244
dimwishlist:item=423677697&perks=2579169598,588594999
dimwishlist:item=423677697&perks=2579169598,555281244

// #33 Fortissimo-11
// itemHash=963732595
// perks: Threat Detector=4071163871; Opening Shot=47981717
//notes: CrucibleGuidebook tags:pvp
dimwishlist:item=963732595&perks=4071163871,47981717

// itemHash=2821430069 (alternate item version)
// perks: Threat Detector=4071163871; Opening Shot=47981717
//notes: CrucibleGuidebook tags:pvp
dimwishlist:item=2821430069&perks=4071163871,47981717

// #34 Randy's Throwing Knife
// itemHash=3975115486
// perks: Zen Moment=2387244414; Rapid Hit=247725512; Precision Instrument=555281244; Kinetic Tremors=3891536761; Kill Clip=1015611457
//notes: CrucibleGuidebook tags:pvp
dimwishlist:item=3975115486&perks=2387244414,247725512,555281244,3891536761,1015611457
dimwishlist:item=3975115486&perks=2387244414,247725512,555281244,3891536761
dimwishlist:item=3975115486&perks=2387244414,247725512,555281244,1015611457
dimwishlist:item=3975115486&perks=2387244414,247725512,3891536761,1015611457
dimwishlist:item=3975115486&perks=2387244414,555281244,3891536761,1015611457
dimwishlist:item=3975115486&perks=247725512,555281244,3891536761,1015611457
dimwishlist:item=3975115486&perks=2387244414,247725512,555281244
dimwishlist:item=3975115486&perks=2387244414,247725512,3891536761
dimwishlist:item=3975115486&perks=2387244414,247725512,1015611457
dimwishlist:item=3975115486&perks=2387244414,555281244,3891536761
dimwishlist:item=3975115486&perks=2387244414,555281244,1015611457
dimwishlist:item=3975115486&perks=2387244414,3891536761,1015611457
dimwishlist:item=3975115486&perks=247725512,555281244,3891536761
dimwishlist:item=3975115486&perks=247725512,555281244,1015611457
dimwishlist:item=3975115486&perks=247725512,3891536761,1015611457
dimwishlist:item=3975115486&perks=2387244414,555281244
dimwishlist:item=3975115486&perks=2387244414,3891536761
dimwishlist:item=3975115486&perks=2387244414,1015611457
dimwishlist:item=3975115486&perks=247725512,555281244
dimwishlist:item=3975115486&perks=247725512,3891536761
dimwishlist:item=3975115486&perks=247725512,1015611457

// itemHash=4176824345 (alternate item version)
// perks: Zen Moment=2387244414; Rapid Hit=247725512; Precision Instrument=555281244; Kinetic Tremors=3891536761; Kill Clip=1015611457
//notes: CrucibleGuidebook tags:pvp
dimwishlist:item=4176824345&perks=2387244414,247725512,555281244,3891536761,1015611457
dimwishlist:item=4176824345&perks=2387244414,247725512,555281244,3891536761
dimwishlist:item=4176824345&perks=2387244414,247725512,555281244,1015611457
dimwishlist:item=4176824345&perks=2387244414,247725512,3891536761,1015611457
dimwishlist:item=4176824345&perks=2387244414,555281244,3891536761,1015611457
dimwishlist:item=4176824345&perks=247725512,555281244,3891536761,1015611457
dimwishlist:item=4176824345&perks=2387244414,247725512,555281244
dimwishlist:item=4176824345&perks=2387244414,247725512,3891536761
dimwishlist:item=4176824345&perks=2387244414,247725512,1015611457
dimwishlist:item=4176824345&perks=2387244414,555281244,3891536761
dimwishlist:item=4176824345&perks=2387244414,555281244,1015611457
dimwishlist:item=4176824345&perks=2387244414,3891536761,1015611457
dimwishlist:item=4176824345&perks=247725512,555281244,3891536761
dimwishlist:item=4176824345&perks=247725512,555281244,1015611457
dimwishlist:item=4176824345&perks=247725512,3891536761,1015611457
dimwishlist:item=4176824345&perks=2387244414,555281244
dimwishlist:item=4176824345&perks=2387244414,3891536761
dimwishlist:item=4176824345&perks=2387244414,1015611457
dimwishlist:item=4176824345&perks=247725512,555281244
dimwishlist:item=4176824345&perks=247725512,3891536761
dimwishlist:item=4176824345&perks=247725512,1015611457

// #35 Positive Outlook
// itemHash=1832481283
// perks: Zen Moment=2387244414; Withering Gaze=1134488199; Repulsor Brace=776531651; Dynamic Sway Reduction=1359896290; Mega Kill Clip=2305480722
//notes: CrucibleGuidebook tags:pvp
dimwishlist:item=1832481283&perks=2387244414,1134488199,776531651,1359896290,2305480722
dimwishlist:item=1832481283&perks=2387244414,1134488199,776531651,2305480722
dimwishlist:item=1832481283&perks=2387244414,1134488199,1359896290,2305480722
dimwishlist:item=1832481283&perks=2387244414,776531651,1359896290,2305480722
dimwishlist:item=1832481283&perks=1134488199,776531651,1359896290,2305480722
dimwishlist:item=1832481283&perks=2387244414,1134488199,2305480722
dimwishlist:item=1832481283&perks=2387244414,776531651,2305480722
dimwishlist:item=1832481283&perks=2387244414,1359896290,2305480722
dimwishlist:item=1832481283&perks=1134488199,776531651,2305480722
dimwishlist:item=1832481283&perks=1134488199,1359896290,2305480722
dimwishlist:item=1832481283&perks=776531651,1359896290,2305480722
dimwishlist:item=1832481283&perks=2387244414,2305480722
dimwishlist:item=1832481283&perks=1134488199,2305480722
dimwishlist:item=1832481283&perks=776531651,2305480722
dimwishlist:item=1832481283&perks=1359896290,2305480722

// itemHash=3625635456 (alternate item version)
// perks: Zen Moment=2387244414; Withering Gaze=1134488199; Repulsor Brace=776531651; Dynamic Sway Reduction=1359896290; Mega Kill Clip=2305480722
//notes: CrucibleGuidebook tags:pvp
dimwishlist:item=3625635456&perks=2387244414,1134488199,776531651,1359896290,2305480722
dimwishlist:item=3625635456&perks=2387244414,1134488199,776531651,2305480722
dimwishlist:item=3625635456&perks=2387244414,1134488199,1359896290,2305480722
dimwishlist:item=3625635456&perks=2387244414,776531651,1359896290,2305480722
dimwishlist:item=3625635456&perks=1134488199,776531651,1359896290,2305480722
dimwishlist:item=3625635456&perks=2387244414,1134488199,2305480722
dimwishlist:item=3625635456&perks=2387244414,776531651,2305480722
dimwishlist:item=3625635456&perks=2387244414,1359896290,2305480722
dimwishlist:item=3625635456&perks=1134488199,776531651,2305480722
dimwishlist:item=3625635456&perks=1134488199,1359896290,2305480722
dimwishlist:item=3625635456&perks=776531651,1359896290,2305480722
dimwishlist:item=3625635456&perks=2387244414,2305480722
dimwishlist:item=3625635456&perks=1134488199,2305480722
dimwishlist:item=3625635456&perks=776531651,2305480722
dimwishlist:item=3625635456&perks=1359896290,2305480722

// #36 Joxer's Longsword
// itemHash=3538003989
// perks: Lone Wolf=2579169598; Zen Moment=2387244414; Repulsor Brace=776531651; Withering Gaze=1134488199; Headseeker=460017080; Kill Clip=1015611457; Desperado=3047969693
//notes: CrucibleGuidebook tags:pvp
dimwishlist:item=3538003989&perks=2579169598,2387244414,776531651,1134488199,460017080,1015611457,3047969693
dimwishlist:item=3538003989&perks=2579169598,2387244414,776531651,1134488199,460017080,1015611457
dimwishlist:item=3538003989&perks=2579169598,2387244414,776531651,1134488199,460017080,3047969693
dimwishlist:item=3538003989&perks=2579169598,2387244414,776531651,1134488199,1015611457,3047969693
dimwishlist:item=3538003989&perks=2579169598,2387244414,776531651,460017080,1015611457,3047969693
dimwishlist:item=3538003989&perks=2579169598,2387244414,1134488199,460017080,1015611457,3047969693
dimwishlist:item=3538003989&perks=2579169598,776531651,1134488199,460017080,1015611457,3047969693
dimwishlist:item=3538003989&perks=2387244414,776531651,1134488199,460017080,1015611457,3047969693
dimwishlist:item=3538003989&perks=2579169598,2387244414,776531651,1134488199,460017080
dimwishlist:item=3538003989&perks=2579169598,2387244414,776531651,1134488199,1015611457
dimwishlist:item=3538003989&perks=2579169598,2387244414,776531651,1134488199,3047969693
dimwishlist:item=3538003989&perks=2579169598,2387244414,776531651,460017080,1015611457
dimwishlist:item=3538003989&perks=2579169598,2387244414,776531651,460017080,3047969693
dimwishlist:item=3538003989&perks=2579169598,2387244414,776531651,1015611457,3047969693
dimwishlist:item=3538003989&perks=2579169598,2387244414,1134488199,460017080,1015611457
dimwishlist:item=3538003989&perks=2579169598,2387244414,1134488199,460017080,3047969693
dimwishlist:item=3538003989&perks=2579169598,2387244414,1134488199,1015611457,3047969693
dimwishlist:item=3538003989&perks=2579169598,2387244414,460017080,1015611457,3047969693
dimwishlist:item=3538003989&perks=2579169598,776531651,1134488199,460017080,1015611457
dimwishlist:item=3538003989&perks=2579169598,776531651,1134488199,460017080,3047969693
dimwishlist:item=3538003989&perks=2579169598,776531651,1134488199,1015611457,3047969693
dimwishlist:item=3538003989&perks=2579169598,776531651,460017080,1015611457,3047969693
dimwishlist:item=3538003989&perks=2387244414,776531651,1134488199,460017080,1015611457
dimwishlist:item=3538003989&perks=2387244414,776531651,1134488199,460017080,3047969693
dimwishlist:item=3538003989&perks=2387244414,776531651,1134488199,1015611457,3047969693
dimwishlist:item=3538003989&perks=2387244414,776531651,460017080,1015611457,3047969693
dimwishlist:item=3538003989&perks=2579169598,1134488199,460017080,1015611457,3047969693
dimwishlist:item=3538003989&perks=2387244414,1134488199,460017080,1015611457,3047969693
dimwishlist:item=3538003989&perks=776531651,1134488199,460017080,1015611457,3047969693
dimwishlist:item=3538003989&perks=2579169598,2387244414,776531651,1134488199
dimwishlist:item=3538003989&perks=2579169598,2387244414,776531651,460017080
dimwishlist:item=3538003989&perks=2579169598,2387244414,776531651,1015611457
dimwishlist:item=3538003989&perks=2579169598,2387244414,776531651,3047969693
dimwishlist:item=3538003989&perks=2579169598,2387244414,1134488199,460017080
dimwishlist:item=3538003989&perks=2579169598,2387244414,1134488199,1015611457
dimwishlist:item=3538003989&perks=2579169598,2387244414,1134488199,3047969693
dimwishlist:item=3538003989&perks=2579169598,2387244414,460017080,1015611457
dimwishlist:item=3538003989&perks=2579169598,2387244414,460017080,3047969693
dimwishlist:item=3538003989&perks=2579169598,2387244414,1015611457,3047969693
dimwishlist:item=3538003989&perks=2579169598,776531651,1134488199,460017080
dimwishlist:item=3538003989&perks=2579169598,776531651,1134488199,1015611457
dimwishlist:item=3538003989&perks=2579169598,776531651,1134488199,3047969693
dimwishlist:item=3538003989&perks=2579169598,776531651,460017080,1015611457
dimwishlist:item=3538003989&perks=2579169598,776531651,460017080,3047969693
dimwishlist:item=3538003989&perks=2579169598,776531651,1015611457,3047969693
dimwishlist:item=3538003989&perks=2387244414,776531651,1134488199,460017080
dimwishlist:item=3538003989&perks=2387244414,776531651,1134488199,1015611457
dimwishlist:item=3538003989&perks=2387244414,776531651,1134488199,3047969693
dimwishlist:item=3538003989&perks=2387244414,776531651,460017080,1015611457
dimwishlist:item=3538003989&perks=2387244414,776531651,460017080,3047969693
dimwishlist:item=3538003989&perks=2387244414,776531651,1015611457,3047969693
dimwishlist:item=3538003989&perks=2579169598,1134488199,460017080,1015611457
dimwishlist:item=3538003989&perks=2579169598,1134488199,460017080,3047969693
dimwishlist:item=3538003989&perks=2579169598,1134488199,1015611457,3047969693
dimwishlist:item=3538003989&perks=2579169598,460017080,1015611457,3047969693
dimwishlist:item=3538003989&perks=2387244414,1134488199,460017080,1015611457
dimwishlist:item=3538003989&perks=2387244414,1134488199,460017080,3047969693
dimwishlist:item=3538003989&perks=2387244414,1134488199,1015611457,3047969693
dimwishlist:item=3538003989&perks=2387244414,460017080,1015611457,3047969693
dimwishlist:item=3538003989&perks=776531651,1134488199,460017080,1015611457
dimwishlist:item=3538003989&perks=776531651,1134488199,460017080,3047969693
dimwishlist:item=3538003989&perks=776531651,1134488199,1015611457,3047969693
dimwishlist:item=3538003989&perks=776531651,460017080,1015611457,3047969693
dimwishlist:item=3538003989&perks=2579169598,2387244414,1134488199
dimwishlist:item=3538003989&perks=2579169598,2387244414,460017080
dimwishlist:item=3538003989&perks=2579169598,2387244414,1015611457
dimwishlist:item=3538003989&perks=2579169598,2387244414,3047969693
dimwishlist:item=3538003989&perks=2579169598,776531651,1134488199
dimwishlist:item=3538003989&perks=2579169598,776531651,460017080
dimwishlist:item=3538003989&perks=2579169598,776531651,1015611457
dimwishlist:item=3538003989&perks=2579169598,776531651,3047969693
dimwishlist:item=3538003989&perks=2387244414,776531651,1134488199
dimwishlist:item=3538003989&perks=2387244414,776531651,460017080
dimwishlist:item=3538003989&perks=2387244414,776531651,1015611457
dimwishlist:item=3538003989&perks=2387244414,776531651,3047969693
dimwishlist:item=3538003989&perks=2579169598,1134488199,460017080
dimwishlist:item=3538003989&perks=2579169598,1134488199,1015611457
dimwishlist:item=3538003989&perks=2579169598,1134488199,3047969693
dimwishlist:item=3538003989&perks=2579169598,460017080,1015611457
dimwishlist:item=3538003989&perks=2579169598,460017080,3047969693
dimwishlist:item=3538003989&perks=2579169598,1015611457,3047969693
dimwishlist:item=3538003989&perks=2387244414,1134488199,460017080
dimwishlist:item=3538003989&perks=2387244414,1134488199,1015611457
dimwishlist:item=3538003989&perks=2387244414,1134488199,3047969693
dimwishlist:item=3538003989&perks=2387244414,460017080,1015611457
dimwishlist:item=3538003989&perks=2387244414,460017080,3047969693
dimwishlist:item=3538003989&perks=2387244414,1015611457,3047969693
dimwishlist:item=3538003989&perks=776531651,1134488199,460017080
dimwishlist:item=3538003989&perks=776531651,1134488199,1015611457
dimwishlist:item=3538003989&perks=776531651,1134488199,3047969693
dimwishlist:item=3538003989&perks=776531651,460017080,1015611457
dimwishlist:item=3538003989&perks=776531651,460017080,3047969693
dimwishlist:item=3538003989&perks=776531651,1015611457,3047969693
dimwishlist:item=3538003989&perks=2579169598,1134488199
dimwishlist:item=3538003989&perks=2579169598,460017080
dimwishlist:item=3538003989&perks=2579169598,1015611457
dimwishlist:item=3538003989&perks=2579169598,3047969693
dimwishlist:item=3538003989&perks=2387244414,1134488199
dimwishlist:item=3538003989&perks=2387244414,460017080
dimwishlist:item=3538003989&perks=2387244414,1015611457
dimwishlist:item=3538003989&perks=2387244414,3047969693
dimwishlist:item=3538003989&perks=776531651,1134488199
dimwishlist:item=3538003989&perks=776531651,460017080
dimwishlist:item=3538003989&perks=776531651,1015611457
dimwishlist:item=3538003989&perks=776531651,3047969693

// itemHash=2150012406 (alternate item version)
// perks: Lone Wolf=2579169598; Zen Moment=2387244414; Repulsor Brace=776531651; Withering Gaze=1134488199; Headseeker=460017080; Kill Clip=1015611457; Desperado=3047969693
//notes: CrucibleGuidebook tags:pvp
dimwishlist:item=2150012406&perks=2579169598,2387244414,776531651,1134488199,460017080,1015611457,3047969693
dimwishlist:item=2150012406&perks=2579169598,2387244414,776531651,1134488199,460017080,1015611457
dimwishlist:item=2150012406&perks=2579169598,2387244414,776531651,1134488199,460017080,3047969693
dimwishlist:item=2150012406&perks=2579169598,2387244414,776531651,1134488199,1015611457,3047969693
dimwishlist:item=2150012406&perks=2579169598,2387244414,776531651,460017080,1015611457,3047969693
dimwishlist:item=2150012406&perks=2579169598,2387244414,1134488199,460017080,1015611457,3047969693
dimwishlist:item=2150012406&perks=2579169598,776531651,1134488199,460017080,1015611457,3047969693
dimwishlist:item=2150012406&perks=2387244414,776531651,1134488199,460017080,1015611457,3047969693
dimwishlist:item=2150012406&perks=2579169598,2387244414,776531651,1134488199,460017080
dimwishlist:item=2150012406&perks=2579169598,2387244414,776531651,1134488199,1015611457
dimwishlist:item=2150012406&perks=2579169598,2387244414,776531651,1134488199,3047969693
dimwishlist:item=2150012406&perks=2579169598,2387244414,776531651,460017080,1015611457
dimwishlist:item=2150012406&perks=2579169598,2387244414,776531651,460017080,3047969693
dimwishlist:item=2150012406&perks=2579169598,2387244414,776531651,1015611457,3047969693
dimwishlist:item=2150012406&perks=2579169598,2387244414,1134488199,460017080,1015611457
dimwishlist:item=2150012406&perks=2579169598,2387244414,1134488199,460017080,3047969693
dimwishlist:item=2150012406&perks=2579169598,2387244414,1134488199,1015611457,3047969693
dimwishlist:item=2150012406&perks=2579169598,2387244414,460017080,1015611457,3047969693
dimwishlist:item=2150012406&perks=2579169598,776531651,1134488199,460017080,1015611457
dimwishlist:item=2150012406&perks=2579169598,776531651,1134488199,460017080,3047969693
dimwishlist:item=2150012406&perks=2579169598,776531651,1134488199,1015611457,3047969693
dimwishlist:item=2150012406&perks=2579169598,776531651,460017080,1015611457,3047969693
dimwishlist:item=2150012406&perks=2387244414,776531651,1134488199,460017080,1015611457
dimwishlist:item=2150012406&perks=2387244414,776531651,1134488199,460017080,3047969693
dimwishlist:item=2150012406&perks=2387244414,776531651,1134488199,1015611457,3047969693
dimwishlist:item=2150012406&perks=2387244414,776531651,460017080,1015611457,3047969693
dimwishlist:item=2150012406&perks=2579169598,1134488199,460017080,1015611457,3047969693
dimwishlist:item=2150012406&perks=2387244414,1134488199,460017080,1015611457,3047969693
dimwishlist:item=2150012406&perks=776531651,1134488199,460017080,1015611457,3047969693
dimwishlist:item=2150012406&perks=2579169598,2387244414,776531651,1134488199
dimwishlist:item=2150012406&perks=2579169598,2387244414,776531651,460017080
dimwishlist:item=2150012406&perks=2579169598,2387244414,776531651,1015611457
dimwishlist:item=2150012406&perks=2579169598,2387244414,776531651,3047969693
dimwishlist:item=2150012406&perks=2579169598,2387244414,1134488199,460017080
dimwishlist:item=2150012406&perks=2579169598,2387244414,1134488199,1015611457
dimwishlist:item=2150012406&perks=2579169598,2387244414,1134488199,3047969693
dimwishlist:item=2150012406&perks=2579169598,2387244414,460017080,1015611457
dimwishlist:item=2150012406&perks=2579169598,2387244414,460017080,3047969693
dimwishlist:item=2150012406&perks=2579169598,2387244414,1015611457,3047969693
dimwishlist:item=2150012406&perks=2579169598,776531651,1134488199,460017080
dimwishlist:item=2150012406&perks=2579169598,776531651,1134488199,1015611457
dimwishlist:item=2150012406&perks=2579169598,776531651,1134488199,3047969693
dimwishlist:item=2150012406&perks=2579169598,776531651,460017080,1015611457
dimwishlist:item=2150012406&perks=2579169598,776531651,460017080,3047969693
dimwishlist:item=2150012406&perks=2579169598,776531651,1015611457,3047969693
dimwishlist:item=2150012406&perks=2387244414,776531651,1134488199,460017080
dimwishlist:item=2150012406&perks=2387244414,776531651,1134488199,1015611457
dimwishlist:item=2150012406&perks=2387244414,776531651,1134488199,3047969693
dimwishlist:item=2150012406&perks=2387244414,776531651,460017080,1015611457
dimwishlist:item=2150012406&perks=2387244414,776531651,460017080,3047969693
dimwishlist:item=2150012406&perks=2387244414,776531651,1015611457,3047969693
dimwishlist:item=2150012406&perks=2579169598,1134488199,460017080,1015611457
dimwishlist:item=2150012406&perks=2579169598,1134488199,460017080,3047969693
dimwishlist:item=2150012406&perks=2579169598,1134488199,1015611457,3047969693
dimwishlist:item=2150012406&perks=2579169598,460017080,1015611457,3047969693
dimwishlist:item=2150012406&perks=2387244414,1134488199,460017080,1015611457
dimwishlist:item=2150012406&perks=2387244414,1134488199,460017080,3047969693
dimwishlist:item=2150012406&perks=2387244414,1134488199,1015611457,3047969693
dimwishlist:item=2150012406&perks=2387244414,460017080,1015611457,3047969693
dimwishlist:item=2150012406&perks=776531651,1134488199,460017080,1015611457
dimwishlist:item=2150012406&perks=776531651,1134488199,460017080,3047969693
dimwishlist:item=2150012406&perks=776531651,1134488199,1015611457,3047969693
dimwishlist:item=2150012406&perks=776531651,460017080,1015611457,3047969693
dimwishlist:item=2150012406&perks=2579169598,2387244414,1134488199
dimwishlist:item=2150012406&perks=2579169598,2387244414,460017080
dimwishlist:item=2150012406&perks=2579169598,2387244414,1015611457
dimwishlist:item=2150012406&perks=2579169598,2387244414,3047969693
dimwishlist:item=2150012406&perks=2579169598,776531651,1134488199
dimwishlist:item=2150012406&perks=2579169598,776531651,460017080
dimwishlist:item=2150012406&perks=2579169598,776531651,1015611457
dimwishlist:item=2150012406&perks=2579169598,776531651,3047969693
dimwishlist:item=2150012406&perks=2387244414,776531651,1134488199
dimwishlist:item=2150012406&perks=2387244414,776531651,460017080
dimwishlist:item=2150012406&perks=2387244414,776531651,1015611457
dimwishlist:item=2150012406&perks=2387244414,776531651,3047969693
dimwishlist:item=2150012406&perks=2579169598,1134488199,460017080
dimwishlist:item=2150012406&perks=2579169598,1134488199,1015611457
dimwishlist:item=2150012406&perks=2579169598,1134488199,3047969693
dimwishlist:item=2150012406&perks=2579169598,460017080,1015611457
dimwishlist:item=2150012406&perks=2579169598,460017080,3047969693
dimwishlist:item=2150012406&perks=2579169598,1015611457,3047969693
dimwishlist:item=2150012406&perks=2387244414,1134488199,460017080
dimwishlist:item=2150012406&perks=2387244414,1134488199,1015611457
dimwishlist:item=2150012406&perks=2387244414,1134488199,3047969693
dimwishlist:item=2150012406&perks=2387244414,460017080,1015611457
dimwishlist:item=2150012406&perks=2387244414,460017080,3047969693
dimwishlist:item=2150012406&perks=2387244414,1015611457,3047969693
dimwishlist:item=2150012406&perks=776531651,1134488199,460017080
dimwishlist:item=2150012406&perks=776531651,1134488199,1015611457
dimwishlist:item=2150012406&perks=776531651,1134488199,3047969693
dimwishlist:item=2150012406&perks=776531651,460017080,1015611457
dimwishlist:item=2150012406&perks=776531651,460017080,3047969693
dimwishlist:item=2150012406&perks=776531651,1015611457,3047969693
dimwishlist:item=2150012406&perks=2579169598,1134488199
dimwishlist:item=2150012406&perks=2579169598,460017080
dimwishlist:item=2150012406&perks=2579169598,1015611457
dimwishlist:item=2150012406&perks=2579169598,3047969693
dimwishlist:item=2150012406&perks=2387244414,1134488199
dimwishlist:item=2150012406&perks=2387244414,460017080
dimwishlist:item=2150012406&perks=2387244414,1015611457
dimwishlist:item=2150012406&perks=2387244414,3047969693
dimwishlist:item=2150012406&perks=776531651,1134488199
dimwishlist:item=2150012406&perks=776531651,460017080
dimwishlist:item=2150012406&perks=776531651,1015611457
dimwishlist:item=2150012406&perks=776531651,3047969693

// #37 Out of Bounds
// itemHash=3021407779
// perks: Dynamic Sway Reduction=1359896290; Moving Target=588594999; Perpetual Motion=1428297954; Rangefinder=2846385770; Tap the Trigger=1890422124; Kill Clip=1015611457
//notes: CrucibleGuidebook tags:pvp
dimwishlist:item=3021407779&perks=1359896290,588594999,1428297954,2846385770,1890422124,1015611457
dimwishlist:item=3021407779&perks=1359896290,588594999,1428297954,2846385770,1890422124
dimwishlist:item=3021407779&perks=1359896290,588594999,1428297954,2846385770,1015611457
dimwishlist:item=3021407779&perks=1359896290,588594999,1428297954,1890422124,1015611457
dimwishlist:item=3021407779&perks=1359896290,588594999,2846385770,1890422124,1015611457
dimwishlist:item=3021407779&perks=1359896290,1428297954,2846385770,1890422124,1015611457
dimwishlist:item=3021407779&perks=588594999,1428297954,2846385770,1890422124,1015611457
dimwishlist:item=3021407779&perks=1359896290,588594999,1428297954,2846385770
dimwishlist:item=3021407779&perks=1359896290,588594999,1428297954,1890422124
dimwishlist:item=3021407779&perks=1359896290,588594999,1428297954,1015611457
dimwishlist:item=3021407779&perks=1359896290,588594999,2846385770,1890422124
dimwishlist:item=3021407779&perks=1359896290,588594999,2846385770,1015611457
dimwishlist:item=3021407779&perks=1359896290,588594999,1890422124,1015611457
dimwishlist:item=3021407779&perks=1359896290,1428297954,2846385770,1890422124
dimwishlist:item=3021407779&perks=1359896290,1428297954,2846385770,1015611457
dimwishlist:item=3021407779&perks=1359896290,1428297954,1890422124,1015611457
dimwishlist:item=3021407779&perks=588594999,1428297954,2846385770,1890422124
dimwishlist:item=3021407779&perks=588594999,1428297954,2846385770,1015611457
dimwishlist:item=3021407779&perks=588594999,1428297954,1890422124,1015611457
dimwishlist:item=3021407779&perks=1359896290,2846385770,1890422124,1015611457
dimwishlist:item=3021407779&perks=588594999,2846385770,1890422124,1015611457
dimwishlist:item=3021407779&perks=1428297954,2846385770,1890422124,1015611457
dimwishlist:item=3021407779&perks=1359896290,588594999,2846385770
dimwishlist:item=3021407779&perks=1359896290,588594999,1890422124
dimwishlist:item=3021407779&perks=1359896290,588594999,1015611457
dimwishlist:item=3021407779&perks=1359896290,1428297954,2846385770
dimwishlist:item=3021407779&perks=1359896290,1428297954,1890422124
dimwishlist:item=3021407779&perks=1359896290,1428297954,1015611457
dimwishlist:item=3021407779&perks=588594999,1428297954,2846385770
dimwishlist:item=3021407779&perks=588594999,1428297954,1890422124
dimwishlist:item=3021407779&perks=588594999,1428297954,1015611457
dimwishlist:item=3021407779&perks=1359896290,2846385770,1890422124
dimwishlist:item=3021407779&perks=1359896290,2846385770,1015611457
dimwishlist:item=3021407779&perks=1359896290,1890422124,1015611457
dimwishlist:item=3021407779&perks=588594999,2846385770,1890422124
dimwishlist:item=3021407779&perks=588594999,2846385770,1015611457
dimwishlist:item=3021407779&perks=588594999,1890422124,1015611457
dimwishlist:item=3021407779&perks=1428297954,2846385770,1890422124
dimwishlist:item=3021407779&perks=1428297954,2846385770,1015611457
dimwishlist:item=3021407779&perks=1428297954,1890422124,1015611457
dimwishlist:item=3021407779&perks=1359896290,2846385770
dimwishlist:item=3021407779&perks=1359896290,1890422124
dimwishlist:item=3021407779&perks=1359896290,1015611457
dimwishlist:item=3021407779&perks=588594999,2846385770
dimwishlist:item=3021407779&perks=588594999,1890422124
dimwishlist:item=3021407779&perks=588594999,1015611457
dimwishlist:item=3021407779&perks=1428297954,2846385770
dimwishlist:item=3021407779&perks=1428297954,1890422124
dimwishlist:item=3021407779&perks=1428297954,1015611457

// itemHash=2579239008 (alternate item version)
// perks: Dynamic Sway Reduction=1359896290; Moving Target=588594999; Perpetual Motion=1428297954; Rangefinder=2846385770; Tap the Trigger=1890422124; Kill Clip=1015611457
//notes: CrucibleGuidebook tags:pvp
dimwishlist:item=2579239008&perks=1359896290,588594999,1428297954,2846385770,1890422124,1015611457
dimwishlist:item=2579239008&perks=1359896290,588594999,1428297954,2846385770,1890422124
dimwishlist:item=2579239008&perks=1359896290,588594999,1428297954,2846385770,1015611457
dimwishlist:item=2579239008&perks=1359896290,588594999,1428297954,1890422124,1015611457
dimwishlist:item=2579239008&perks=1359896290,588594999,2846385770,1890422124,1015611457
dimwishlist:item=2579239008&perks=1359896290,1428297954,2846385770,1890422124,1015611457
dimwishlist:item=2579239008&perks=588594999,1428297954,2846385770,1890422124,1015611457
dimwishlist:item=2579239008&perks=1359896290,588594999,1428297954,2846385770
dimwishlist:item=2579239008&perks=1359896290,588594999,1428297954,1890422124
dimwishlist:item=2579239008&perks=1359896290,588594999,1428297954,1015611457
dimwishlist:item=2579239008&perks=1359896290,588594999,2846385770,1890422124
dimwishlist:item=2579239008&perks=1359896290,588594999,2846385770,1015611457
dimwishlist:item=2579239008&perks=1359896290,588594999,1890422124,1015611457
dimwishlist:item=2579239008&perks=1359896290,1428297954,2846385770,1890422124
dimwishlist:item=2579239008&perks=1359896290,1428297954,2846385770,1015611457
dimwishlist:item=2579239008&perks=1359896290,1428297954,1890422124,1015611457
dimwishlist:item=2579239008&perks=588594999,1428297954,2846385770,1890422124
dimwishlist:item=2579239008&perks=588594999,1428297954,2846385770,1015611457
dimwishlist:item=2579239008&perks=588594999,1428297954,1890422124,1015611457
dimwishlist:item=2579239008&perks=1359896290,2846385770,1890422124,1015611457
dimwishlist:item=2579239008&perks=588594999,2846385770,1890422124,1015611457
dimwishlist:item=2579239008&perks=1428297954,2846385770,1890422124,1015611457
dimwishlist:item=2579239008&perks=1359896290,588594999,2846385770
dimwishlist:item=2579239008&perks=1359896290,588594999,1890422124
dimwishlist:item=2579239008&perks=1359896290,588594999,1015611457
dimwishlist:item=2579239008&perks=1359896290,1428297954,2846385770
dimwishlist:item=2579239008&perks=1359896290,1428297954,1890422124
dimwishlist:item=2579239008&perks=1359896290,1428297954,1015611457
dimwishlist:item=2579239008&perks=588594999,1428297954,2846385770
dimwishlist:item=2579239008&perks=588594999,1428297954,1890422124
dimwishlist:item=2579239008&perks=588594999,1428297954,1015611457
dimwishlist:item=2579239008&perks=1359896290,2846385770,1890422124
dimwishlist:item=2579239008&perks=1359896290,2846385770,1015611457
dimwishlist:item=2579239008&perks=1359896290,1890422124,1015611457
dimwishlist:item=2579239008&perks=588594999,2846385770,1890422124
dimwishlist:item=2579239008&perks=588594999,2846385770,1015611457
dimwishlist:item=2579239008&perks=588594999,1890422124,1015611457
dimwishlist:item=2579239008&perks=1428297954,2846385770,1890422124
dimwishlist:item=2579239008&perks=1428297954,2846385770,1015611457
dimwishlist:item=2579239008&perks=1428297954,1890422124,1015611457
dimwishlist:item=2579239008&perks=1359896290,2846385770
dimwishlist:item=2579239008&perks=1359896290,1890422124
dimwishlist:item=2579239008&perks=1359896290,1015611457
dimwishlist:item=2579239008&perks=588594999,2846385770
dimwishlist:item=2579239008&perks=588594999,1890422124
dimwishlist:item=2579239008&perks=588594999,1015611457
dimwishlist:item=2579239008&perks=1428297954,2846385770
dimwishlist:item=2579239008&perks=1428297954,1890422124
dimwishlist:item=2579239008&perks=1428297954,1015611457

// itemHash=2988121501 (alternate item version)
// perks: Dynamic Sway Reduction=1359896290; Moving Target=588594999; Perpetual Motion=1428297954; Rangefinder=2846385770; Tap the Trigger=1890422124; Kill Clip=1015611457
//notes: CrucibleGuidebook tags:pvp
dimwishlist:item=2988121501&perks=1359896290,588594999,1428297954,2846385770,1890422124,1015611457
dimwishlist:item=2988121501&perks=1359896290,588594999,1428297954,2846385770,1890422124
dimwishlist:item=2988121501&perks=1359896290,588594999,1428297954,2846385770,1015611457
dimwishlist:item=2988121501&perks=1359896290,588594999,1428297954,1890422124,1015611457
dimwishlist:item=2988121501&perks=1359896290,588594999,2846385770,1890422124,1015611457
dimwishlist:item=2988121501&perks=1359896290,1428297954,2846385770,1890422124,1015611457
dimwishlist:item=2988121501&perks=588594999,1428297954,2846385770,1890422124,1015611457
dimwishlist:item=2988121501&perks=1359896290,588594999,1428297954,2846385770
dimwishlist:item=2988121501&perks=1359896290,588594999,1428297954,1890422124
dimwishlist:item=2988121501&perks=1359896290,588594999,1428297954,1015611457
dimwishlist:item=2988121501&perks=1359896290,588594999,2846385770,1890422124
dimwishlist:item=2988121501&perks=1359896290,588594999,2846385770,1015611457
dimwishlist:item=2988121501&perks=1359896290,588594999,1890422124,1015611457
dimwishlist:item=2988121501&perks=1359896290,1428297954,2846385770,1890422124
dimwishlist:item=2988121501&perks=1359896290,1428297954,2846385770,1015611457
dimwishlist:item=2988121501&perks=1359896290,1428297954,1890422124,1015611457
dimwishlist:item=2988121501&perks=588594999,1428297954,2846385770,1890422124
dimwishlist:item=2988121501&perks=588594999,1428297954,2846385770,1015611457
dimwishlist:item=2988121501&perks=588594999,1428297954,1890422124,1015611457
dimwishlist:item=2988121501&perks=1359896290,2846385770,1890422124,1015611457
dimwishlist:item=2988121501&perks=588594999,2846385770,1890422124,1015611457
dimwishlist:item=2988121501&perks=1428297954,2846385770,1890422124,1015611457
dimwishlist:item=2988121501&perks=1359896290,588594999,2846385770
dimwishlist:item=2988121501&perks=1359896290,588594999,1890422124
dimwishlist:item=2988121501&perks=1359896290,588594999,1015611457
dimwishlist:item=2988121501&perks=1359896290,1428297954,2846385770
dimwishlist:item=2988121501&perks=1359896290,1428297954,1890422124
dimwishlist:item=2988121501&perks=1359896290,1428297954,1015611457
dimwishlist:item=2988121501&perks=588594999,1428297954,2846385770
dimwishlist:item=2988121501&perks=588594999,1428297954,1890422124
dimwishlist:item=2988121501&perks=588594999,1428297954,1015611457
dimwishlist:item=2988121501&perks=1359896290,2846385770,1890422124
dimwishlist:item=2988121501&perks=1359896290,2846385770,1015611457
dimwishlist:item=2988121501&perks=1359896290,1890422124,1015611457
dimwishlist:item=2988121501&perks=588594999,2846385770,1890422124
dimwishlist:item=2988121501&perks=588594999,2846385770,1015611457
dimwishlist:item=2988121501&perks=588594999,1890422124,1015611457
dimwishlist:item=2988121501&perks=1428297954,2846385770,1890422124
dimwishlist:item=2988121501&perks=1428297954,2846385770,1015611457
dimwishlist:item=2988121501&perks=1428297954,1890422124,1015611457
dimwishlist:item=2988121501&perks=1359896290,2846385770
dimwishlist:item=2988121501&perks=1359896290,1890422124
dimwishlist:item=2988121501&perks=1359896290,1015611457
dimwishlist:item=2988121501&perks=588594999,2846385770
dimwishlist:item=2988121501&perks=588594999,1890422124
dimwishlist:item=2988121501&perks=588594999,1015611457
dimwishlist:item=2988121501&perks=1428297954,2846385770
dimwishlist:item=2988121501&perks=1428297954,1890422124
dimwishlist:item=2988121501&perks=1428297954,1015611457

// #38 Better Devils
// itemHash=2106353446
// perks: Perpetual Motion=1428297954; Moving Target=588594999; Rapid Hit=247725512; Slice=923806249; Rangefinder=2846385770; Zen Moment=2387244414; Opening Shot=47981717; Kill Clip=1015611457; Explosive Payload=3038247973
//notes: CrucibleGuidebook tags:pvp
dimwishlist:item=2106353446&perks=1428297954,588594999,247725512,923806249,2846385770,2387244414,47981717,1015611457,3038247973
dimwishlist:item=2106353446&perks=1428297954,588594999,247725512,923806249,2846385770,2387244414,47981717,1015611457
dimwishlist:item=2106353446&perks=1428297954,588594999,247725512,923806249,2846385770,2387244414,47981717,3038247973
dimwishlist:item=2106353446&perks=1428297954,588594999,247725512,923806249,2846385770,2387244414,1015611457,3038247973
dimwishlist:item=2106353446&perks=1428297954,588594999,247725512,923806249,2846385770,47981717,1015611457,3038247973
dimwishlist:item=2106353446&perks=1428297954,588594999,247725512,923806249,2387244414,47981717,1015611457,3038247973
dimwishlist:item=2106353446&perks=1428297954,588594999,247725512,2846385770,2387244414,47981717,1015611457,3038247973
dimwishlist:item=2106353446&perks=1428297954,588594999,923806249,2846385770,2387244414,47981717,1015611457,3038247973
dimwishlist:item=2106353446&perks=1428297954,247725512,923806249,2846385770,2387244414,47981717,1015611457,3038247973
dimwishlist:item=2106353446&perks=588594999,247725512,923806249,2846385770,2387244414,47981717,1015611457,3038247973
dimwishlist:item=2106353446&perks=1428297954,588594999,247725512,923806249,2846385770,2387244414,47981717
dimwishlist:item=2106353446&perks=1428297954,588594999,247725512,923806249,2846385770,2387244414,1015611457
dimwishlist:item=2106353446&perks=1428297954,588594999,247725512,923806249,2846385770,2387244414,3038247973
dimwishlist:item=2106353446&perks=1428297954,588594999,247725512,923806249,2846385770,47981717,1015611457
dimwishlist:item=2106353446&perks=1428297954,588594999,247725512,923806249,2846385770,47981717,3038247973
dimwishlist:item=2106353446&perks=1428297954,588594999,247725512,923806249,2846385770,1015611457,3038247973
dimwishlist:item=2106353446&perks=1428297954,588594999,247725512,923806249,2387244414,47981717,1015611457
dimwishlist:item=2106353446&perks=1428297954,588594999,247725512,923806249,2387244414,47981717,3038247973
dimwishlist:item=2106353446&perks=1428297954,588594999,247725512,923806249,2387244414,1015611457,3038247973
dimwishlist:item=2106353446&perks=1428297954,588594999,247725512,923806249,47981717,1015611457,3038247973
dimwishlist:item=2106353446&perks=1428297954,588594999,247725512,2846385770,2387244414,47981717,1015611457
dimwishlist:item=2106353446&perks=1428297954,588594999,247725512,2846385770,2387244414,47981717,3038247973
dimwishlist:item=2106353446&perks=1428297954,588594999,247725512,2846385770,2387244414,1015611457,3038247973
dimwishlist:item=2106353446&perks=1428297954,588594999,247725512,2846385770,47981717,1015611457,3038247973
dimwishlist:item=2106353446&perks=1428297954,588594999,923806249,2846385770,2387244414,47981717,1015611457
dimwishlist:item=2106353446&perks=1428297954,588594999,923806249,2846385770,2387244414,47981717,3038247973
dimwishlist:item=2106353446&perks=1428297954,588594999,923806249,2846385770,2387244414,1015611457,3038247973
dimwishlist:item=2106353446&perks=1428297954,588594999,923806249,2846385770,47981717,1015611457,3038247973
dimwishlist:item=2106353446&perks=1428297954,247725512,923806249,2846385770,2387244414,47981717,1015611457
dimwishlist:item=2106353446&perks=1428297954,247725512,923806249,2846385770,2387244414,47981717,3038247973
dimwishlist:item=2106353446&perks=1428297954,247725512,923806249,2846385770,2387244414,1015611457,3038247973
dimwishlist:item=2106353446&perks=1428297954,247725512,923806249,2846385770,47981717,1015611457,3038247973
dimwishlist:item=2106353446&perks=588594999,247725512,923806249,2846385770,2387244414,47981717,1015611457
dimwishlist:item=2106353446&perks=588594999,247725512,923806249,2846385770,2387244414,47981717,3038247973
dimwishlist:item=2106353446&perks=588594999,247725512,923806249,2846385770,2387244414,1015611457,3038247973
dimwishlist:item=2106353446&perks=588594999,247725512,923806249,2846385770,47981717,1015611457,3038247973
dimwishlist:item=2106353446&perks=1428297954,588594999,247725512,2387244414,47981717,1015611457,3038247973
dimwishlist:item=2106353446&perks=1428297954,588594999,923806249,2387244414,47981717,1015611457,3038247973
dimwishlist:item=2106353446&perks=1428297954,588594999,2846385770,2387244414,47981717,1015611457,3038247973
dimwishlist:item=2106353446&perks=1428297954,247725512,923806249,2387244414,47981717,1015611457,3038247973
dimwishlist:item=2106353446&perks=1428297954,247725512,2846385770,2387244414,47981717,1015611457,3038247973
dimwishlist:item=2106353446&perks=1428297954,923806249,2846385770,2387244414,47981717,1015611457,3038247973
dimwishlist:item=2106353446&perks=588594999,247725512,923806249,2387244414,47981717,1015611457,3038247973
dimwishlist:item=2106353446&perks=588594999,247725512,2846385770,2387244414,47981717,1015611457,3038247973
dimwishlist:item=2106353446&perks=588594999,923806249,2846385770,2387244414,47981717,1015611457,3038247973
dimwishlist:item=2106353446&perks=247725512,923806249,2846385770,2387244414,47981717,1015611457,3038247973
dimwishlist:item=2106353446&perks=1428297954,588594999,247725512,923806249,2846385770,2387244414
dimwishlist:item=2106353446&perks=1428297954,588594999,247725512,923806249,2846385770,47981717
dimwishlist:item=2106353446&perks=1428297954,588594999,247725512,923806249,2846385770,1015611457
dimwishlist:item=2106353446&perks=1428297954,588594999,247725512,923806249,2846385770,3038247973
dimwishlist:item=2106353446&perks=1428297954,588594999,247725512,923806249,2387244414,47981717
dimwishlist:item=2106353446&perks=1428297954,588594999,247725512,923806249,2387244414,1015611457
dimwishlist:item=2106353446&perks=1428297954,588594999,247725512,923806249,2387244414,3038247973
dimwishlist:item=2106353446&perks=1428297954,588594999,247725512,923806249,47981717,1015611457
dimwishlist:item=2106353446&perks=1428297954,588594999,247725512,923806249,47981717,3038247973
dimwishlist:item=2106353446&perks=1428297954,588594999,247725512,923806249,1015611457,3038247973
dimwishlist:item=2106353446&perks=1428297954,588594999,247725512,2846385770,2387244414,47981717
dimwishlist:item=2106353446&perks=1428297954,588594999,247725512,2846385770,2387244414,1015611457
dimwishlist:item=2106353446&perks=1428297954,588594999,247725512,2846385770,2387244414,3038247973
dimwishlist:item=2106353446&perks=1428297954,588594999,247725512,2846385770,47981717,1015611457
dimwishlist:item=2106353446&perks=1428297954,588594999,247725512,2846385770,47981717,3038247973
dimwishlist:item=2106353446&perks=1428297954,588594999,247725512,2846385770,1015611457,3038247973
dimwishlist:item=2106353446&perks=1428297954,588594999,923806249,2846385770,2387244414,47981717
dimwishlist:item=2106353446&perks=1428297954,588594999,923806249,2846385770,2387244414,1015611457
dimwishlist:item=2106353446&perks=1428297954,588594999,923806249,2846385770,2387244414,3038247973
dimwishlist:item=2106353446&perks=1428297954,588594999,923806249,2846385770,47981717,1015611457
dimwishlist:item=2106353446&perks=1428297954,588594999,923806249,2846385770,47981717,3038247973
dimwishlist:item=2106353446&perks=1428297954,588594999,923806249,2846385770,1015611457,3038247973
dimwishlist:item=2106353446&perks=1428297954,247725512,923806249,2846385770,2387244414,47981717
dimwishlist:item=2106353446&perks=1428297954,247725512,923806249,2846385770,2387244414,1015611457
dimwishlist:item=2106353446&perks=1428297954,247725512,923806249,2846385770,2387244414,3038247973
dimwishlist:item=2106353446&perks=1428297954,247725512,923806249,2846385770,47981717,1015611457
dimwishlist:item=2106353446&perks=1428297954,247725512,923806249,2846385770,47981717,3038247973
dimwishlist:item=2106353446&perks=1428297954,247725512,923806249,2846385770,1015611457,3038247973
dimwishlist:item=2106353446&perks=588594999,247725512,923806249,2846385770,2387244414,47981717
dimwishlist:item=2106353446&perks=588594999,247725512,923806249,2846385770,2387244414,1015611457
dimwishlist:item=2106353446&perks=588594999,247725512,923806249,2846385770,2387244414,3038247973
dimwishlist:item=2106353446&perks=588594999,247725512,923806249,2846385770,47981717,1015611457
dimwishlist:item=2106353446&perks=588594999,247725512,923806249,2846385770,47981717,3038247973
dimwishlist:item=2106353446&perks=588594999,247725512,923806249,2846385770,1015611457,3038247973
dimwishlist:item=2106353446&perks=1428297954,588594999,247725512,2387244414,47981717,1015611457
dimwishlist:item=2106353446&perks=1428297954,588594999,247725512,2387244414,47981717,3038247973
dimwishlist:item=2106353446&perks=1428297954,588594999,247725512,2387244414,1015611457,3038247973
dimwishlist:item=2106353446&perks=1428297954,588594999,247725512,47981717,1015611457,3038247973
dimwishlist:item=2106353446&perks=1428297954,588594999,923806249,2387244414,47981717,1015611457
dimwishlist:item=2106353446&perks=1428297954,588594999,923806249,2387244414,47981717,3038247973
dimwishlist:item=2106353446&perks=1428297954,588594999,923806249,2387244414,1015611457,3038247973
dimwishlist:item=2106353446&perks=1428297954,588594999,923806249,47981717,1015611457,3038247973
dimwishlist:item=2106353446&perks=1428297954,588594999,2846385770,2387244414,47981717,1015611457
dimwishlist:item=2106353446&perks=1428297954,588594999,2846385770,2387244414,47981717,3038247973
dimwishlist:item=2106353446&perks=1428297954,588594999,2846385770,2387244414,1015611457,3038247973
dimwishlist:item=2106353446&perks=1428297954,588594999,2846385770,47981717,1015611457,3038247973
dimwishlist:item=2106353446&perks=1428297954,247725512,923806249,2387244414,47981717,1015611457
dimwishlist:item=2106353446&perks=1428297954,247725512,923806249,2387244414,47981717,3038247973
dimwishlist:item=2106353446&perks=1428297954,247725512,923806249,2387244414,1015611457,3038247973
dimwishlist:item=2106353446&perks=1428297954,247725512,923806249,47981717,1015611457,3038247973
dimwishlist:item=2106353446&perks=1428297954,247725512,2846385770,2387244414,47981717,1015611457
dimwishlist:item=2106353446&perks=1428297954,247725512,2846385770,2387244414,47981717,3038247973
dimwishlist:item=2106353446&perks=1428297954,247725512,2846385770,2387244414,1015611457,3038247973
dimwishlist:item=2106353446&perks=1428297954,247725512,2846385770,47981717,1015611457,3038247973
dimwishlist:item=2106353446&perks=1428297954,923806249,2846385770,2387244414,47981717,1015611457
dimwishlist:item=2106353446&perks=1428297954,923806249,2846385770,2387244414,47981717,3038247973
dimwishlist:item=2106353446&perks=1428297954,923806249,2846385770,2387244414,1015611457,3038247973
dimwishlist:item=2106353446&perks=1428297954,923806249,2846385770,47981717,1015611457,3038247973
dimwishlist:item=2106353446&perks=588594999,247725512,923806249,2387244414,47981717,1015611457
dimwishlist:item=2106353446&perks=588594999,247725512,923806249,2387244414,47981717,3038247973
dimwishlist:item=2106353446&perks=588594999,247725512,923806249,2387244414,1015611457,3038247973
dimwishlist:item=2106353446&perks=588594999,247725512,923806249,47981717,1015611457,3038247973
dimwishlist:item=2106353446&perks=588594999,247725512,2846385770,2387244414,47981717,1015611457
dimwishlist:item=2106353446&perks=588594999,247725512,2846385770,2387244414,47981717,3038247973
dimwishlist:item=2106353446&perks=588594999,247725512,2846385770,2387244414,1015611457,3038247973
dimwishlist:item=2106353446&perks=588594999,247725512,2846385770,47981717,1015611457,3038247973
dimwishlist:item=2106353446&perks=588594999,923806249,2846385770,2387244414,47981717,1015611457
dimwishlist:item=2106353446&perks=588594999,923806249,2846385770,2387244414,47981717,3038247973
dimwishlist:item=2106353446&perks=588594999,923806249,2846385770,2387244414,1015611457,3038247973
dimwishlist:item=2106353446&perks=588594999,923806249,2846385770,47981717,1015611457,3038247973
dimwishlist:item=2106353446&perks=247725512,923806249,2846385770,2387244414,47981717,1015611457
dimwishlist:item=2106353446&perks=247725512,923806249,2846385770,2387244414,47981717,3038247973
dimwishlist:item=2106353446&perks=247725512,923806249,2846385770,2387244414,1015611457,3038247973
dimwishlist:item=2106353446&perks=247725512,923806249,2846385770,47981717,1015611457,3038247973
dimwishlist:item=2106353446&perks=1428297954,588594999,2387244414,47981717,1015611457,3038247973
dimwishlist:item=2106353446&perks=1428297954,247725512,2387244414,47981717,1015611457,3038247973
dimwishlist:item=2106353446&perks=1428297954,923806249,2387244414,47981717,1015611457,3038247973
dimwishlist:item=2106353446&perks=1428297954,2846385770,2387244414,47981717,1015611457,3038247973
dimwishlist:item=2106353446&perks=588594999,247725512,2387244414,47981717,1015611457,3038247973
dimwishlist:item=2106353446&perks=588594999,923806249,2387244414,47981717,1015611457,3038247973
dimwishlist:item=2106353446&perks=588594999,2846385770,2387244414,47981717,1015611457,3038247973
dimwishlist:item=2106353446&perks=247725512,923806249,2387244414,47981717,1015611457,3038247973
dimwishlist:item=2106353446&perks=247725512,2846385770,2387244414,47981717,1015611457,3038247973
dimwishlist:item=2106353446&perks=923806249,2846385770,2387244414,47981717,1015611457,3038247973
dimwishlist:item=2106353446&perks=1428297954,588594999,247725512,923806249,2387244414
dimwishlist:item=2106353446&perks=1428297954,588594999,247725512,923806249,47981717
dimwishlist:item=2106353446&perks=1428297954,588594999,247725512,923806249,1015611457
dimwishlist:item=2106353446&perks=1428297954,588594999,247725512,923806249,3038247973
dimwishlist:item=2106353446&perks=1428297954,588594999,247725512,2846385770,2387244414
dimwishlist:item=2106353446&perks=1428297954,588594999,247725512,2846385770,47981717
dimwishlist:item=2106353446&perks=1428297954,588594999,247725512,2846385770,1015611457
dimwishlist:item=2106353446&perks=1428297954,588594999,247725512,2846385770,3038247973
dimwishlist:item=2106353446&perks=1428297954,588594999,923806249,2846385770,2387244414
dimwishlist:item=2106353446&perks=1428297954,588594999,923806249,2846385770,47981717
dimwishlist:item=2106353446&perks=1428297954,588594999,923806249,2846385770,1015611457
dimwishlist:item=2106353446&perks=1428297954,588594999,923806249,2846385770,3038247973
dimwishlist:item=2106353446&perks=1428297954,247725512,923806249,2846385770,2387244414
dimwishlist:item=2106353446&perks=1428297954,247725512,923806249,2846385770,47981717
dimwishlist:item=2106353446&perks=1428297954,247725512,923806249,2846385770,1015611457
dimwishlist:item=2106353446&perks=1428297954,247725512,923806249,2846385770,3038247973
dimwishlist:item=2106353446&perks=588594999,247725512,923806249,2846385770,2387244414
dimwishlist:item=2106353446&perks=588594999,247725512,923806249,2846385770,47981717
dimwishlist:item=2106353446&perks=588594999,247725512,923806249,2846385770,1015611457
dimwishlist:item=2106353446&perks=588594999,247725512,923806249,2846385770,3038247973
dimwishlist:item=2106353446&perks=1428297954,588594999,247725512,2387244414,47981717
dimwishlist:item=2106353446&perks=1428297954,588594999,247725512,2387244414,1015611457
dimwishlist:item=2106353446&perks=1428297954,588594999,247725512,2387244414,3038247973
dimwishlist:item=2106353446&perks=1428297954,588594999,247725512,47981717,1015611457
dimwishlist:item=2106353446&perks=1428297954,588594999,247725512,47981717,3038247973
dimwishlist:item=2106353446&perks=1428297954,588594999,247725512,1015611457,3038247973
dimwishlist:item=2106353446&perks=1428297954,588594999,923806249,2387244414,47981717
dimwishlist:item=2106353446&perks=1428297954,588594999,923806249,2387244414,1015611457
dimwishlist:item=2106353446&perks=1428297954,588594999,923806249,2387244414,3038247973
dimwishlist:item=2106353446&perks=1428297954,588594999,923806249,47981717,1015611457
dimwishlist:item=2106353446&perks=1428297954,588594999,923806249,47981717,3038247973
dimwishlist:item=2106353446&perks=1428297954,588594999,923806249,1015611457,3038247973
dimwishlist:item=2106353446&perks=1428297954,588594999,2846385770,2387244414,47981717
dimwishlist:item=2106353446&perks=1428297954,588594999,2846385770,2387244414,1015611457
dimwishlist:item=2106353446&perks=1428297954,588594999,2846385770,2387244414,3038247973
dimwishlist:item=2106353446&perks=1428297954,588594999,2846385770,47981717,1015611457
dimwishlist:item=2106353446&perks=1428297954,588594999,2846385770,47981717,3038247973
dimwishlist:item=2106353446&perks=1428297954,588594999,2846385770,1015611457,3038247973
dimwishlist:item=2106353446&perks=1428297954,247725512,923806249,2387244414,47981717
dimwishlist:item=2106353446&perks=1428297954,247725512,923806249,2387244414,1015611457
dimwishlist:item=2106353446&perks=1428297954,247725512,923806249,2387244414,3038247973
dimwishlist:item=2106353446&perks=1428297954,247725512,923806249,47981717,1015611457
dimwishlist:item=2106353446&perks=1428297954,247725512,923806249,47981717,3038247973
dimwishlist:item=2106353446&perks=1428297954,247725512,923806249,1015611457,3038247973
dimwishlist:item=2106353446&perks=1428297954,247725512,2846385770,2387244414,47981717
dimwishlist:item=2106353446&perks=1428297954,247725512,2846385770,2387244414,1015611457
dimwishlist:item=2106353446&perks=1428297954,247725512,2846385770,2387244414,3038247973
dimwishlist:item=2106353446&perks=1428297954,247725512,2846385770,47981717,1015611457
dimwishlist:item=2106353446&perks=1428297954,247725512,2846385770,47981717,3038247973
dimwishlist:item=2106353446&perks=1428297954,247725512,2846385770,1015611457,3038247973
dimwishlist:item=2106353446&perks=1428297954,923806249,2846385770,2387244414,47981717
dimwishlist:item=2106353446&perks=1428297954,923806249,2846385770,2387244414,1015611457
dimwishlist:item=2106353446&perks=1428297954,923806249,2846385770,2387244414,3038247973
dimwishlist:item=2106353446&perks=1428297954,923806249,2846385770,47981717,1015611457
dimwishlist:item=2106353446&perks=1428297954,923806249,2846385770,47981717,3038247973
dimwishlist:item=2106353446&perks=1428297954,923806249,2846385770,1015611457,3038247973
dimwishlist:item=2106353446&perks=588594999,247725512,923806249,2387244414,47981717
dimwishlist:item=2106353446&perks=588594999,247725512,923806249,2387244414,1015611457
dimwishlist:item=2106353446&perks=588594999,247725512,923806249,2387244414,3038247973
dimwishlist:item=2106353446&perks=588594999,247725512,923806249,47981717,1015611457
dimwishlist:item=2106353446&perks=588594999,247725512,923806249,47981717,3038247973
dimwishlist:item=2106353446&perks=588594999,247725512,923806249,1015611457,3038247973
dimwishlist:item=2106353446&perks=588594999,247725512,2846385770,2387244414,47981717
dimwishlist:item=2106353446&perks=588594999,247725512,2846385770,2387244414,1015611457
dimwishlist:item=2106353446&perks=588594999,247725512,2846385770,2387244414,3038247973
dimwishlist:item=2106353446&perks=588594999,247725512,2846385770,47981717,1015611457
dimwishlist:item=2106353446&perks=588594999,247725512,2846385770,47981717,3038247973
dimwishlist:item=2106353446&perks=588594999,247725512,2846385770,1015611457,3038247973
dimwishlist:item=2106353446&perks=588594999,923806249,2846385770,2387244414,47981717
dimwishlist:item=2106353446&perks=588594999,923806249,2846385770,2387244414,1015611457
dimwishlist:item=2106353446&perks=588594999,923806249,2846385770,2387244414,3038247973
dimwishlist:item=2106353446&perks=588594999,923806249,2846385770,47981717,1015611457
dimwishlist:item=2106353446&perks=588594999,923806249,2846385770,47981717,3038247973
dimwishlist:item=2106353446&perks=588594999,923806249,2846385770,1015611457,3038247973
dimwishlist:item=2106353446&perks=247725512,923806249,2846385770,2387244414,47981717
dimwishlist:item=2106353446&perks=247725512,923806249,2846385770,2387244414,1015611457
dimwishlist:item=2106353446&perks=247725512,923806249,2846385770,2387244414,3038247973
dimwishlist:item=2106353446&perks=247725512,923806249,2846385770,47981717,1015611457
dimwishlist:item=2106353446&perks=247725512,923806249,2846385770,47981717,3038247973
dimwishlist:item=2106353446&perks=247725512,923806249,2846385770,1015611457,3038247973
dimwishlist:item=2106353446&perks=1428297954,588594999,2387244414,47981717,1015611457
dimwishlist:item=2106353446&perks=1428297954,588594999,2387244414,47981717,3038247973
dimwishlist:item=2106353446&perks=1428297954,588594999,2387244414,1015611457,3038247973
dimwishlist:item=2106353446&perks=1428297954,588594999,47981717,1015611457,3038247973
dimwishlist:item=2106353446&perks=1428297954,247725512,2387244414,47981717,1015611457
dimwishlist:item=2106353446&perks=1428297954,247725512,2387244414,47981717,3038247973
dimwishlist:item=2106353446&perks=1428297954,247725512,2387244414,1015611457,3038247973
dimwishlist:item=2106353446&perks=1428297954,247725512,47981717,1015611457,3038247973
dimwishlist:item=2106353446&perks=1428297954,923806249,2387244414,47981717,1015611457
dimwishlist:item=2106353446&perks=1428297954,923806249,2387244414,47981717,3038247973
dimwishlist:item=2106353446&perks=1428297954,923806249,2387244414,1015611457,3038247973
dimwishlist:item=2106353446&perks=1428297954,923806249,47981717,1015611457,3038247973
dimwishlist:item=2106353446&perks=1428297954,2846385770,2387244414,47981717,1015611457
dimwishlist:item=2106353446&perks=1428297954,2846385770,2387244414,47981717,3038247973
dimwishlist:item=2106353446&perks=1428297954,2846385770,2387244414,1015611457,3038247973
dimwishlist:item=2106353446&perks=1428297954,2846385770,47981717,1015611457,3038247973
dimwishlist:item=2106353446&perks=588594999,247725512,2387244414,47981717,1015611457
dimwishlist:item=2106353446&perks=588594999,247725512,2387244414,47981717,3038247973
dimwishlist:item=2106353446&perks=588594999,247725512,2387244414,1015611457,3038247973
dimwishlist:item=2106353446&perks=588594999,247725512,47981717,1015611457,3038247973
dimwishlist:item=2106353446&perks=588594999,923806249,2387244414,47981717,1015611457
dimwishlist:item=2106353446&perks=588594999,923806249,2387244414,47981717,3038247973
dimwishlist:item=2106353446&perks=588594999,923806249,2387244414,1015611457,3038247973
dimwishlist:item=2106353446&perks=588594999,923806249,47981717,1015611457,3038247973
dimwishlist:item=2106353446&perks=588594999,2846385770,2387244414,47981717,1015611457
dimwishlist:item=2106353446&perks=588594999,2846385770,2387244414,47981717,3038247973
dimwishlist:item=2106353446&perks=588594999,2846385770,2387244414,1015611457,3038247973
dimwishlist:item=2106353446&perks=588594999,2846385770,47981717,1015611457,3038247973
dimwishlist:item=2106353446&perks=247725512,923806249,2387244414,47981717,1015611457
dimwishlist:item=2106353446&perks=247725512,923806249,2387244414,47981717,3038247973
dimwishlist:item=2106353446&perks=247725512,923806249,2387244414,1015611457,3038247973
dimwishlist:item=2106353446&perks=247725512,923806249,47981717,1015611457,3038247973
dimwishlist:item=2106353446&perks=247725512,2846385770,2387244414,47981717,1015611457
dimwishlist:item=2106353446&perks=247725512,2846385770,2387244414,47981717,3038247973
dimwishlist:item=2106353446&perks=247725512,2846385770,2387244414,1015611457,3038247973
dimwishlist:item=2106353446&perks=247725512,2846385770,47981717,1015611457,3038247973
dimwishlist:item=2106353446&perks=923806249,2846385770,2387244414,47981717,1015611457
dimwishlist:item=2106353446&perks=923806249,2846385770,2387244414,47981717,3038247973
dimwishlist:item=2106353446&perks=923806249,2846385770,2387244414,1015611457,3038247973
dimwishlist:item=2106353446&perks=923806249,2846385770,47981717,1015611457,3038247973
dimwishlist:item=2106353446&perks=1428297954,2387244414,47981717,1015611457,3038247973
dimwishlist:item=2106353446&perks=588594999,2387244414,47981717,1015611457,3038247973
dimwishlist:item=2106353446&perks=247725512,2387244414,47981717,1015611457,3038247973
dimwishlist:item=2106353446&perks=923806249,2387244414,47981717,1015611457,3038247973
dimwishlist:item=2106353446&perks=2846385770,2387244414,47981717,1015611457,3038247973
dimwishlist:item=2106353446&perks=1428297954,588594999,247725512,2387244414
dimwishlist:item=2106353446&perks=1428297954,588594999,247725512,47981717
dimwishlist:item=2106353446&perks=1428297954,588594999,247725512,1015611457
dimwishlist:item=2106353446&perks=1428297954,588594999,247725512,3038247973
dimwishlist:item=2106353446&perks=1428297954,588594999,923806249,2387244414
dimwishlist:item=2106353446&perks=1428297954,588594999,923806249,47981717
dimwishlist:item=2106353446&perks=1428297954,588594999,923806249,1015611457
dimwishlist:item=2106353446&perks=1428297954,588594999,923806249,3038247973
dimwishlist:item=2106353446&perks=1428297954,588594999,2846385770,2387244414
dimwishlist:item=2106353446&perks=1428297954,588594999,2846385770,47981717
dimwishlist:item=2106353446&perks=1428297954,588594999,2846385770,1015611457
dimwishlist:item=2106353446&perks=1428297954,588594999,2846385770,3038247973
dimwishlist:item=2106353446&perks=1428297954,247725512,923806249,2387244414
dimwishlist:item=2106353446&perks=1428297954,247725512,923806249,47981717
dimwishlist:item=2106353446&perks=1428297954,247725512,923806249,1015611457
dimwishlist:item=2106353446&perks=1428297954,247725512,923806249,3038247973
dimwishlist:item=2106353446&perks=1428297954,247725512,2846385770,2387244414
dimwishlist:item=2106353446&perks=1428297954,247725512,2846385770,47981717
dimwishlist:item=2106353446&perks=1428297954,247725512,2846385770,1015611457
dimwishlist:item=2106353446&perks=1428297954,247725512,2846385770,3038247973
dimwishlist:item=2106353446&perks=1428297954,923806249,2846385770,2387244414
dimwishlist:item=2106353446&perks=1428297954,923806249,2846385770,47981717
dimwishlist:item=2106353446&perks=1428297954,923806249,2846385770,1015611457
dimwishlist:item=2106353446&perks=1428297954,923806249,2846385770,3038247973
dimwishlist:item=2106353446&perks=588594999,247725512,923806249,2387244414
dimwishlist:item=2106353446&perks=588594999,247725512,923806249,47981717
dimwishlist:item=2106353446&perks=588594999,247725512,923806249,1015611457
dimwishlist:item=2106353446&perks=588594999,247725512,923806249,3038247973
dimwishlist:item=2106353446&perks=588594999,247725512,2846385770,2387244414
dimwishlist:item=2106353446&perks=588594999,247725512,2846385770,47981717
dimwishlist:item=2106353446&perks=588594999,247725512,2846385770,1015611457
dimwishlist:item=2106353446&perks=588594999,247725512,2846385770,3038247973
dimwishlist:item=2106353446&perks=588594999,923806249,2846385770,2387244414
dimwishlist:item=2106353446&perks=588594999,923806249,2846385770,47981717
dimwishlist:item=2106353446&perks=588594999,923806249,2846385770,1015611457
dimwishlist:item=2106353446&perks=588594999,923806249,2846385770,3038247973
dimwishlist:item=2106353446&perks=247725512,923806249,2846385770,2387244414
dimwishlist:item=2106353446&perks=247725512,923806249,2846385770,47981717
dimwishlist:item=2106353446&perks=247725512,923806249,2846385770,1015611457
dimwishlist:item=2106353446&perks=247725512,923806249,2846385770,3038247973
dimwishlist:item=2106353446&perks=1428297954,588594999,2387244414,47981717
dimwishlist:item=2106353446&perks=1428297954,588594999,2387244414,1015611457
dimwishlist:item=2106353446&perks=1428297954,588594999,2387244414,3038247973
dimwishlist:item=2106353446&perks=1428297954,588594999,47981717,1015611457
dimwishlist:item=2106353446&perks=1428297954,588594999,47981717,3038247973
dimwishlist:item=2106353446&perks=1428297954,588594999,1015611457,3038247973
dimwishlist:item=2106353446&perks=1428297954,247725512,2387244414,47981717
dimwishlist:item=2106353446&perks=1428297954,247725512,2387244414,1015611457
dimwishlist:item=2106353446&perks=1428297954,247725512,2387244414,3038247973
dimwishlist:item=2106353446&perks=1428297954,247725512,47981717,1015611457
dimwishlist:item=2106353446&perks=1428297954,247725512,47981717,3038247973
dimwishlist:item=2106353446&perks=1428297954,247725512,1015611457,3038247973
dimwishlist:item=2106353446&perks=1428297954,923806249,2387244414,47981717
dimwishlist:item=2106353446&perks=1428297954,923806249,2387244414,1015611457
dimwishlist:item=2106353446&perks=1428297954,923806249,2387244414,3038247973
dimwishlist:item=2106353446&perks=1428297954,923806249,47981717,1015611457
dimwishlist:item=2106353446&perks=1428297954,923806249,47981717,3038247973
dimwishlist:item=2106353446&perks=1428297954,923806249,1015611457,3038247973
dimwishlist:item=2106353446&perks=1428297954,2846385770,2387244414,47981717
dimwishlist:item=2106353446&perks=1428297954,2846385770,2387244414,1015611457
dimwishlist:item=2106353446&perks=1428297954,2846385770,2387244414,3038247973
dimwishlist:item=2106353446&perks=1428297954,2846385770,47981717,1015611457
dimwishlist:item=2106353446&perks=1428297954,2846385770,47981717,3038247973
dimwishlist:item=2106353446&perks=1428297954,2846385770,1015611457,3038247973
dimwishlist:item=2106353446&perks=588594999,247725512,2387244414,47981717
dimwishlist:item=2106353446&perks=588594999,247725512,2387244414,1015611457
dimwishlist:item=2106353446&perks=588594999,247725512,2387244414,3038247973
dimwishlist:item=2106353446&perks=588594999,247725512,47981717,1015611457
dimwishlist:item=2106353446&perks=588594999,247725512,47981717,3038247973
dimwishlist:item=2106353446&perks=588594999,247725512,1015611457,3038247973
dimwishlist:item=2106353446&perks=588594999,923806249,2387244414,47981717
dimwishlist:item=2106353446&perks=588594999,923806249,2387244414,1015611457
dimwishlist:item=2106353446&perks=588594999,923806249,2387244414,3038247973
dimwishlist:item=2106353446&perks=588594999,923806249,47981717,1015611457
dimwishlist:item=2106353446&perks=588594999,923806249,47981717,3038247973
dimwishlist:item=2106353446&perks=588594999,923806249,1015611457,3038247973
dimwishlist:item=2106353446&perks=588594999,2846385770,2387244414,47981717
dimwishlist:item=2106353446&perks=588594999,2846385770,2387244414,1015611457
dimwishlist:item=2106353446&perks=588594999,2846385770,2387244414,3038247973
dimwishlist:item=2106353446&perks=588594999,2846385770,47981717,1015611457
dimwishlist:item=2106353446&perks=588594999,2846385770,47981717,3038247973
dimwishlist:item=2106353446&perks=588594999,2846385770,1015611457,3038247973
dimwishlist:item=2106353446&perks=247725512,923806249,2387244414,47981717
dimwishlist:item=2106353446&perks=247725512,923806249,2387244414,1015611457
dimwishlist:item=2106353446&perks=247725512,923806249,2387244414,3038247973
dimwishlist:item=2106353446&perks=247725512,923806249,47981717,1015611457
dimwishlist:item=2106353446&perks=247725512,923806249,47981717,3038247973
dimwishlist:item=2106353446&perks=247725512,923806249,1015611457,3038247973
dimwishlist:item=2106353446&perks=247725512,2846385770,2387244414,47981717
dimwishlist:item=2106353446&perks=247725512,2846385770,2387244414,1015611457
dimwishlist:item=2106353446&perks=247725512,2846385770,2387244414,3038247973
dimwishlist:item=2106353446&perks=247725512,2846385770,47981717,1015611457
dimwishlist:item=2106353446&perks=247725512,2846385770,47981717,3038247973
dimwishlist:item=2106353446&perks=247725512,2846385770,1015611457,3038247973
dimwishlist:item=2106353446&perks=923806249,2846385770,2387244414,47981717
dimwishlist:item=2106353446&perks=923806249,2846385770,2387244414,1015611457
dimwishlist:item=2106353446&perks=923806249,2846385770,2387244414,3038247973
dimwishlist:item=2106353446&perks=923806249,2846385770,47981717,1015611457
dimwishlist:item=2106353446&perks=923806249,2846385770,47981717,3038247973
dimwishlist:item=2106353446&perks=923806249,2846385770,1015611457,3038247973
dimwishlist:item=2106353446&perks=1428297954,2387244414,47981717,1015611457
dimwishlist:item=2106353446&perks=1428297954,2387244414,47981717,3038247973
dimwishlist:item=2106353446&perks=1428297954,2387244414,1015611457,3038247973
dimwishlist:item=2106353446&perks=1428297954,47981717,1015611457,3038247973
dimwishlist:item=2106353446&perks=588594999,2387244414,47981717,1015611457
dimwishlist:item=2106353446&perks=588594999,2387244414,47981717,3038247973
dimwishlist:item=2106353446&perks=588594999,2387244414,1015611457,3038247973
dimwishlist:item=2106353446&perks=588594999,47981717,1015611457,3038247973
dimwishlist:item=2106353446&perks=247725512,2387244414,47981717,1015611457
dimwishlist:item=2106353446&perks=247725512,2387244414,47981717,3038247973
dimwishlist:item=2106353446&perks=247725512,2387244414,1015611457,3038247973
dimwishlist:item=2106353446&perks=247725512,47981717,1015611457,3038247973
dimwishlist:item=2106353446&perks=923806249,2387244414,47981717,1015611457
dimwishlist:item=2106353446&perks=923806249,2387244414,47981717,3038247973
dimwishlist:item=2106353446&perks=923806249,2387244414,1015611457,3038247973
dimwishlist:item=2106353446&perks=923806249,47981717,1015611457,3038247973
dimwishlist:item=2106353446&perks=2846385770,2387244414,47981717,1015611457
dimwishlist:item=2106353446&perks=2846385770,2387244414,47981717,3038247973
dimwishlist:item=2106353446&perks=2846385770,2387244414,1015611457,3038247973
dimwishlist:item=2106353446&perks=2846385770,47981717,1015611457,3038247973
dimwishlist:item=2106353446&perks=1428297954,588594999,2387244414
dimwishlist:item=2106353446&perks=1428297954,588594999,47981717
dimwishlist:item=2106353446&perks=1428297954,588594999,1015611457
dimwishlist:item=2106353446&perks=1428297954,588594999,3038247973
dimwishlist:item=2106353446&perks=1428297954,247725512,2387244414
dimwishlist:item=2106353446&perks=1428297954,247725512,47981717
dimwishlist:item=2106353446&perks=1428297954,247725512,1015611457
dimwishlist:item=2106353446&perks=1428297954,247725512,3038247973
dimwishlist:item=2106353446&perks=1428297954,923806249,2387244414
dimwishlist:item=2106353446&perks=1428297954,923806249,47981717
dimwishlist:item=2106353446&perks=1428297954,923806249,1015611457
dimwishlist:item=2106353446&perks=1428297954,923806249,3038247973
dimwishlist:item=2106353446&perks=1428297954,2846385770,2387244414
dimwishlist:item=2106353446&perks=1428297954,2846385770,47981717
dimwishlist:item=2106353446&perks=1428297954,2846385770,1015611457
dimwishlist:item=2106353446&perks=1428297954,2846385770,3038247973
dimwishlist:item=2106353446&perks=588594999,247725512,2387244414
dimwishlist:item=2106353446&perks=588594999,247725512,47981717
dimwishlist:item=2106353446&perks=588594999,247725512,1015611457
dimwishlist:item=2106353446&perks=588594999,247725512,3038247973
dimwishlist:item=2106353446&perks=588594999,923806249,2387244414
dimwishlist:item=2106353446&perks=588594999,923806249,47981717
dimwishlist:item=2106353446&perks=588594999,923806249,1015611457
dimwishlist:item=2106353446&perks=588594999,923806249,3038247973
dimwishlist:item=2106353446&perks=588594999,2846385770,2387244414
dimwishlist:item=2106353446&perks=588594999,2846385770,47981717
dimwishlist:item=2106353446&perks=588594999,2846385770,1015611457
dimwishlist:item=2106353446&perks=588594999,2846385770,3038247973
dimwishlist:item=2106353446&perks=247725512,923806249,2387244414
dimwishlist:item=2106353446&perks=247725512,923806249,47981717
dimwishlist:item=2106353446&perks=247725512,923806249,1015611457
dimwishlist:item=2106353446&perks=247725512,923806249,3038247973
dimwishlist:item=2106353446&perks=247725512,2846385770,2387244414
dimwishlist:item=2106353446&perks=247725512,2846385770,47981717
dimwishlist:item=2106353446&perks=247725512,2846385770,1015611457
dimwishlist:item=2106353446&perks=247725512,2846385770,3038247973
dimwishlist:item=2106353446&perks=923806249,2846385770,2387244414
dimwishlist:item=2106353446&perks=923806249,2846385770,47981717
dimwishlist:item=2106353446&perks=923806249,2846385770,1015611457
dimwishlist:item=2106353446&perks=923806249,2846385770,3038247973
dimwishlist:item=2106353446&perks=1428297954,2387244414,47981717
dimwishlist:item=2106353446&perks=1428297954,2387244414,1015611457
dimwishlist:item=2106353446&perks=1428297954,2387244414,3038247973
dimwishlist:item=2106353446&perks=1428297954,47981717,1015611457
dimwishlist:item=2106353446&perks=1428297954,47981717,3038247973
dimwishlist:item=2106353446&perks=1428297954,1015611457,3038247973
dimwishlist:item=2106353446&perks=588594999,2387244414,47981717
dimwishlist:item=2106353446&perks=588594999,2387244414,1015611457
dimwishlist:item=2106353446&perks=588594999,2387244414,3038247973
dimwishlist:item=2106353446&perks=588594999,47981717,1015611457
dimwishlist:item=2106353446&perks=588594999,47981717,3038247973
dimwishlist:item=2106353446&perks=588594999,1015611457,3038247973
dimwishlist:item=2106353446&perks=247725512,2387244414,47981717
dimwishlist:item=2106353446&perks=247725512,2387244414,1015611457
dimwishlist:item=2106353446&perks=247725512,2387244414,3038247973
dimwishlist:item=2106353446&perks=247725512,47981717,1015611457
dimwishlist:item=2106353446&perks=247725512,47981717,3038247973
dimwishlist:item=2106353446&perks=247725512,1015611457,3038247973
dimwishlist:item=2106353446&perks=923806249,2387244414,47981717
dimwishlist:item=2106353446&perks=923806249,2387244414,1015611457
dimwishlist:item=2106353446&perks=923806249,2387244414,3038247973
dimwishlist:item=2106353446&perks=923806249,47981717,1015611457
dimwishlist:item=2106353446&perks=923806249,47981717,3038247973
dimwishlist:item=2106353446&perks=923806249,1015611457,3038247973
dimwishlist:item=2106353446&perks=2846385770,2387244414,47981717
dimwishlist:item=2106353446&perks=2846385770,2387244414,1015611457
dimwishlist:item=2106353446&perks=2846385770,2387244414,3038247973
dimwishlist:item=2106353446&perks=2846385770,47981717,1015611457
dimwishlist:item=2106353446&perks=2846385770,47981717,3038247973
dimwishlist:item=2106353446&perks=2846385770,1015611457,3038247973
dimwishlist:item=2106353446&perks=1428297954,2387244414
dimwishlist:item=2106353446&perks=1428297954,47981717
dimwishlist:item=2106353446&perks=1428297954,1015611457
dimwishlist:item=2106353446&perks=1428297954,3038247973
dimwishlist:item=2106353446&perks=588594999,2387244414
dimwishlist:item=2106353446&perks=588594999,47981717
dimwishlist:item=2106353446&perks=588594999,1015611457
dimwishlist:item=2106353446&perks=588594999,3038247973
dimwishlist:item=2106353446&perks=247725512,2387244414
dimwishlist:item=2106353446&perks=247725512,47981717
dimwishlist:item=2106353446&perks=247725512,1015611457
dimwishlist:item=2106353446&perks=247725512,3038247973
dimwishlist:item=2106353446&perks=923806249,2387244414
dimwishlist:item=2106353446&perks=923806249,47981717
dimwishlist:item=2106353446&perks=923806249,1015611457
dimwishlist:item=2106353446&perks=923806249,3038247973
dimwishlist:item=2106353446&perks=2846385770,2387244414
dimwishlist:item=2106353446&perks=2846385770,47981717
dimwishlist:item=2106353446&perks=2846385770,1015611457
dimwishlist:item=2106353446&perks=2846385770,3038247973

// itemHash=4059111041 (alternate item version)
// perks: Perpetual Motion=1428297954; Moving Target=588594999; Rapid Hit=247725512; Slice=923806249; Rangefinder=2846385770; Zen Moment=2387244414; Opening Shot=47981717; Kill Clip=1015611457; Explosive Payload=3038247973
//notes: CrucibleGuidebook tags:pvp
dimwishlist:item=4059111041&perks=1428297954,588594999,247725512,923806249,2846385770,2387244414,47981717,1015611457,3038247973
dimwishlist:item=4059111041&perks=1428297954,588594999,247725512,923806249,2846385770,2387244414,47981717,1015611457
dimwishlist:item=4059111041&perks=1428297954,588594999,247725512,923806249,2846385770,2387244414,47981717,3038247973
dimwishlist:item=4059111041&perks=1428297954,588594999,247725512,923806249,2846385770,2387244414,1015611457,3038247973
dimwishlist:item=4059111041&perks=1428297954,588594999,247725512,923806249,2846385770,47981717,1015611457,3038247973
dimwishlist:item=4059111041&perks=1428297954,588594999,247725512,923806249,2387244414,47981717,1015611457,3038247973
dimwishlist:item=4059111041&perks=1428297954,588594999,247725512,2846385770,2387244414,47981717,1015611457,3038247973
dimwishlist:item=4059111041&perks=1428297954,588594999,923806249,2846385770,2387244414,47981717,1015611457,3038247973
dimwishlist:item=4059111041&perks=1428297954,247725512,923806249,2846385770,2387244414,47981717,1015611457,3038247973
dimwishlist:item=4059111041&perks=588594999,247725512,923806249,2846385770,2387244414,47981717,1015611457,3038247973
dimwishlist:item=4059111041&perks=1428297954,588594999,247725512,923806249,2846385770,2387244414,47981717
dimwishlist:item=4059111041&perks=1428297954,588594999,247725512,923806249,2846385770,2387244414,1015611457
dimwishlist:item=4059111041&perks=1428297954,588594999,247725512,923806249,2846385770,2387244414,3038247973
dimwishlist:item=4059111041&perks=1428297954,588594999,247725512,923806249,2846385770,47981717,1015611457
dimwishlist:item=4059111041&perks=1428297954,588594999,247725512,923806249,2846385770,47981717,3038247973
dimwishlist:item=4059111041&perks=1428297954,588594999,247725512,923806249,2846385770,1015611457,3038247973
dimwishlist:item=4059111041&perks=1428297954,588594999,247725512,923806249,2387244414,47981717,1015611457
dimwishlist:item=4059111041&perks=1428297954,588594999,247725512,923806249,2387244414,47981717,3038247973
dimwishlist:item=4059111041&perks=1428297954,588594999,247725512,923806249,2387244414,1015611457,3038247973
dimwishlist:item=4059111041&perks=1428297954,588594999,247725512,923806249,47981717,1015611457,3038247973
dimwishlist:item=4059111041&perks=1428297954,588594999,247725512,2846385770,2387244414,47981717,1015611457
dimwishlist:item=4059111041&perks=1428297954,588594999,247725512,2846385770,2387244414,47981717,3038247973
dimwishlist:item=4059111041&perks=1428297954,588594999,247725512,2846385770,2387244414,1015611457,3038247973
dimwishlist:item=4059111041&perks=1428297954,588594999,247725512,2846385770,47981717,1015611457,3038247973
dimwishlist:item=4059111041&perks=1428297954,588594999,923806249,2846385770,2387244414,47981717,1015611457
dimwishlist:item=4059111041&perks=1428297954,588594999,923806249,2846385770,2387244414,47981717,3038247973
dimwishlist:item=4059111041&perks=1428297954,588594999,923806249,2846385770,2387244414,1015611457,3038247973
dimwishlist:item=4059111041&perks=1428297954,588594999,923806249,2846385770,47981717,1015611457,3038247973
dimwishlist:item=4059111041&perks=1428297954,247725512,923806249,2846385770,2387244414,47981717,1015611457
dimwishlist:item=4059111041&perks=1428297954,247725512,923806249,2846385770,2387244414,47981717,3038247973
dimwishlist:item=4059111041&perks=1428297954,247725512,923806249,2846385770,2387244414,1015611457,3038247973
dimwishlist:item=4059111041&perks=1428297954,247725512,923806249,2846385770,47981717,1015611457,3038247973
dimwishlist:item=4059111041&perks=588594999,247725512,923806249,2846385770,2387244414,47981717,1015611457
dimwishlist:item=4059111041&perks=588594999,247725512,923806249,2846385770,2387244414,47981717,3038247973
dimwishlist:item=4059111041&perks=588594999,247725512,923806249,2846385770,2387244414,1015611457,3038247973
dimwishlist:item=4059111041&perks=588594999,247725512,923806249,2846385770,47981717,1015611457,3038247973
dimwishlist:item=4059111041&perks=1428297954,588594999,247725512,2387244414,47981717,1015611457,3038247973
dimwishlist:item=4059111041&perks=1428297954,588594999,923806249,2387244414,47981717,1015611457,3038247973
dimwishlist:item=4059111041&perks=1428297954,588594999,2846385770,2387244414,47981717,1015611457,3038247973
dimwishlist:item=4059111041&perks=1428297954,247725512,923806249,2387244414,47981717,1015611457,3038247973
dimwishlist:item=4059111041&perks=1428297954,247725512,2846385770,2387244414,47981717,1015611457,3038247973
dimwishlist:item=4059111041&perks=1428297954,923806249,2846385770,2387244414,47981717,1015611457,3038247973
dimwishlist:item=4059111041&perks=588594999,247725512,923806249,2387244414,47981717,1015611457,3038247973
dimwishlist:item=4059111041&perks=588594999,247725512,2846385770,2387244414,47981717,1015611457,3038247973
dimwishlist:item=4059111041&perks=588594999,923806249,2846385770,2387244414,47981717,1015611457,3038247973
dimwishlist:item=4059111041&perks=247725512,923806249,2846385770,2387244414,47981717,1015611457,3038247973
dimwishlist:item=4059111041&perks=1428297954,588594999,247725512,923806249,2846385770,2387244414
dimwishlist:item=4059111041&perks=1428297954,588594999,247725512,923806249,2846385770,47981717
dimwishlist:item=4059111041&perks=1428297954,588594999,247725512,923806249,2846385770,1015611457
dimwishlist:item=4059111041&perks=1428297954,588594999,247725512,923806249,2846385770,3038247973
dimwishlist:item=4059111041&perks=1428297954,588594999,247725512,923806249,2387244414,47981717
dimwishlist:item=4059111041&perks=1428297954,588594999,247725512,923806249,2387244414,1015611457
dimwishlist:item=4059111041&perks=1428297954,588594999,247725512,923806249,2387244414,3038247973
dimwishlist:item=4059111041&perks=1428297954,588594999,247725512,923806249,47981717,1015611457
dimwishlist:item=4059111041&perks=1428297954,588594999,247725512,923806249,47981717,3038247973
dimwishlist:item=4059111041&perks=1428297954,588594999,247725512,923806249,1015611457,3038247973
dimwishlist:item=4059111041&perks=1428297954,588594999,247725512,2846385770,2387244414,47981717
dimwishlist:item=4059111041&perks=1428297954,588594999,247725512,2846385770,2387244414,1015611457
dimwishlist:item=4059111041&perks=1428297954,588594999,247725512,2846385770,2387244414,3038247973
dimwishlist:item=4059111041&perks=1428297954,588594999,247725512,2846385770,47981717,1015611457
dimwishlist:item=4059111041&perks=1428297954,588594999,247725512,2846385770,47981717,3038247973
dimwishlist:item=4059111041&perks=1428297954,588594999,247725512,2846385770,1015611457,3038247973
dimwishlist:item=4059111041&perks=1428297954,588594999,923806249,2846385770,2387244414,47981717
dimwishlist:item=4059111041&perks=1428297954,588594999,923806249,2846385770,2387244414,1015611457
dimwishlist:item=4059111041&perks=1428297954,588594999,923806249,2846385770,2387244414,3038247973
dimwishlist:item=4059111041&perks=1428297954,588594999,923806249,2846385770,47981717,1015611457
dimwishlist:item=4059111041&perks=1428297954,588594999,923806249,2846385770,47981717,3038247973
dimwishlist:item=4059111041&perks=1428297954,588594999,923806249,2846385770,1015611457,3038247973
dimwishlist:item=4059111041&perks=1428297954,247725512,923806249,2846385770,2387244414,47981717
dimwishlist:item=4059111041&perks=1428297954,247725512,923806249,2846385770,2387244414,1015611457
dimwishlist:item=4059111041&perks=1428297954,247725512,923806249,2846385770,2387244414,3038247973
dimwishlist:item=4059111041&perks=1428297954,247725512,923806249,2846385770,47981717,1015611457
dimwishlist:item=4059111041&perks=1428297954,247725512,923806249,2846385770,47981717,3038247973
dimwishlist:item=4059111041&perks=1428297954,247725512,923806249,2846385770,1015611457,3038247973
dimwishlist:item=4059111041&perks=588594999,247725512,923806249,2846385770,2387244414,47981717
dimwishlist:item=4059111041&perks=588594999,247725512,923806249,2846385770,2387244414,1015611457
dimwishlist:item=4059111041&perks=588594999,247725512,923806249,2846385770,2387244414,3038247973
dimwishlist:item=4059111041&perks=588594999,247725512,923806249,2846385770,47981717,1015611457
dimwishlist:item=4059111041&perks=588594999,247725512,923806249,2846385770,47981717,3038247973
dimwishlist:item=4059111041&perks=588594999,247725512,923806249,2846385770,1015611457,3038247973
dimwishlist:item=4059111041&perks=1428297954,588594999,247725512,2387244414,47981717,1015611457
dimwishlist:item=4059111041&perks=1428297954,588594999,247725512,2387244414,47981717,3038247973
dimwishlist:item=4059111041&perks=1428297954,588594999,247725512,2387244414,1015611457,3038247973
dimwishlist:item=4059111041&perks=1428297954,588594999,247725512,47981717,1015611457,3038247973
dimwishlist:item=4059111041&perks=1428297954,588594999,923806249,2387244414,47981717,1015611457
dimwishlist:item=4059111041&perks=1428297954,588594999,923806249,2387244414,47981717,3038247973
dimwishlist:item=4059111041&perks=1428297954,588594999,923806249,2387244414,1015611457,3038247973
dimwishlist:item=4059111041&perks=1428297954,588594999,923806249,47981717,1015611457,3038247973
dimwishlist:item=4059111041&perks=1428297954,588594999,2846385770,2387244414,47981717,1015611457
dimwishlist:item=4059111041&perks=1428297954,588594999,2846385770,2387244414,47981717,3038247973
dimwishlist:item=4059111041&perks=1428297954,588594999,2846385770,2387244414,1015611457,3038247973
dimwishlist:item=4059111041&perks=1428297954,588594999,2846385770,47981717,1015611457,3038247973
dimwishlist:item=4059111041&perks=1428297954,247725512,923806249,2387244414,47981717,1015611457
dimwishlist:item=4059111041&perks=1428297954,247725512,923806249,2387244414,47981717,3038247973
dimwishlist:item=4059111041&perks=1428297954,247725512,923806249,2387244414,1015611457,3038247973
dimwishlist:item=4059111041&perks=1428297954,247725512,923806249,47981717,1015611457,3038247973
dimwishlist:item=4059111041&perks=1428297954,247725512,2846385770,2387244414,47981717,1015611457
dimwishlist:item=4059111041&perks=1428297954,247725512,2846385770,2387244414,47981717,3038247973
dimwishlist:item=4059111041&perks=1428297954,247725512,2846385770,2387244414,1015611457,3038247973
dimwishlist:item=4059111041&perks=1428297954,247725512,2846385770,47981717,1015611457,3038247973
dimwishlist:item=4059111041&perks=1428297954,923806249,2846385770,2387244414,47981717,1015611457
dimwishlist:item=4059111041&perks=1428297954,923806249,2846385770,2387244414,47981717,3038247973
dimwishlist:item=4059111041&perks=1428297954,923806249,2846385770,2387244414,1015611457,3038247973
dimwishlist:item=4059111041&perks=1428297954,923806249,2846385770,47981717,1015611457,3038247973
dimwishlist:item=4059111041&perks=588594999,247725512,923806249,2387244414,47981717,1015611457
dimwishlist:item=4059111041&perks=588594999,247725512,923806249,2387244414,47981717,3038247973
dimwishlist:item=4059111041&perks=588594999,247725512,923806249,2387244414,1015611457,3038247973
dimwishlist:item=4059111041&perks=588594999,247725512,923806249,47981717,1015611457,3038247973
dimwishlist:item=4059111041&perks=588594999,247725512,2846385770,2387244414,47981717,1015611457
dimwishlist:item=4059111041&perks=588594999,247725512,2846385770,2387244414,47981717,3038247973
dimwishlist:item=4059111041&perks=588594999,247725512,2846385770,2387244414,1015611457,3038247973
dimwishlist:item=4059111041&perks=588594999,247725512,2846385770,47981717,1015611457,3038247973
dimwishlist:item=4059111041&perks=588594999,923806249,2846385770,2387244414,47981717,1015611457
dimwishlist:item=4059111041&perks=588594999,923806249,2846385770,2387244414,47981717,3038247973
dimwishlist:item=4059111041&perks=588594999,923806249,2846385770,2387244414,1015611457,3038247973
dimwishlist:item=4059111041&perks=588594999,923806249,2846385770,47981717,1015611457,3038247973
dimwishlist:item=4059111041&perks=247725512,923806249,2846385770,2387244414,47981717,1015611457
dimwishlist:item=4059111041&perks=247725512,923806249,2846385770,2387244414,47981717,3038247973
dimwishlist:item=4059111041&perks=247725512,923806249,2846385770,2387244414,1015611457,3038247973
dimwishlist:item=4059111041&perks=247725512,923806249,2846385770,47981717,1015611457,3038247973
dimwishlist:item=4059111041&perks=1428297954,588594999,2387244414,47981717,1015611457,3038247973
dimwishlist:item=4059111041&perks=1428297954,247725512,2387244414,47981717,1015611457,3038247973
dimwishlist:item=4059111041&perks=1428297954,923806249,2387244414,47981717,1015611457,3038247973
dimwishlist:item=4059111041&perks=1428297954,2846385770,2387244414,47981717,1015611457,3038247973
dimwishlist:item=4059111041&perks=588594999,247725512,2387244414,47981717,1015611457,3038247973
dimwishlist:item=4059111041&perks=588594999,923806249,2387244414,47981717,1015611457,3038247973
dimwishlist:item=4059111041&perks=588594999,2846385770,2387244414,47981717,1015611457,3038247973
dimwishlist:item=4059111041&perks=247725512,923806249,2387244414,47981717,1015611457,3038247973
dimwishlist:item=4059111041&perks=247725512,2846385770,2387244414,47981717,1015611457,3038247973
dimwishlist:item=4059111041&perks=923806249,2846385770,2387244414,47981717,1015611457,3038247973
dimwishlist:item=4059111041&perks=1428297954,588594999,247725512,923806249,2387244414
dimwishlist:item=4059111041&perks=1428297954,588594999,247725512,923806249,47981717
dimwishlist:item=4059111041&perks=1428297954,588594999,247725512,923806249,1015611457
dimwishlist:item=4059111041&perks=1428297954,588594999,247725512,923806249,3038247973
dimwishlist:item=4059111041&perks=1428297954,588594999,247725512,2846385770,2387244414
dimwishlist:item=4059111041&perks=1428297954,588594999,247725512,2846385770,47981717
dimwishlist:item=4059111041&perks=1428297954,588594999,247725512,2846385770,1015611457
dimwishlist:item=4059111041&perks=1428297954,588594999,247725512,2846385770,3038247973
dimwishlist:item=4059111041&perks=1428297954,588594999,923806249,2846385770,2387244414
dimwishlist:item=4059111041&perks=1428297954,588594999,923806249,2846385770,47981717
dimwishlist:item=4059111041&perks=1428297954,588594999,923806249,2846385770,1015611457
dimwishlist:item=4059111041&perks=1428297954,588594999,923806249,2846385770,3038247973
dimwishlist:item=4059111041&perks=1428297954,247725512,923806249,2846385770,2387244414
dimwishlist:item=4059111041&perks=1428297954,247725512,923806249,2846385770,47981717
dimwishlist:item=4059111041&perks=1428297954,247725512,923806249,2846385770,1015611457
dimwishlist:item=4059111041&perks=1428297954,247725512,923806249,2846385770,3038247973
dimwishlist:item=4059111041&perks=588594999,247725512,923806249,2846385770,2387244414
dimwishlist:item=4059111041&perks=588594999,247725512,923806249,2846385770,47981717
dimwishlist:item=4059111041&perks=588594999,247725512,923806249,2846385770,1015611457
dimwishlist:item=4059111041&perks=588594999,247725512,923806249,2846385770,3038247973
dimwishlist:item=4059111041&perks=1428297954,588594999,247725512,2387244414,47981717
dimwishlist:item=4059111041&perks=1428297954,588594999,247725512,2387244414,1015611457
dimwishlist:item=4059111041&perks=1428297954,588594999,247725512,2387244414,3038247973
dimwishlist:item=4059111041&perks=1428297954,588594999,247725512,47981717,1015611457
dimwishlist:item=4059111041&perks=1428297954,588594999,247725512,47981717,3038247973
dimwishlist:item=4059111041&perks=1428297954,588594999,247725512,1015611457,3038247973
dimwishlist:item=4059111041&perks=1428297954,588594999,923806249,2387244414,47981717
dimwishlist:item=4059111041&perks=1428297954,588594999,923806249,2387244414,1015611457
dimwishlist:item=4059111041&perks=1428297954,588594999,923806249,2387244414,3038247973
dimwishlist:item=4059111041&perks=1428297954,588594999,923806249,47981717,1015611457
dimwishlist:item=4059111041&perks=1428297954,588594999,923806249,47981717,3038247973
dimwishlist:item=4059111041&perks=1428297954,588594999,923806249,1015611457,3038247973
dimwishlist:item=4059111041&perks=1428297954,588594999,2846385770,2387244414,47981717
dimwishlist:item=4059111041&perks=1428297954,588594999,2846385770,2387244414,1015611457
dimwishlist:item=4059111041&perks=1428297954,588594999,2846385770,2387244414,3038247973
dimwishlist:item=4059111041&perks=1428297954,588594999,2846385770,47981717,1015611457
dimwishlist:item=4059111041&perks=1428297954,588594999,2846385770,47981717,3038247973
dimwishlist:item=4059111041&perks=1428297954,588594999,2846385770,1015611457,3038247973
dimwishlist:item=4059111041&perks=1428297954,247725512,923806249,2387244414,47981717
dimwishlist:item=4059111041&perks=1428297954,247725512,923806249,2387244414,1015611457
dimwishlist:item=4059111041&perks=1428297954,247725512,923806249,2387244414,3038247973
dimwishlist:item=4059111041&perks=1428297954,247725512,923806249,47981717,1015611457
dimwishlist:item=4059111041&perks=1428297954,247725512,923806249,47981717,3038247973
dimwishlist:item=4059111041&perks=1428297954,247725512,923806249,1015611457,3038247973
dimwishlist:item=4059111041&perks=1428297954,247725512,2846385770,2387244414,47981717
dimwishlist:item=4059111041&perks=1428297954,247725512,2846385770,2387244414,1015611457
dimwishlist:item=4059111041&perks=1428297954,247725512,2846385770,2387244414,3038247973
dimwishlist:item=4059111041&perks=1428297954,247725512,2846385770,47981717,1015611457
dimwishlist:item=4059111041&perks=1428297954,247725512,2846385770,47981717,3038247973
dimwishlist:item=4059111041&perks=1428297954,247725512,2846385770,1015611457,3038247973
dimwishlist:item=4059111041&perks=1428297954,923806249,2846385770,2387244414,47981717
dimwishlist:item=4059111041&perks=1428297954,923806249,2846385770,2387244414,1015611457
dimwishlist:item=4059111041&perks=1428297954,923806249,2846385770,2387244414,3038247973
dimwishlist:item=4059111041&perks=1428297954,923806249,2846385770,47981717,1015611457
dimwishlist:item=4059111041&perks=1428297954,923806249,2846385770,47981717,3038247973
dimwishlist:item=4059111041&perks=1428297954,923806249,2846385770,1015611457,3038247973
dimwishlist:item=4059111041&perks=588594999,247725512,923806249,2387244414,47981717
dimwishlist:item=4059111041&perks=588594999,247725512,923806249,2387244414,1015611457
dimwishlist:item=4059111041&perks=588594999,247725512,923806249,2387244414,3038247973
dimwishlist:item=4059111041&perks=588594999,247725512,923806249,47981717,1015611457
dimwishlist:item=4059111041&perks=588594999,247725512,923806249,47981717,3038247973
dimwishlist:item=4059111041&perks=588594999,247725512,923806249,1015611457,3038247973
dimwishlist:item=4059111041&perks=588594999,247725512,2846385770,2387244414,47981717
dimwishlist:item=4059111041&perks=588594999,247725512,2846385770,2387244414,1015611457
dimwishlist:item=4059111041&perks=588594999,247725512,2846385770,2387244414,3038247973
dimwishlist:item=4059111041&perks=588594999,247725512,2846385770,47981717,1015611457
dimwishlist:item=4059111041&perks=588594999,247725512,2846385770,47981717,3038247973
dimwishlist:item=4059111041&perks=588594999,247725512,2846385770,1015611457,3038247973
dimwishlist:item=4059111041&perks=588594999,923806249,2846385770,2387244414,47981717
dimwishlist:item=4059111041&perks=588594999,923806249,2846385770,2387244414,1015611457
dimwishlist:item=4059111041&perks=588594999,923806249,2846385770,2387244414,3038247973
dimwishlist:item=4059111041&perks=588594999,923806249,2846385770,47981717,1015611457
dimwishlist:item=4059111041&perks=588594999,923806249,2846385770,47981717,3038247973
dimwishlist:item=4059111041&perks=588594999,923806249,2846385770,1015611457,3038247973
dimwishlist:item=4059111041&perks=247725512,923806249,2846385770,2387244414,47981717
dimwishlist:item=4059111041&perks=247725512,923806249,2846385770,2387244414,1015611457
dimwishlist:item=4059111041&perks=247725512,923806249,2846385770,2387244414,3038247973
dimwishlist:item=4059111041&perks=247725512,923806249,2846385770,47981717,1015611457
dimwishlist:item=4059111041&perks=247725512,923806249,2846385770,47981717,3038247973
dimwishlist:item=4059111041&perks=247725512,923806249,2846385770,1015611457,3038247973
dimwishlist:item=4059111041&perks=1428297954,588594999,2387244414,47981717,1015611457
dimwishlist:item=4059111041&perks=1428297954,588594999,2387244414,47981717,3038247973
dimwishlist:item=4059111041&perks=1428297954,588594999,2387244414,1015611457,3038247973
dimwishlist:item=4059111041&perks=1428297954,588594999,47981717,1015611457,3038247973
dimwishlist:item=4059111041&perks=1428297954,247725512,2387244414,47981717,1015611457
dimwishlist:item=4059111041&perks=1428297954,247725512,2387244414,47981717,3038247973
dimwishlist:item=4059111041&perks=1428297954,247725512,2387244414,1015611457,3038247973
dimwishlist:item=4059111041&perks=1428297954,247725512,47981717,1015611457,3038247973
dimwishlist:item=4059111041&perks=1428297954,923806249,2387244414,47981717,1015611457
dimwishlist:item=4059111041&perks=1428297954,923806249,2387244414,47981717,3038247973
dimwishlist:item=4059111041&perks=1428297954,923806249,2387244414,1015611457,3038247973
dimwishlist:item=4059111041&perks=1428297954,923806249,47981717,1015611457,3038247973
dimwishlist:item=4059111041&perks=1428297954,2846385770,2387244414,47981717,1015611457
dimwishlist:item=4059111041&perks=1428297954,2846385770,2387244414,47981717,3038247973
dimwishlist:item=4059111041&perks=1428297954,2846385770,2387244414,1015611457,3038247973
dimwishlist:item=4059111041&perks=1428297954,2846385770,47981717,1015611457,3038247973
dimwishlist:item=4059111041&perks=588594999,247725512,2387244414,47981717,1015611457
dimwishlist:item=4059111041&perks=588594999,247725512,2387244414,47981717,3038247973
dimwishlist:item=4059111041&perks=588594999,247725512,2387244414,1015611457,3038247973
dimwishlist:item=4059111041&perks=588594999,247725512,47981717,1015611457,3038247973
dimwishlist:item=4059111041&perks=588594999,923806249,2387244414,47981717,1015611457
dimwishlist:item=4059111041&perks=588594999,923806249,2387244414,47981717,3038247973
dimwishlist:item=4059111041&perks=588594999,923806249,2387244414,1015611457,3038247973
dimwishlist:item=4059111041&perks=588594999,923806249,47981717,1015611457,3038247973
dimwishlist:item=4059111041&perks=588594999,2846385770,2387244414,47981717,1015611457
dimwishlist:item=4059111041&perks=588594999,2846385770,2387244414,47981717,3038247973
dimwishlist:item=4059111041&perks=588594999,2846385770,2387244414,1015611457,3038247973
dimwishlist:item=4059111041&perks=588594999,2846385770,47981717,1015611457,3038247973
dimwishlist:item=4059111041&perks=247725512,923806249,2387244414,47981717,1015611457
dimwishlist:item=4059111041&perks=247725512,923806249,2387244414,47981717,3038247973
dimwishlist:item=4059111041&perks=247725512,923806249,2387244414,1015611457,3038247973
dimwishlist:item=4059111041&perks=247725512,923806249,47981717,1015611457,3038247973
dimwishlist:item=4059111041&perks=247725512,2846385770,2387244414,47981717,1015611457
dimwishlist:item=4059111041&perks=247725512,2846385770,2387244414,47981717,3038247973
dimwishlist:item=4059111041&perks=247725512,2846385770,2387244414,1015611457,3038247973
dimwishlist:item=4059111041&perks=247725512,2846385770,47981717,1015611457,3038247973
dimwishlist:item=4059111041&perks=923806249,2846385770,2387244414,47981717,1015611457
dimwishlist:item=4059111041&perks=923806249,2846385770,2387244414,47981717,3038247973
dimwishlist:item=4059111041&perks=923806249,2846385770,2387244414,1015611457,3038247973
dimwishlist:item=4059111041&perks=923806249,2846385770,47981717,1015611457,3038247973
dimwishlist:item=4059111041&perks=1428297954,2387244414,47981717,1015611457,3038247973
dimwishlist:item=4059111041&perks=588594999,2387244414,47981717,1015611457,3038247973
dimwishlist:item=4059111041&perks=247725512,2387244414,47981717,1015611457,3038247973
dimwishlist:item=4059111041&perks=923806249,2387244414,47981717,1015611457,3038247973
dimwishlist:item=4059111041&perks=2846385770,2387244414,47981717,1015611457,3038247973
dimwishlist:item=4059111041&perks=1428297954,588594999,247725512,2387244414
dimwishlist:item=4059111041&perks=1428297954,588594999,247725512,47981717
dimwishlist:item=4059111041&perks=1428297954,588594999,247725512,1015611457
dimwishlist:item=4059111041&perks=1428297954,588594999,247725512,3038247973
dimwishlist:item=4059111041&perks=1428297954,588594999,923806249,2387244414
dimwishlist:item=4059111041&perks=1428297954,588594999,923806249,47981717
dimwishlist:item=4059111041&perks=1428297954,588594999,923806249,1015611457
dimwishlist:item=4059111041&perks=1428297954,588594999,923806249,3038247973
dimwishlist:item=4059111041&perks=1428297954,588594999,2846385770,2387244414
dimwishlist:item=4059111041&perks=1428297954,588594999,2846385770,47981717
dimwishlist:item=4059111041&perks=1428297954,588594999,2846385770,1015611457
dimwishlist:item=4059111041&perks=1428297954,588594999,2846385770,3038247973
dimwishlist:item=4059111041&perks=1428297954,247725512,923806249,2387244414
dimwishlist:item=4059111041&perks=1428297954,247725512,923806249,47981717
dimwishlist:item=4059111041&perks=1428297954,247725512,923806249,1015611457
dimwishlist:item=4059111041&perks=1428297954,247725512,923806249,3038247973
dimwishlist:item=4059111041&perks=1428297954,247725512,2846385770,2387244414
dimwishlist:item=4059111041&perks=1428297954,247725512,2846385770,47981717
dimwishlist:item=4059111041&perks=1428297954,247725512,2846385770,1015611457
dimwishlist:item=4059111041&perks=1428297954,247725512,2846385770,3038247973
dimwishlist:item=4059111041&perks=1428297954,923806249,2846385770,2387244414
dimwishlist:item=4059111041&perks=1428297954,923806249,2846385770,47981717
dimwishlist:item=4059111041&perks=1428297954,923806249,2846385770,1015611457
dimwishlist:item=4059111041&perks=1428297954,923806249,2846385770,3038247973
dimwishlist:item=4059111041&perks=588594999,247725512,923806249,2387244414
dimwishlist:item=4059111041&perks=588594999,247725512,923806249,47981717
dimwishlist:item=4059111041&perks=588594999,247725512,923806249,1015611457
dimwishlist:item=4059111041&perks=588594999,247725512,923806249,3038247973
dimwishlist:item=4059111041&perks=588594999,247725512,2846385770,2387244414
dimwishlist:item=4059111041&perks=588594999,247725512,2846385770,47981717
dimwishlist:item=4059111041&perks=588594999,247725512,2846385770,1015611457
dimwishlist:item=4059111041&perks=588594999,247725512,2846385770,3038247973
dimwishlist:item=4059111041&perks=588594999,923806249,2846385770,2387244414
dimwishlist:item=4059111041&perks=588594999,923806249,2846385770,47981717
dimwishlist:item=4059111041&perks=588594999,923806249,2846385770,1015611457
dimwishlist:item=4059111041&perks=588594999,923806249,2846385770,3038247973
dimwishlist:item=4059111041&perks=247725512,923806249,2846385770,2387244414
dimwishlist:item=4059111041&perks=247725512,923806249,2846385770,47981717
dimwishlist:item=4059111041&perks=247725512,923806249,2846385770,1015611457
dimwishlist:item=4059111041&perks=247725512,923806249,2846385770,3038247973
dimwishlist:item=4059111041&perks=1428297954,588594999,2387244414,47981717
dimwishlist:item=4059111041&perks=1428297954,588594999,2387244414,1015611457
dimwishlist:item=4059111041&perks=1428297954,588594999,2387244414,3038247973
dimwishlist:item=4059111041&perks=1428297954,588594999,47981717,1015611457
dimwishlist:item=4059111041&perks=1428297954,588594999,47981717,3038247973
dimwishlist:item=4059111041&perks=1428297954,588594999,1015611457,3038247973
dimwishlist:item=4059111041&perks=1428297954,247725512,2387244414,47981717
dimwishlist:item=4059111041&perks=1428297954,247725512,2387244414,1015611457
dimwishlist:item=4059111041&perks=1428297954,247725512,2387244414,3038247973
dimwishlist:item=4059111041&perks=1428297954,247725512,47981717,1015611457
dimwishlist:item=4059111041&perks=1428297954,247725512,47981717,3038247973
dimwishlist:item=4059111041&perks=1428297954,247725512,1015611457,3038247973
dimwishlist:item=4059111041&perks=1428297954,923806249,2387244414,47981717
dimwishlist:item=4059111041&perks=1428297954,923806249,2387244414,1015611457
dimwishlist:item=4059111041&perks=1428297954,923806249,2387244414,3038247973
dimwishlist:item=4059111041&perks=1428297954,923806249,47981717,1015611457
dimwishlist:item=4059111041&perks=1428297954,923806249,47981717,3038247973
dimwishlist:item=4059111041&perks=1428297954,923806249,1015611457,3038247973
dimwishlist:item=4059111041&perks=1428297954,2846385770,2387244414,47981717
dimwishlist:item=4059111041&perks=1428297954,2846385770,2387244414,1015611457
dimwishlist:item=4059111041&perks=1428297954,2846385770,2387244414,3038247973
dimwishlist:item=4059111041&perks=1428297954,2846385770,47981717,1015611457
dimwishlist:item=4059111041&perks=1428297954,2846385770,47981717,3038247973
dimwishlist:item=4059111041&perks=1428297954,2846385770,1015611457,3038247973
dimwishlist:item=4059111041&perks=588594999,247725512,2387244414,47981717
dimwishlist:item=4059111041&perks=588594999,247725512,2387244414,1015611457
dimwishlist:item=4059111041&perks=588594999,247725512,2387244414,3038247973
dimwishlist:item=4059111041&perks=588594999,247725512,47981717,1015611457
dimwishlist:item=4059111041&perks=588594999,247725512,47981717,3038247973
dimwishlist:item=4059111041&perks=588594999,247725512,1015611457,3038247973
dimwishlist:item=4059111041&perks=588594999,923806249,2387244414,47981717
dimwishlist:item=4059111041&perks=588594999,923806249,2387244414,1015611457
dimwishlist:item=4059111041&perks=588594999,923806249,2387244414,3038247973
dimwishlist:item=4059111041&perks=588594999,923806249,47981717,1015611457
dimwishlist:item=4059111041&perks=588594999,923806249,47981717,3038247973
dimwishlist:item=4059111041&perks=588594999,923806249,1015611457,3038247973
dimwishlist:item=4059111041&perks=588594999,2846385770,2387244414,47981717
dimwishlist:item=4059111041&perks=588594999,2846385770,2387244414,1015611457
dimwishlist:item=4059111041&perks=588594999,2846385770,2387244414,3038247973
dimwishlist:item=4059111041&perks=588594999,2846385770,47981717,1015611457
dimwishlist:item=4059111041&perks=588594999,2846385770,47981717,3038247973
dimwishlist:item=4059111041&perks=588594999,2846385770,1015611457,3038247973
dimwishlist:item=4059111041&perks=247725512,923806249,2387244414,47981717
dimwishlist:item=4059111041&perks=247725512,923806249,2387244414,1015611457
dimwishlist:item=4059111041&perks=247725512,923806249,2387244414,3038247973
dimwishlist:item=4059111041&perks=247725512,923806249,47981717,1015611457
dimwishlist:item=4059111041&perks=247725512,923806249,47981717,3038247973
dimwishlist:item=4059111041&perks=247725512,923806249,1015611457,3038247973
dimwishlist:item=4059111041&perks=247725512,2846385770,2387244414,47981717
dimwishlist:item=4059111041&perks=247725512,2846385770,2387244414,1015611457
dimwishlist:item=4059111041&perks=247725512,2846385770,2387244414,3038247973
dimwishlist:item=4059111041&perks=247725512,2846385770,47981717,1015611457
dimwishlist:item=4059111041&perks=247725512,2846385770,47981717,3038247973
dimwishlist:item=4059111041&perks=247725512,2846385770,1015611457,3038247973
dimwishlist:item=4059111041&perks=923806249,2846385770,2387244414,47981717
dimwishlist:item=4059111041&perks=923806249,2846385770,2387244414,1015611457
dimwishlist:item=4059111041&perks=923806249,2846385770,2387244414,3038247973
dimwishlist:item=4059111041&perks=923806249,2846385770,47981717,1015611457
dimwishlist:item=4059111041&perks=923806249,2846385770,47981717,3038247973
dimwishlist:item=4059111041&perks=923806249,2846385770,1015611457,3038247973
dimwishlist:item=4059111041&perks=1428297954,2387244414,47981717,1015611457
dimwishlist:item=4059111041&perks=1428297954,2387244414,47981717,3038247973
dimwishlist:item=4059111041&perks=1428297954,2387244414,1015611457,3038247973
dimwishlist:item=4059111041&perks=1428297954,47981717,1015611457,3038247973
dimwishlist:item=4059111041&perks=588594999,2387244414,47981717,1015611457
dimwishlist:item=4059111041&perks=588594999,2387244414,47981717,3038247973
dimwishlist:item=4059111041&perks=588594999,2387244414,1015611457,3038247973
dimwishlist:item=4059111041&perks=588594999,47981717,1015611457,3038247973
dimwishlist:item=4059111041&perks=247725512,2387244414,47981717,1015611457
dimwishlist:item=4059111041&perks=247725512,2387244414,47981717,3038247973
dimwishlist:item=4059111041&perks=247725512,2387244414,1015611457,3038247973
dimwishlist:item=4059111041&perks=247725512,47981717,1015611457,3038247973
dimwishlist:item=4059111041&perks=923806249,2387244414,47981717,1015611457
dimwishlist:item=4059111041&perks=923806249,2387244414,47981717,3038247973
dimwishlist:item=4059111041&perks=923806249,2387244414,1015611457,3038247973
dimwishlist:item=4059111041&perks=923806249,47981717,1015611457,3038247973
dimwishlist:item=4059111041&perks=2846385770,2387244414,47981717,1015611457
dimwishlist:item=4059111041&perks=2846385770,2387244414,47981717,3038247973
dimwishlist:item=4059111041&perks=2846385770,2387244414,1015611457,3038247973
dimwishlist:item=4059111041&perks=2846385770,47981717,1015611457,3038247973
dimwishlist:item=4059111041&perks=1428297954,588594999,2387244414
dimwishlist:item=4059111041&perks=1428297954,588594999,47981717
dimwishlist:item=4059111041&perks=1428297954,588594999,1015611457
dimwishlist:item=4059111041&perks=1428297954,588594999,3038247973
dimwishlist:item=4059111041&perks=1428297954,247725512,2387244414
dimwishlist:item=4059111041&perks=1428297954,247725512,47981717
dimwishlist:item=4059111041&perks=1428297954,247725512,1015611457
dimwishlist:item=4059111041&perks=1428297954,247725512,3038247973
dimwishlist:item=4059111041&perks=1428297954,923806249,2387244414
dimwishlist:item=4059111041&perks=1428297954,923806249,47981717
dimwishlist:item=4059111041&perks=1428297954,923806249,1015611457
dimwishlist:item=4059111041&perks=1428297954,923806249,3038247973
dimwishlist:item=4059111041&perks=1428297954,2846385770,2387244414
dimwishlist:item=4059111041&perks=1428297954,2846385770,47981717
dimwishlist:item=4059111041&perks=1428297954,2846385770,1015611457
dimwishlist:item=4059111041&perks=1428297954,2846385770,3038247973
dimwishlist:item=4059111041&perks=588594999,247725512,2387244414
dimwishlist:item=4059111041&perks=588594999,247725512,47981717
dimwishlist:item=4059111041&perks=588594999,247725512,1015611457
dimwishlist:item=4059111041&perks=588594999,247725512,3038247973
dimwishlist:item=4059111041&perks=588594999,923806249,2387244414
dimwishlist:item=4059111041&perks=588594999,923806249,47981717
dimwishlist:item=4059111041&perks=588594999,923806249,1015611457
dimwishlist:item=4059111041&perks=588594999,923806249,3038247973
dimwishlist:item=4059111041&perks=588594999,2846385770,2387244414
dimwishlist:item=4059111041&perks=588594999,2846385770,47981717
dimwishlist:item=4059111041&perks=588594999,2846385770,1015611457
dimwishlist:item=4059111041&perks=588594999,2846385770,3038247973
dimwishlist:item=4059111041&perks=247725512,923806249,2387244414
dimwishlist:item=4059111041&perks=247725512,923806249,47981717
dimwishlist:item=4059111041&perks=247725512,923806249,1015611457
dimwishlist:item=4059111041&perks=247725512,923806249,3038247973
dimwishlist:item=4059111041&perks=247725512,2846385770,2387244414
dimwishlist:item=4059111041&perks=247725512,2846385770,47981717
dimwishlist:item=4059111041&perks=247725512,2846385770,1015611457
dimwishlist:item=4059111041&perks=247725512,2846385770,3038247973
dimwishlist:item=4059111041&perks=923806249,2846385770,2387244414
dimwishlist:item=4059111041&perks=923806249,2846385770,47981717
dimwishlist:item=4059111041&perks=923806249,2846385770,1015611457
dimwishlist:item=4059111041&perks=923806249,2846385770,3038247973
dimwishlist:item=4059111041&perks=1428297954,2387244414,47981717
dimwishlist:item=4059111041&perks=1428297954,2387244414,1015611457
dimwishlist:item=4059111041&perks=1428297954,2387244414,3038247973
dimwishlist:item=4059111041&perks=1428297954,47981717,1015611457
dimwishlist:item=4059111041&perks=1428297954,47981717,3038247973
dimwishlist:item=4059111041&perks=1428297954,1015611457,3038247973
dimwishlist:item=4059111041&perks=588594999,2387244414,47981717
dimwishlist:item=4059111041&perks=588594999,2387244414,1015611457
dimwishlist:item=4059111041&perks=588594999,2387244414,3038247973
dimwishlist:item=4059111041&perks=588594999,47981717,1015611457
dimwishlist:item=4059111041&perks=588594999,47981717,3038247973
dimwishlist:item=4059111041&perks=588594999,1015611457,3038247973
dimwishlist:item=4059111041&perks=247725512,2387244414,47981717
dimwishlist:item=4059111041&perks=247725512,2387244414,1015611457
dimwishlist:item=4059111041&perks=247725512,2387244414,3038247973
dimwishlist:item=4059111041&perks=247725512,47981717,1015611457
dimwishlist:item=4059111041&perks=247725512,47981717,3038247973
dimwishlist:item=4059111041&perks=247725512,1015611457,3038247973
dimwishlist:item=4059111041&perks=923806249,2387244414,47981717
dimwishlist:item=4059111041&perks=923806249,2387244414,1015611457
dimwishlist:item=4059111041&perks=923806249,2387244414,3038247973
dimwishlist:item=4059111041&perks=923806249,47981717,1015611457
dimwishlist:item=4059111041&perks=923806249,47981717,3038247973
dimwishlist:item=4059111041&perks=923806249,1015611457,3038247973
dimwishlist:item=4059111041&perks=2846385770,2387244414,47981717
dimwishlist:item=4059111041&perks=2846385770,2387244414,1015611457
dimwishlist:item=4059111041&perks=2846385770,2387244414,3038247973
dimwishlist:item=4059111041&perks=2846385770,47981717,1015611457
dimwishlist:item=4059111041&perks=2846385770,47981717,3038247973
dimwishlist:item=4059111041&perks=2846385770,1015611457,3038247973
dimwishlist:item=4059111041&perks=1428297954,2387244414
dimwishlist:item=4059111041&perks=1428297954,47981717
dimwishlist:item=4059111041&perks=1428297954,1015611457
dimwishlist:item=4059111041&perks=1428297954,3038247973
dimwishlist:item=4059111041&perks=588594999,2387244414
dimwishlist:item=4059111041&perks=588594999,47981717
dimwishlist:item=4059111041&perks=588594999,1015611457
dimwishlist:item=4059111041&perks=588594999,3038247973
dimwishlist:item=4059111041&perks=247725512,2387244414
dimwishlist:item=4059111041&perks=247725512,47981717
dimwishlist:item=4059111041&perks=247725512,1015611457
dimwishlist:item=4059111041&perks=247725512,3038247973
dimwishlist:item=4059111041&perks=923806249,2387244414
dimwishlist:item=4059111041&perks=923806249,47981717
dimwishlist:item=4059111041&perks=923806249,1015611457
dimwishlist:item=4059111041&perks=923806249,3038247973
dimwishlist:item=4059111041&perks=2846385770,2387244414
dimwishlist:item=4059111041&perks=2846385770,47981717
dimwishlist:item=4059111041&perks=2846385770,1015611457
dimwishlist:item=4059111041&perks=2846385770,3038247973

// itemHash=4152016199 (alternate item version)
// perks: Perpetual Motion=1428297954; Moving Target=588594999; Rapid Hit=247725512; Slice=923806249; Rangefinder=2846385770; Zen Moment=2387244414; Opening Shot=47981717; Kill Clip=1015611457; Explosive Payload=3038247973
//notes: CrucibleGuidebook tags:pvp
dimwishlist:item=4152016199&perks=1428297954,588594999,247725512,923806249,2846385770,2387244414,47981717,1015611457,3038247973
dimwishlist:item=4152016199&perks=1428297954,588594999,247725512,923806249,2846385770,2387244414,47981717,1015611457
dimwishlist:item=4152016199&perks=1428297954,588594999,247725512,923806249,2846385770,2387244414,47981717,3038247973
dimwishlist:item=4152016199&perks=1428297954,588594999,247725512,923806249,2846385770,2387244414,1015611457,3038247973
dimwishlist:item=4152016199&perks=1428297954,588594999,247725512,923806249,2846385770,47981717,1015611457,3038247973
dimwishlist:item=4152016199&perks=1428297954,588594999,247725512,923806249,2387244414,47981717,1015611457,3038247973
dimwishlist:item=4152016199&perks=1428297954,588594999,247725512,2846385770,2387244414,47981717,1015611457,3038247973
dimwishlist:item=4152016199&perks=1428297954,588594999,923806249,2846385770,2387244414,47981717,1015611457,3038247973
dimwishlist:item=4152016199&perks=1428297954,247725512,923806249,2846385770,2387244414,47981717,1015611457,3038247973
dimwishlist:item=4152016199&perks=588594999,247725512,923806249,2846385770,2387244414,47981717,1015611457,3038247973
dimwishlist:item=4152016199&perks=1428297954,588594999,247725512,923806249,2846385770,2387244414,47981717
dimwishlist:item=4152016199&perks=1428297954,588594999,247725512,923806249,2846385770,2387244414,1015611457
dimwishlist:item=4152016199&perks=1428297954,588594999,247725512,923806249,2846385770,2387244414,3038247973
dimwishlist:item=4152016199&perks=1428297954,588594999,247725512,923806249,2846385770,47981717,1015611457
dimwishlist:item=4152016199&perks=1428297954,588594999,247725512,923806249,2846385770,47981717,3038247973
dimwishlist:item=4152016199&perks=1428297954,588594999,247725512,923806249,2846385770,1015611457,3038247973
dimwishlist:item=4152016199&perks=1428297954,588594999,247725512,923806249,2387244414,47981717,1015611457
dimwishlist:item=4152016199&perks=1428297954,588594999,247725512,923806249,2387244414,47981717,3038247973
dimwishlist:item=4152016199&perks=1428297954,588594999,247725512,923806249,2387244414,1015611457,3038247973
dimwishlist:item=4152016199&perks=1428297954,588594999,247725512,923806249,47981717,1015611457,3038247973
dimwishlist:item=4152016199&perks=1428297954,588594999,247725512,2846385770,2387244414,47981717,1015611457
dimwishlist:item=4152016199&perks=1428297954,588594999,247725512,2846385770,2387244414,47981717,3038247973
dimwishlist:item=4152016199&perks=1428297954,588594999,247725512,2846385770,2387244414,1015611457,3038247973
dimwishlist:item=4152016199&perks=1428297954,588594999,247725512,2846385770,47981717,1015611457,3038247973
dimwishlist:item=4152016199&perks=1428297954,588594999,923806249,2846385770,2387244414,47981717,1015611457
dimwishlist:item=4152016199&perks=1428297954,588594999,923806249,2846385770,2387244414,47981717,3038247973
dimwishlist:item=4152016199&perks=1428297954,588594999,923806249,2846385770,2387244414,1015611457,3038247973
dimwishlist:item=4152016199&perks=1428297954,588594999,923806249,2846385770,47981717,1015611457,3038247973
dimwishlist:item=4152016199&perks=1428297954,247725512,923806249,2846385770,2387244414,47981717,1015611457
dimwishlist:item=4152016199&perks=1428297954,247725512,923806249,2846385770,2387244414,47981717,3038247973
dimwishlist:item=4152016199&perks=1428297954,247725512,923806249,2846385770,2387244414,1015611457,3038247973
dimwishlist:item=4152016199&perks=1428297954,247725512,923806249,2846385770,47981717,1015611457,3038247973
dimwishlist:item=4152016199&perks=588594999,247725512,923806249,2846385770,2387244414,47981717,1015611457
dimwishlist:item=4152016199&perks=588594999,247725512,923806249,2846385770,2387244414,47981717,3038247973
dimwishlist:item=4152016199&perks=588594999,247725512,923806249,2846385770,2387244414,1015611457,3038247973
dimwishlist:item=4152016199&perks=588594999,247725512,923806249,2846385770,47981717,1015611457,3038247973
dimwishlist:item=4152016199&perks=1428297954,588594999,247725512,2387244414,47981717,1015611457,3038247973
dimwishlist:item=4152016199&perks=1428297954,588594999,923806249,2387244414,47981717,1015611457,3038247973
dimwishlist:item=4152016199&perks=1428297954,588594999,2846385770,2387244414,47981717,1015611457,3038247973
dimwishlist:item=4152016199&perks=1428297954,247725512,923806249,2387244414,47981717,1015611457,3038247973
dimwishlist:item=4152016199&perks=1428297954,247725512,2846385770,2387244414,47981717,1015611457,3038247973
dimwishlist:item=4152016199&perks=1428297954,923806249,2846385770,2387244414,47981717,1015611457,3038247973
dimwishlist:item=4152016199&perks=588594999,247725512,923806249,2387244414,47981717,1015611457,3038247973
dimwishlist:item=4152016199&perks=588594999,247725512,2846385770,2387244414,47981717,1015611457,3038247973
dimwishlist:item=4152016199&perks=588594999,923806249,2846385770,2387244414,47981717,1015611457,3038247973
dimwishlist:item=4152016199&perks=247725512,923806249,2846385770,2387244414,47981717,1015611457,3038247973
dimwishlist:item=4152016199&perks=1428297954,588594999,247725512,923806249,2846385770,2387244414
dimwishlist:item=4152016199&perks=1428297954,588594999,247725512,923806249,2846385770,47981717
dimwishlist:item=4152016199&perks=1428297954,588594999,247725512,923806249,2846385770,1015611457
dimwishlist:item=4152016199&perks=1428297954,588594999,247725512,923806249,2846385770,3038247973
dimwishlist:item=4152016199&perks=1428297954,588594999,247725512,923806249,2387244414,47981717
dimwishlist:item=4152016199&perks=1428297954,588594999,247725512,923806249,2387244414,1015611457
dimwishlist:item=4152016199&perks=1428297954,588594999,247725512,923806249,2387244414,3038247973
dimwishlist:item=4152016199&perks=1428297954,588594999,247725512,923806249,47981717,1015611457
dimwishlist:item=4152016199&perks=1428297954,588594999,247725512,923806249,47981717,3038247973
dimwishlist:item=4152016199&perks=1428297954,588594999,247725512,923806249,1015611457,3038247973
dimwishlist:item=4152016199&perks=1428297954,588594999,247725512,2846385770,2387244414,47981717
dimwishlist:item=4152016199&perks=1428297954,588594999,247725512,2846385770,2387244414,1015611457
dimwishlist:item=4152016199&perks=1428297954,588594999,247725512,2846385770,2387244414,3038247973
dimwishlist:item=4152016199&perks=1428297954,588594999,247725512,2846385770,47981717,1015611457
dimwishlist:item=4152016199&perks=1428297954,588594999,247725512,2846385770,47981717,3038247973
dimwishlist:item=4152016199&perks=1428297954,588594999,247725512,2846385770,1015611457,3038247973
dimwishlist:item=4152016199&perks=1428297954,588594999,923806249,2846385770,2387244414,47981717
dimwishlist:item=4152016199&perks=1428297954,588594999,923806249,2846385770,2387244414,1015611457
dimwishlist:item=4152016199&perks=1428297954,588594999,923806249,2846385770,2387244414,3038247973
dimwishlist:item=4152016199&perks=1428297954,588594999,923806249,2846385770,47981717,1015611457
dimwishlist:item=4152016199&perks=1428297954,588594999,923806249,2846385770,47981717,3038247973
dimwishlist:item=4152016199&perks=1428297954,588594999,923806249,2846385770,1015611457,3038247973
dimwishlist:item=4152016199&perks=1428297954,247725512,923806249,2846385770,2387244414,47981717
dimwishlist:item=4152016199&perks=1428297954,247725512,923806249,2846385770,2387244414,1015611457
dimwishlist:item=4152016199&perks=1428297954,247725512,923806249,2846385770,2387244414,3038247973
dimwishlist:item=4152016199&perks=1428297954,247725512,923806249,2846385770,47981717,1015611457
dimwishlist:item=4152016199&perks=1428297954,247725512,923806249,2846385770,47981717,3038247973
dimwishlist:item=4152016199&perks=1428297954,247725512,923806249,2846385770,1015611457,3038247973
dimwishlist:item=4152016199&perks=588594999,247725512,923806249,2846385770,2387244414,47981717
dimwishlist:item=4152016199&perks=588594999,247725512,923806249,2846385770,2387244414,1015611457
dimwishlist:item=4152016199&perks=588594999,247725512,923806249,2846385770,2387244414,3038247973
dimwishlist:item=4152016199&perks=588594999,247725512,923806249,2846385770,47981717,1015611457
dimwishlist:item=4152016199&perks=588594999,247725512,923806249,2846385770,47981717,3038247973
dimwishlist:item=4152016199&perks=588594999,247725512,923806249,2846385770,1015611457,3038247973
dimwishlist:item=4152016199&perks=1428297954,588594999,247725512,2387244414,47981717,1015611457
dimwishlist:item=4152016199&perks=1428297954,588594999,247725512,2387244414,47981717,3038247973
dimwishlist:item=4152016199&perks=1428297954,588594999,247725512,2387244414,1015611457,3038247973
dimwishlist:item=4152016199&perks=1428297954,588594999,247725512,47981717,1015611457,3038247973
dimwishlist:item=4152016199&perks=1428297954,588594999,923806249,2387244414,47981717,1015611457
dimwishlist:item=4152016199&perks=1428297954,588594999,923806249,2387244414,47981717,3038247973
dimwishlist:item=4152016199&perks=1428297954,588594999,923806249,2387244414,1015611457,3038247973
dimwishlist:item=4152016199&perks=1428297954,588594999,923806249,47981717,1015611457,3038247973
dimwishlist:item=4152016199&perks=1428297954,588594999,2846385770,2387244414,47981717,1015611457
dimwishlist:item=4152016199&perks=1428297954,588594999,2846385770,2387244414,47981717,3038247973
dimwishlist:item=4152016199&perks=1428297954,588594999,2846385770,2387244414,1015611457,3038247973
dimwishlist:item=4152016199&perks=1428297954,588594999,2846385770,47981717,1015611457,3038247973
dimwishlist:item=4152016199&perks=1428297954,247725512,923806249,2387244414,47981717,1015611457
dimwishlist:item=4152016199&perks=1428297954,247725512,923806249,2387244414,47981717,3038247973
dimwishlist:item=4152016199&perks=1428297954,247725512,923806249,2387244414,1015611457,3038247973
dimwishlist:item=4152016199&perks=1428297954,247725512,923806249,47981717,1015611457,3038247973
dimwishlist:item=4152016199&perks=1428297954,247725512,2846385770,2387244414,47981717,1015611457
dimwishlist:item=4152016199&perks=1428297954,247725512,2846385770,2387244414,47981717,3038247973
dimwishlist:item=4152016199&perks=1428297954,247725512,2846385770,2387244414,1015611457,3038247973
dimwishlist:item=4152016199&perks=1428297954,247725512,2846385770,47981717,1015611457,3038247973
dimwishlist:item=4152016199&perks=1428297954,923806249,2846385770,2387244414,47981717,1015611457
dimwishlist:item=4152016199&perks=1428297954,923806249,2846385770,2387244414,47981717,3038247973
dimwishlist:item=4152016199&perks=1428297954,923806249,2846385770,2387244414,1015611457,3038247973
dimwishlist:item=4152016199&perks=1428297954,923806249,2846385770,47981717,1015611457,3038247973
dimwishlist:item=4152016199&perks=588594999,247725512,923806249,2387244414,47981717,1015611457
dimwishlist:item=4152016199&perks=588594999,247725512,923806249,2387244414,47981717,3038247973
dimwishlist:item=4152016199&perks=588594999,247725512,923806249,2387244414,1015611457,3038247973
dimwishlist:item=4152016199&perks=588594999,247725512,923806249,47981717,1015611457,3038247973
dimwishlist:item=4152016199&perks=588594999,247725512,2846385770,2387244414,47981717,1015611457
dimwishlist:item=4152016199&perks=588594999,247725512,2846385770,2387244414,47981717,3038247973
dimwishlist:item=4152016199&perks=588594999,247725512,2846385770,2387244414,1015611457,3038247973
dimwishlist:item=4152016199&perks=588594999,247725512,2846385770,47981717,1015611457,3038247973
dimwishlist:item=4152016199&perks=588594999,923806249,2846385770,2387244414,47981717,1015611457
dimwishlist:item=4152016199&perks=588594999,923806249,2846385770,2387244414,47981717,3038247973
dimwishlist:item=4152016199&perks=588594999,923806249,2846385770,2387244414,1015611457,3038247973
dimwishlist:item=4152016199&perks=588594999,923806249,2846385770,47981717,1015611457,3038247973
dimwishlist:item=4152016199&perks=247725512,923806249,2846385770,2387244414,47981717,1015611457
dimwishlist:item=4152016199&perks=247725512,923806249,2846385770,2387244414,47981717,3038247973
dimwishlist:item=4152016199&perks=247725512,923806249,2846385770,2387244414,1015611457,3038247973
dimwishlist:item=4152016199&perks=247725512,923806249,2846385770,47981717,1015611457,3038247973
dimwishlist:item=4152016199&perks=1428297954,588594999,2387244414,47981717,1015611457,3038247973
dimwishlist:item=4152016199&perks=1428297954,247725512,2387244414,47981717,1015611457,3038247973
dimwishlist:item=4152016199&perks=1428297954,923806249,2387244414,47981717,1015611457,3038247973
dimwishlist:item=4152016199&perks=1428297954,2846385770,2387244414,47981717,1015611457,3038247973
dimwishlist:item=4152016199&perks=588594999,247725512,2387244414,47981717,1015611457,3038247973
dimwishlist:item=4152016199&perks=588594999,923806249,2387244414,47981717,1015611457,3038247973
dimwishlist:item=4152016199&perks=588594999,2846385770,2387244414,47981717,1015611457,3038247973
dimwishlist:item=4152016199&perks=247725512,923806249,2387244414,47981717,1015611457,3038247973
dimwishlist:item=4152016199&perks=247725512,2846385770,2387244414,47981717,1015611457,3038247973
dimwishlist:item=4152016199&perks=923806249,2846385770,2387244414,47981717,1015611457,3038247973
dimwishlist:item=4152016199&perks=1428297954,588594999,247725512,923806249,2387244414
dimwishlist:item=4152016199&perks=1428297954,588594999,247725512,923806249,47981717
dimwishlist:item=4152016199&perks=1428297954,588594999,247725512,923806249,1015611457
dimwishlist:item=4152016199&perks=1428297954,588594999,247725512,923806249,3038247973
dimwishlist:item=4152016199&perks=1428297954,588594999,247725512,2846385770,2387244414
dimwishlist:item=4152016199&perks=1428297954,588594999,247725512,2846385770,47981717
dimwishlist:item=4152016199&perks=1428297954,588594999,247725512,2846385770,1015611457
dimwishlist:item=4152016199&perks=1428297954,588594999,247725512,2846385770,3038247973
dimwishlist:item=4152016199&perks=1428297954,588594999,923806249,2846385770,2387244414
dimwishlist:item=4152016199&perks=1428297954,588594999,923806249,2846385770,47981717
dimwishlist:item=4152016199&perks=1428297954,588594999,923806249,2846385770,1015611457
dimwishlist:item=4152016199&perks=1428297954,588594999,923806249,2846385770,3038247973
dimwishlist:item=4152016199&perks=1428297954,247725512,923806249,2846385770,2387244414
dimwishlist:item=4152016199&perks=1428297954,247725512,923806249,2846385770,47981717
dimwishlist:item=4152016199&perks=1428297954,247725512,923806249,2846385770,1015611457
dimwishlist:item=4152016199&perks=1428297954,247725512,923806249,2846385770,3038247973
dimwishlist:item=4152016199&perks=588594999,247725512,923806249,2846385770,2387244414
dimwishlist:item=4152016199&perks=588594999,247725512,923806249,2846385770,47981717
dimwishlist:item=4152016199&perks=588594999,247725512,923806249,2846385770,1015611457
dimwishlist:item=4152016199&perks=588594999,247725512,923806249,2846385770,3038247973
dimwishlist:item=4152016199&perks=1428297954,588594999,247725512,2387244414,47981717
dimwishlist:item=4152016199&perks=1428297954,588594999,247725512,2387244414,1015611457
dimwishlist:item=4152016199&perks=1428297954,588594999,247725512,2387244414,3038247973
dimwishlist:item=4152016199&perks=1428297954,588594999,247725512,47981717,1015611457
dimwishlist:item=4152016199&perks=1428297954,588594999,247725512,47981717,3038247973
dimwishlist:item=4152016199&perks=1428297954,588594999,247725512,1015611457,3038247973
dimwishlist:item=4152016199&perks=1428297954,588594999,923806249,2387244414,47981717
dimwishlist:item=4152016199&perks=1428297954,588594999,923806249,2387244414,1015611457
dimwishlist:item=4152016199&perks=1428297954,588594999,923806249,2387244414,3038247973
dimwishlist:item=4152016199&perks=1428297954,588594999,923806249,47981717,1015611457
dimwishlist:item=4152016199&perks=1428297954,588594999,923806249,47981717,3038247973
dimwishlist:item=4152016199&perks=1428297954,588594999,923806249,1015611457,3038247973
dimwishlist:item=4152016199&perks=1428297954,588594999,2846385770,2387244414,47981717
dimwishlist:item=4152016199&perks=1428297954,588594999,2846385770,2387244414,1015611457
dimwishlist:item=4152016199&perks=1428297954,588594999,2846385770,2387244414,3038247973
dimwishlist:item=4152016199&perks=1428297954,588594999,2846385770,47981717,1015611457
dimwishlist:item=4152016199&perks=1428297954,588594999,2846385770,47981717,3038247973
dimwishlist:item=4152016199&perks=1428297954,588594999,2846385770,1015611457,3038247973
dimwishlist:item=4152016199&perks=1428297954,247725512,923806249,2387244414,47981717
dimwishlist:item=4152016199&perks=1428297954,247725512,923806249,2387244414,1015611457
dimwishlist:item=4152016199&perks=1428297954,247725512,923806249,2387244414,3038247973
dimwishlist:item=4152016199&perks=1428297954,247725512,923806249,47981717,1015611457
dimwishlist:item=4152016199&perks=1428297954,247725512,923806249,47981717,3038247973
dimwishlist:item=4152016199&perks=1428297954,247725512,923806249,1015611457,3038247973
dimwishlist:item=4152016199&perks=1428297954,247725512,2846385770,2387244414,47981717
dimwishlist:item=4152016199&perks=1428297954,247725512,2846385770,2387244414,1015611457
dimwishlist:item=4152016199&perks=1428297954,247725512,2846385770,2387244414,3038247973
dimwishlist:item=4152016199&perks=1428297954,247725512,2846385770,47981717,1015611457
dimwishlist:item=4152016199&perks=1428297954,247725512,2846385770,47981717,3038247973
dimwishlist:item=4152016199&perks=1428297954,247725512,2846385770,1015611457,3038247973
dimwishlist:item=4152016199&perks=1428297954,923806249,2846385770,2387244414,47981717
dimwishlist:item=4152016199&perks=1428297954,923806249,2846385770,2387244414,1015611457
dimwishlist:item=4152016199&perks=1428297954,923806249,2846385770,2387244414,3038247973
dimwishlist:item=4152016199&perks=1428297954,923806249,2846385770,47981717,1015611457
dimwishlist:item=4152016199&perks=1428297954,923806249,2846385770,47981717,3038247973
dimwishlist:item=4152016199&perks=1428297954,923806249,2846385770,1015611457,3038247973
dimwishlist:item=4152016199&perks=588594999,247725512,923806249,2387244414,47981717
dimwishlist:item=4152016199&perks=588594999,247725512,923806249,2387244414,1015611457
dimwishlist:item=4152016199&perks=588594999,247725512,923806249,2387244414,3038247973
dimwishlist:item=4152016199&perks=588594999,247725512,923806249,47981717,1015611457
dimwishlist:item=4152016199&perks=588594999,247725512,923806249,47981717,3038247973
dimwishlist:item=4152016199&perks=588594999,247725512,923806249,1015611457,3038247973
dimwishlist:item=4152016199&perks=588594999,247725512,2846385770,2387244414,47981717
dimwishlist:item=4152016199&perks=588594999,247725512,2846385770,2387244414,1015611457
dimwishlist:item=4152016199&perks=588594999,247725512,2846385770,2387244414,3038247973
dimwishlist:item=4152016199&perks=588594999,247725512,2846385770,47981717,1015611457
dimwishlist:item=4152016199&perks=588594999,247725512,2846385770,47981717,3038247973
dimwishlist:item=4152016199&perks=588594999,247725512,2846385770,1015611457,3038247973
dimwishlist:item=4152016199&perks=588594999,923806249,2846385770,2387244414,47981717
dimwishlist:item=4152016199&perks=588594999,923806249,2846385770,2387244414,1015611457
dimwishlist:item=4152016199&perks=588594999,923806249,2846385770,2387244414,3038247973
dimwishlist:item=4152016199&perks=588594999,923806249,2846385770,47981717,1015611457
dimwishlist:item=4152016199&perks=588594999,923806249,2846385770,47981717,3038247973
dimwishlist:item=4152016199&perks=588594999,923806249,2846385770,1015611457,3038247973
dimwishlist:item=4152016199&perks=247725512,923806249,2846385770,2387244414,47981717
dimwishlist:item=4152016199&perks=247725512,923806249,2846385770,2387244414,1015611457
dimwishlist:item=4152016199&perks=247725512,923806249,2846385770,2387244414,3038247973
dimwishlist:item=4152016199&perks=247725512,923806249,2846385770,47981717,1015611457
dimwishlist:item=4152016199&perks=247725512,923806249,2846385770,47981717,3038247973
dimwishlist:item=4152016199&perks=247725512,923806249,2846385770,1015611457,3038247973
dimwishlist:item=4152016199&perks=1428297954,588594999,2387244414,47981717,1015611457
dimwishlist:item=4152016199&perks=1428297954,588594999,2387244414,47981717,3038247973
dimwishlist:item=4152016199&perks=1428297954,588594999,2387244414,1015611457,3038247973
dimwishlist:item=4152016199&perks=1428297954,588594999,47981717,1015611457,3038247973
dimwishlist:item=4152016199&perks=1428297954,247725512,2387244414,47981717,1015611457
dimwishlist:item=4152016199&perks=1428297954,247725512,2387244414,47981717,3038247973
dimwishlist:item=4152016199&perks=1428297954,247725512,2387244414,1015611457,3038247973
dimwishlist:item=4152016199&perks=1428297954,247725512,47981717,1015611457,3038247973
dimwishlist:item=4152016199&perks=1428297954,923806249,2387244414,47981717,1015611457
dimwishlist:item=4152016199&perks=1428297954,923806249,2387244414,47981717,3038247973
dimwishlist:item=4152016199&perks=1428297954,923806249,2387244414,1015611457,3038247973
dimwishlist:item=4152016199&perks=1428297954,923806249,47981717,1015611457,3038247973
dimwishlist:item=4152016199&perks=1428297954,2846385770,2387244414,47981717,1015611457
dimwishlist:item=4152016199&perks=1428297954,2846385770,2387244414,47981717,3038247973
dimwishlist:item=4152016199&perks=1428297954,2846385770,2387244414,1015611457,3038247973
dimwishlist:item=4152016199&perks=1428297954,2846385770,47981717,1015611457,3038247973
dimwishlist:item=4152016199&perks=588594999,247725512,2387244414,47981717,1015611457
dimwishlist:item=4152016199&perks=588594999,247725512,2387244414,47981717,3038247973
dimwishlist:item=4152016199&perks=588594999,247725512,2387244414,1015611457,3038247973
dimwishlist:item=4152016199&perks=588594999,247725512,47981717,1015611457,3038247973
dimwishlist:item=4152016199&perks=588594999,923806249,2387244414,47981717,1015611457
dimwishlist:item=4152016199&perks=588594999,923806249,2387244414,47981717,3038247973
dimwishlist:item=4152016199&perks=588594999,923806249,2387244414,1015611457,3038247973
dimwishlist:item=4152016199&perks=588594999,923806249,47981717,1015611457,3038247973
dimwishlist:item=4152016199&perks=588594999,2846385770,2387244414,47981717,1015611457
dimwishlist:item=4152016199&perks=588594999,2846385770,2387244414,47981717,3038247973
dimwishlist:item=4152016199&perks=588594999,2846385770,2387244414,1015611457,3038247973
dimwishlist:item=4152016199&perks=588594999,2846385770,47981717,1015611457,3038247973
dimwishlist:item=4152016199&perks=247725512,923806249,2387244414,47981717,1015611457
dimwishlist:item=4152016199&perks=247725512,923806249,2387244414,47981717,3038247973
dimwishlist:item=4152016199&perks=247725512,923806249,2387244414,1015611457,3038247973
dimwishlist:item=4152016199&perks=247725512,923806249,47981717,1015611457,3038247973
dimwishlist:item=4152016199&perks=247725512,2846385770,2387244414,47981717,1015611457
dimwishlist:item=4152016199&perks=247725512,2846385770,2387244414,47981717,3038247973
dimwishlist:item=4152016199&perks=247725512,2846385770,2387244414,1015611457,3038247973
dimwishlist:item=4152016199&perks=247725512,2846385770,47981717,1015611457,3038247973
dimwishlist:item=4152016199&perks=923806249,2846385770,2387244414,47981717,1015611457
dimwishlist:item=4152016199&perks=923806249,2846385770,2387244414,47981717,3038247973
dimwishlist:item=4152016199&perks=923806249,2846385770,2387244414,1015611457,3038247973
dimwishlist:item=4152016199&perks=923806249,2846385770,47981717,1015611457,3038247973
dimwishlist:item=4152016199&perks=1428297954,2387244414,47981717,1015611457,3038247973
dimwishlist:item=4152016199&perks=588594999,2387244414,47981717,1015611457,3038247973
dimwishlist:item=4152016199&perks=247725512,2387244414,47981717,1015611457,3038247973
dimwishlist:item=4152016199&perks=923806249,2387244414,47981717,1015611457,3038247973
dimwishlist:item=4152016199&perks=2846385770,2387244414,47981717,1015611457,3038247973
dimwishlist:item=4152016199&perks=1428297954,588594999,247725512,2387244414
dimwishlist:item=4152016199&perks=1428297954,588594999,247725512,47981717
dimwishlist:item=4152016199&perks=1428297954,588594999,247725512,1015611457
dimwishlist:item=4152016199&perks=1428297954,588594999,247725512,3038247973
dimwishlist:item=4152016199&perks=1428297954,588594999,923806249,2387244414
dimwishlist:item=4152016199&perks=1428297954,588594999,923806249,47981717
dimwishlist:item=4152016199&perks=1428297954,588594999,923806249,1015611457
dimwishlist:item=4152016199&perks=1428297954,588594999,923806249,3038247973
dimwishlist:item=4152016199&perks=1428297954,588594999,2846385770,2387244414
dimwishlist:item=4152016199&perks=1428297954,588594999,2846385770,47981717
dimwishlist:item=4152016199&perks=1428297954,588594999,2846385770,1015611457
dimwishlist:item=4152016199&perks=1428297954,588594999,2846385770,3038247973
dimwishlist:item=4152016199&perks=1428297954,247725512,923806249,2387244414
dimwishlist:item=4152016199&perks=1428297954,247725512,923806249,47981717
dimwishlist:item=4152016199&perks=1428297954,247725512,923806249,1015611457
dimwishlist:item=4152016199&perks=1428297954,247725512,923806249,3038247973
dimwishlist:item=4152016199&perks=1428297954,247725512,2846385770,2387244414
dimwishlist:item=4152016199&perks=1428297954,247725512,2846385770,47981717
dimwishlist:item=4152016199&perks=1428297954,247725512,2846385770,1015611457
dimwishlist:item=4152016199&perks=1428297954,247725512,2846385770,3038247973
dimwishlist:item=4152016199&perks=1428297954,923806249,2846385770,2387244414
dimwishlist:item=4152016199&perks=1428297954,923806249,2846385770,47981717
dimwishlist:item=4152016199&perks=1428297954,923806249,2846385770,1015611457
dimwishlist:item=4152016199&perks=1428297954,923806249,2846385770,3038247973
dimwishlist:item=4152016199&perks=588594999,247725512,923806249,2387244414
dimwishlist:item=4152016199&perks=588594999,247725512,923806249,47981717
dimwishlist:item=4152016199&perks=588594999,247725512,923806249,1015611457
dimwishlist:item=4152016199&perks=588594999,247725512,923806249,3038247973
dimwishlist:item=4152016199&perks=588594999,247725512,2846385770,2387244414
dimwishlist:item=4152016199&perks=588594999,247725512,2846385770,47981717
dimwishlist:item=4152016199&perks=588594999,247725512,2846385770,1015611457
dimwishlist:item=4152016199&perks=588594999,247725512,2846385770,3038247973
dimwishlist:item=4152016199&perks=588594999,923806249,2846385770,2387244414
dimwishlist:item=4152016199&perks=588594999,923806249,2846385770,47981717
dimwishlist:item=4152016199&perks=588594999,923806249,2846385770,1015611457
dimwishlist:item=4152016199&perks=588594999,923806249,2846385770,3038247973
dimwishlist:item=4152016199&perks=247725512,923806249,2846385770,2387244414
dimwishlist:item=4152016199&perks=247725512,923806249,2846385770,47981717
dimwishlist:item=4152016199&perks=247725512,923806249,2846385770,1015611457
dimwishlist:item=4152016199&perks=247725512,923806249,2846385770,3038247973
dimwishlist:item=4152016199&perks=1428297954,588594999,2387244414,47981717
dimwishlist:item=4152016199&perks=1428297954,588594999,2387244414,1015611457
dimwishlist:item=4152016199&perks=1428297954,588594999,2387244414,3038247973
dimwishlist:item=4152016199&perks=1428297954,588594999,47981717,1015611457
dimwishlist:item=4152016199&perks=1428297954,588594999,47981717,3038247973
dimwishlist:item=4152016199&perks=1428297954,588594999,1015611457,3038247973
dimwishlist:item=4152016199&perks=1428297954,247725512,2387244414,47981717
dimwishlist:item=4152016199&perks=1428297954,247725512,2387244414,1015611457
dimwishlist:item=4152016199&perks=1428297954,247725512,2387244414,3038247973
dimwishlist:item=4152016199&perks=1428297954,247725512,47981717,1015611457
dimwishlist:item=4152016199&perks=1428297954,247725512,47981717,3038247973
dimwishlist:item=4152016199&perks=1428297954,247725512,1015611457,3038247973
dimwishlist:item=4152016199&perks=1428297954,923806249,2387244414,47981717
dimwishlist:item=4152016199&perks=1428297954,923806249,2387244414,1015611457
dimwishlist:item=4152016199&perks=1428297954,923806249,2387244414,3038247973
dimwishlist:item=4152016199&perks=1428297954,923806249,47981717,1015611457
dimwishlist:item=4152016199&perks=1428297954,923806249,47981717,3038247973
dimwishlist:item=4152016199&perks=1428297954,923806249,1015611457,3038247973
dimwishlist:item=4152016199&perks=1428297954,2846385770,2387244414,47981717
dimwishlist:item=4152016199&perks=1428297954,2846385770,2387244414,1015611457
dimwishlist:item=4152016199&perks=1428297954,2846385770,2387244414,3038247973
dimwishlist:item=4152016199&perks=1428297954,2846385770,47981717,1015611457
dimwishlist:item=4152016199&perks=1428297954,2846385770,47981717,3038247973
dimwishlist:item=4152016199&perks=1428297954,2846385770,1015611457,3038247973
dimwishlist:item=4152016199&perks=588594999,247725512,2387244414,47981717
dimwishlist:item=4152016199&perks=588594999,247725512,2387244414,1015611457
dimwishlist:item=4152016199&perks=588594999,247725512,2387244414,3038247973
dimwishlist:item=4152016199&perks=588594999,247725512,47981717,1015611457
dimwishlist:item=4152016199&perks=588594999,247725512,47981717,3038247973
dimwishlist:item=4152016199&perks=588594999,247725512,1015611457,3038247973
dimwishlist:item=4152016199&perks=588594999,923806249,2387244414,47981717
dimwishlist:item=4152016199&perks=588594999,923806249,2387244414,1015611457
dimwishlist:item=4152016199&perks=588594999,923806249,2387244414,3038247973
dimwishlist:item=4152016199&perks=588594999,923806249,47981717,1015611457
dimwishlist:item=4152016199&perks=588594999,923806249,47981717,3038247973
dimwishlist:item=4152016199&perks=588594999,923806249,1015611457,3038247973
dimwishlist:item=4152016199&perks=588594999,2846385770,2387244414,47981717
dimwishlist:item=4152016199&perks=588594999,2846385770,2387244414,1015611457
dimwishlist:item=4152016199&perks=588594999,2846385770,2387244414,3038247973
dimwishlist:item=4152016199&perks=588594999,2846385770,47981717,1015611457
dimwishlist:item=4152016199&perks=588594999,2846385770,47981717,3038247973
dimwishlist:item=4152016199&perks=588594999,2846385770,1015611457,3038247973
dimwishlist:item=4152016199&perks=247725512,923806249,2387244414,47981717
dimwishlist:item=4152016199&perks=247725512,923806249,2387244414,1015611457
dimwishlist:item=4152016199&perks=247725512,923806249,2387244414,3038247973
dimwishlist:item=4152016199&perks=247725512,923806249,47981717,1015611457
dimwishlist:item=4152016199&perks=247725512,923806249,47981717,3038247973
dimwishlist:item=4152016199&perks=247725512,923806249,1015611457,3038247973
dimwishlist:item=4152016199&perks=247725512,2846385770,2387244414,47981717
dimwishlist:item=4152016199&perks=247725512,2846385770,2387244414,1015611457
dimwishlist:item=4152016199&perks=247725512,2846385770,2387244414,3038247973
dimwishlist:item=4152016199&perks=247725512,2846385770,47981717,1015611457
dimwishlist:item=4152016199&perks=247725512,2846385770,47981717,3038247973
dimwishlist:item=4152016199&perks=247725512,2846385770,1015611457,3038247973
dimwishlist:item=4152016199&perks=923806249,2846385770,2387244414,47981717
dimwishlist:item=4152016199&perks=923806249,2846385770,2387244414,1015611457
dimwishlist:item=4152016199&perks=923806249,2846385770,2387244414,3038247973
dimwishlist:item=4152016199&perks=923806249,2846385770,47981717,1015611457
dimwishlist:item=4152016199&perks=923806249,2846385770,47981717,3038247973
dimwishlist:item=4152016199&perks=923806249,2846385770,1015611457,3038247973
dimwishlist:item=4152016199&perks=1428297954,2387244414,47981717,1015611457
dimwishlist:item=4152016199&perks=1428297954,2387244414,47981717,3038247973
dimwishlist:item=4152016199&perks=1428297954,2387244414,1015611457,3038247973
dimwishlist:item=4152016199&perks=1428297954,47981717,1015611457,3038247973
dimwishlist:item=4152016199&perks=588594999,2387244414,47981717,1015611457
dimwishlist:item=4152016199&perks=588594999,2387244414,47981717,3038247973
dimwishlist:item=4152016199&perks=588594999,2387244414,1015611457,3038247973
dimwishlist:item=4152016199&perks=588594999,47981717,1015611457,3038247973
dimwishlist:item=4152016199&perks=247725512,2387244414,47981717,1015611457
dimwishlist:item=4152016199&perks=247725512,2387244414,47981717,3038247973
dimwishlist:item=4152016199&perks=247725512,2387244414,1015611457,3038247973
dimwishlist:item=4152016199&perks=247725512,47981717,1015611457,3038247973
dimwishlist:item=4152016199&perks=923806249,2387244414,47981717,1015611457
dimwishlist:item=4152016199&perks=923806249,2387244414,47981717,3038247973
dimwishlist:item=4152016199&perks=923806249,2387244414,1015611457,3038247973
dimwishlist:item=4152016199&perks=923806249,47981717,1015611457,3038247973
dimwishlist:item=4152016199&perks=2846385770,2387244414,47981717,1015611457
dimwishlist:item=4152016199&perks=2846385770,2387244414,47981717,3038247973
dimwishlist:item=4152016199&perks=2846385770,2387244414,1015611457,3038247973
dimwishlist:item=4152016199&perks=2846385770,47981717,1015611457,3038247973
dimwishlist:item=4152016199&perks=1428297954,588594999,2387244414
dimwishlist:item=4152016199&perks=1428297954,588594999,47981717
dimwishlist:item=4152016199&perks=1428297954,588594999,1015611457
dimwishlist:item=4152016199&perks=1428297954,588594999,3038247973
dimwishlist:item=4152016199&perks=1428297954,247725512,2387244414
dimwishlist:item=4152016199&perks=1428297954,247725512,47981717
dimwishlist:item=4152016199&perks=1428297954,247725512,1015611457
dimwishlist:item=4152016199&perks=1428297954,247725512,3038247973
dimwishlist:item=4152016199&perks=1428297954,923806249,2387244414
dimwishlist:item=4152016199&perks=1428297954,923806249,47981717
dimwishlist:item=4152016199&perks=1428297954,923806249,1015611457
dimwishlist:item=4152016199&perks=1428297954,923806249,3038247973
dimwishlist:item=4152016199&perks=1428297954,2846385770,2387244414
dimwishlist:item=4152016199&perks=1428297954,2846385770,47981717
dimwishlist:item=4152016199&perks=1428297954,2846385770,1015611457
dimwishlist:item=4152016199&perks=1428297954,2846385770,3038247973
dimwishlist:item=4152016199&perks=588594999,247725512,2387244414
dimwishlist:item=4152016199&perks=588594999,247725512,47981717
dimwishlist:item=4152016199&perks=588594999,247725512,1015611457
dimwishlist:item=4152016199&perks=588594999,247725512,3038247973
dimwishlist:item=4152016199&perks=588594999,923806249,2387244414
dimwishlist:item=4152016199&perks=588594999,923806249,47981717
dimwishlist:item=4152016199&perks=588594999,923806249,1015611457
dimwishlist:item=4152016199&perks=588594999,923806249,3038247973
dimwishlist:item=4152016199&perks=588594999,2846385770,2387244414
dimwishlist:item=4152016199&perks=588594999,2846385770,47981717
dimwishlist:item=4152016199&perks=588594999,2846385770,1015611457
dimwishlist:item=4152016199&perks=588594999,2846385770,3038247973
dimwishlist:item=4152016199&perks=247725512,923806249,2387244414
dimwishlist:item=4152016199&perks=247725512,923806249,47981717
dimwishlist:item=4152016199&perks=247725512,923806249,1015611457
dimwishlist:item=4152016199&perks=247725512,923806249,3038247973
dimwishlist:item=4152016199&perks=247725512,2846385770,2387244414
dimwishlist:item=4152016199&perks=247725512,2846385770,47981717
dimwishlist:item=4152016199&perks=247725512,2846385770,1015611457
dimwishlist:item=4152016199&perks=247725512,2846385770,3038247973
dimwishlist:item=4152016199&perks=923806249,2846385770,2387244414
dimwishlist:item=4152016199&perks=923806249,2846385770,47981717
dimwishlist:item=4152016199&perks=923806249,2846385770,1015611457
dimwishlist:item=4152016199&perks=923806249,2846385770,3038247973
dimwishlist:item=4152016199&perks=1428297954,2387244414,47981717
dimwishlist:item=4152016199&perks=1428297954,2387244414,1015611457
dimwishlist:item=4152016199&perks=1428297954,2387244414,3038247973
dimwishlist:item=4152016199&perks=1428297954,47981717,1015611457
dimwishlist:item=4152016199&perks=1428297954,47981717,3038247973
dimwishlist:item=4152016199&perks=1428297954,1015611457,3038247973
dimwishlist:item=4152016199&perks=588594999,2387244414,47981717
dimwishlist:item=4152016199&perks=588594999,2387244414,1015611457
dimwishlist:item=4152016199&perks=588594999,2387244414,3038247973
dimwishlist:item=4152016199&perks=588594999,47981717,1015611457
dimwishlist:item=4152016199&perks=588594999,47981717,3038247973
dimwishlist:item=4152016199&perks=588594999,1015611457,3038247973
dimwishlist:item=4152016199&perks=247725512,2387244414,47981717
dimwishlist:item=4152016199&perks=247725512,2387244414,1015611457
dimwishlist:item=4152016199&perks=247725512,2387244414,3038247973
dimwishlist:item=4152016199&perks=247725512,47981717,1015611457
dimwishlist:item=4152016199&perks=247725512,47981717,3038247973
dimwishlist:item=4152016199&perks=247725512,1015611457,3038247973
dimwishlist:item=4152016199&perks=923806249,2387244414,47981717
dimwishlist:item=4152016199&perks=923806249,2387244414,1015611457
dimwishlist:item=4152016199&perks=923806249,2387244414,3038247973
dimwishlist:item=4152016199&perks=923806249,47981717,1015611457
dimwishlist:item=4152016199&perks=923806249,47981717,3038247973
dimwishlist:item=4152016199&perks=923806249,1015611457,3038247973
dimwishlist:item=4152016199&perks=2846385770,2387244414,47981717
dimwishlist:item=4152016199&perks=2846385770,2387244414,1015611457
dimwishlist:item=4152016199&perks=2846385770,2387244414,3038247973
dimwishlist:item=4152016199&perks=2846385770,47981717,1015611457
dimwishlist:item=4152016199&perks=2846385770,47981717,3038247973
dimwishlist:item=4152016199&perks=2846385770,1015611457,3038247973
dimwishlist:item=4152016199&perks=1428297954,2387244414
dimwishlist:item=4152016199&perks=1428297954,47981717
dimwishlist:item=4152016199&perks=1428297954,1015611457
dimwishlist:item=4152016199&perks=1428297954,3038247973
dimwishlist:item=4152016199&perks=588594999,2387244414
dimwishlist:item=4152016199&perks=588594999,47981717
dimwishlist:item=4152016199&perks=588594999,1015611457
dimwishlist:item=4152016199&perks=588594999,3038247973
dimwishlist:item=4152016199&perks=247725512,2387244414
dimwishlist:item=4152016199&perks=247725512,47981717
dimwishlist:item=4152016199&perks=247725512,1015611457
dimwishlist:item=4152016199&perks=247725512,3038247973
dimwishlist:item=4152016199&perks=923806249,2387244414
dimwishlist:item=4152016199&perks=923806249,47981717
dimwishlist:item=4152016199&perks=923806249,1015611457
dimwishlist:item=4152016199&perks=923806249,3038247973
dimwishlist:item=4152016199&perks=2846385770,2387244414
dimwishlist:item=4152016199&perks=2846385770,47981717
dimwishlist:item=4152016199&perks=2846385770,1015611457
dimwishlist:item=4152016199&perks=2846385770,3038247973

// #39 The Forward Path
// itemHash=1884897338
// perks: Dynamic Sway Reduction=1359896290; Zen Moment=2387244414; Slice=923806249; Tap the Trigger=1890422124; Multikill Clip=2458213969
//notes: CrucibleGuidebook tags:pvp
dimwishlist:item=1884897338&perks=1359896290,2387244414,923806249,1890422124,2458213969
dimwishlist:item=1884897338&perks=1359896290,2387244414,923806249,1890422124
dimwishlist:item=1884897338&perks=1359896290,2387244414,923806249,2458213969
dimwishlist:item=1884897338&perks=1359896290,2387244414,1890422124,2458213969
dimwishlist:item=1884897338&perks=1359896290,923806249,1890422124,2458213969
dimwishlist:item=1884897338&perks=2387244414,923806249,1890422124,2458213969
dimwishlist:item=1884897338&perks=1359896290,2387244414,1890422124
dimwishlist:item=1884897338&perks=1359896290,2387244414,2458213969
dimwishlist:item=1884897338&perks=1359896290,923806249,1890422124
dimwishlist:item=1884897338&perks=1359896290,923806249,2458213969
dimwishlist:item=1884897338&perks=2387244414,923806249,1890422124
dimwishlist:item=1884897338&perks=2387244414,923806249,2458213969
dimwishlist:item=1884897338&perks=1359896290,1890422124,2458213969
dimwishlist:item=1884897338&perks=2387244414,1890422124,2458213969
dimwishlist:item=1884897338&perks=923806249,1890422124,2458213969
dimwishlist:item=1884897338&perks=1359896290,1890422124
dimwishlist:item=1884897338&perks=1359896290,2458213969
dimwishlist:item=1884897338&perks=2387244414,1890422124
dimwishlist:item=1884897338&perks=2387244414,2458213969
dimwishlist:item=1884897338&perks=923806249,1890422124
dimwishlist:item=1884897338&perks=923806249,2458213969

// #40 Unending Tempest
// itemHash=673621062
// perks: Dynamic Sway Reduction=1359896290; Moving Target=588594999; Perpetual Motion=1428297954; Target Lock=365154968; Tap the Trigger=1890422124; Rangefinder=2846385770
//notes: CrucibleGuidebook tags:pvp
dimwishlist:item=673621062&perks=1359896290,588594999,1428297954,365154968,1890422124,2846385770
dimwishlist:item=673621062&perks=1359896290,588594999,1428297954,365154968,1890422124
dimwishlist:item=673621062&perks=1359896290,588594999,1428297954,365154968,2846385770
dimwishlist:item=673621062&perks=1359896290,588594999,1428297954,1890422124,2846385770
dimwishlist:item=673621062&perks=1359896290,588594999,365154968,1890422124,2846385770
dimwishlist:item=673621062&perks=1359896290,1428297954,365154968,1890422124,2846385770
dimwishlist:item=673621062&perks=588594999,1428297954,365154968,1890422124,2846385770
dimwishlist:item=673621062&perks=1359896290,588594999,1428297954,365154968
dimwishlist:item=673621062&perks=1359896290,588594999,1428297954,1890422124
dimwishlist:item=673621062&perks=1359896290,588594999,1428297954,2846385770
dimwishlist:item=673621062&perks=1359896290,588594999,365154968,1890422124
dimwishlist:item=673621062&perks=1359896290,588594999,365154968,2846385770
dimwishlist:item=673621062&perks=1359896290,588594999,1890422124,2846385770
dimwishlist:item=673621062&perks=1359896290,1428297954,365154968,1890422124
dimwishlist:item=673621062&perks=1359896290,1428297954,365154968,2846385770
dimwishlist:item=673621062&perks=1359896290,1428297954,1890422124,2846385770
dimwishlist:item=673621062&perks=588594999,1428297954,365154968,1890422124
dimwishlist:item=673621062&perks=588594999,1428297954,365154968,2846385770
dimwishlist:item=673621062&perks=588594999,1428297954,1890422124,2846385770
dimwishlist:item=673621062&perks=1359896290,365154968,1890422124,2846385770
dimwishlist:item=673621062&perks=588594999,365154968,1890422124,2846385770
dimwishlist:item=673621062&perks=1428297954,365154968,1890422124,2846385770
dimwishlist:item=673621062&perks=1359896290,588594999,365154968
dimwishlist:item=673621062&perks=1359896290,588594999,1890422124
dimwishlist:item=673621062&perks=1359896290,588594999,2846385770
dimwishlist:item=673621062&perks=1359896290,1428297954,365154968
dimwishlist:item=673621062&perks=1359896290,1428297954,1890422124
dimwishlist:item=673621062&perks=1359896290,1428297954,2846385770
dimwishlist:item=673621062&perks=588594999,1428297954,365154968
dimwishlist:item=673621062&perks=588594999,1428297954,1890422124
dimwishlist:item=673621062&perks=588594999,1428297954,2846385770
dimwishlist:item=673621062&perks=1359896290,365154968,1890422124
dimwishlist:item=673621062&perks=1359896290,365154968,2846385770
dimwishlist:item=673621062&perks=1359896290,1890422124,2846385770
dimwishlist:item=673621062&perks=588594999,365154968,1890422124
dimwishlist:item=673621062&perks=588594999,365154968,2846385770
dimwishlist:item=673621062&perks=588594999,1890422124,2846385770
dimwishlist:item=673621062&perks=1428297954,365154968,1890422124
dimwishlist:item=673621062&perks=1428297954,365154968,2846385770
dimwishlist:item=673621062&perks=1428297954,1890422124,2846385770
dimwishlist:item=673621062&perks=1359896290,365154968
dimwishlist:item=673621062&perks=1359896290,1890422124
dimwishlist:item=673621062&perks=1359896290,2846385770
dimwishlist:item=673621062&perks=588594999,365154968
dimwishlist:item=673621062&perks=588594999,1890422124
dimwishlist:item=673621062&perks=588594999,2846385770
dimwishlist:item=673621062&perks=1428297954,365154968
dimwishlist:item=673621062&perks=1428297954,1890422124
dimwishlist:item=673621062&perks=1428297954,2846385770

// itemHash=2579239009 (alternate item version)
// perks: Dynamic Sway Reduction=1359896290; Moving Target=588594999; Perpetual Motion=1428297954; Target Lock=365154968; Tap the Trigger=1890422124; Rangefinder=2846385770
//notes: CrucibleGuidebook tags:pvp
dimwishlist:item=2579239009&perks=1359896290,588594999,1428297954,365154968,1890422124,2846385770
dimwishlist:item=2579239009&perks=1359896290,588594999,1428297954,365154968,1890422124
dimwishlist:item=2579239009&perks=1359896290,588594999,1428297954,365154968,2846385770
dimwishlist:item=2579239009&perks=1359896290,588594999,1428297954,1890422124,2846385770
dimwishlist:item=2579239009&perks=1359896290,588594999,365154968,1890422124,2846385770
dimwishlist:item=2579239009&perks=1359896290,1428297954,365154968,1890422124,2846385770
dimwishlist:item=2579239009&perks=588594999,1428297954,365154968,1890422124,2846385770
dimwishlist:item=2579239009&perks=1359896290,588594999,1428297954,365154968
dimwishlist:item=2579239009&perks=1359896290,588594999,1428297954,1890422124
dimwishlist:item=2579239009&perks=1359896290,588594999,1428297954,2846385770
dimwishlist:item=2579239009&perks=1359896290,588594999,365154968,1890422124
dimwishlist:item=2579239009&perks=1359896290,588594999,365154968,2846385770
dimwishlist:item=2579239009&perks=1359896290,588594999,1890422124,2846385770
dimwishlist:item=2579239009&perks=1359896290,1428297954,365154968,1890422124
dimwishlist:item=2579239009&perks=1359896290,1428297954,365154968,2846385770
dimwishlist:item=2579239009&perks=1359896290,1428297954,1890422124,2846385770
dimwishlist:item=2579239009&perks=588594999,1428297954,365154968,1890422124
dimwishlist:item=2579239009&perks=588594999,1428297954,365154968,2846385770
dimwishlist:item=2579239009&perks=588594999,1428297954,1890422124,2846385770
dimwishlist:item=2579239009&perks=1359896290,365154968,1890422124,2846385770
dimwishlist:item=2579239009&perks=588594999,365154968,1890422124,2846385770
dimwishlist:item=2579239009&perks=1428297954,365154968,1890422124,2846385770
dimwishlist:item=2579239009&perks=1359896290,588594999,365154968
dimwishlist:item=2579239009&perks=1359896290,588594999,1890422124
dimwishlist:item=2579239009&perks=1359896290,588594999,2846385770
dimwishlist:item=2579239009&perks=1359896290,1428297954,365154968
dimwishlist:item=2579239009&perks=1359896290,1428297954,1890422124
dimwishlist:item=2579239009&perks=1359896290,1428297954,2846385770
dimwishlist:item=2579239009&perks=588594999,1428297954,365154968
dimwishlist:item=2579239009&perks=588594999,1428297954,1890422124
dimwishlist:item=2579239009&perks=588594999,1428297954,2846385770
dimwishlist:item=2579239009&perks=1359896290,365154968,1890422124
dimwishlist:item=2579239009&perks=1359896290,365154968,2846385770
dimwishlist:item=2579239009&perks=1359896290,1890422124,2846385770
dimwishlist:item=2579239009&perks=588594999,365154968,1890422124
dimwishlist:item=2579239009&perks=588594999,365154968,2846385770
dimwishlist:item=2579239009&perks=588594999,1890422124,2846385770
dimwishlist:item=2579239009&perks=1428297954,365154968,1890422124
dimwishlist:item=2579239009&perks=1428297954,365154968,2846385770
dimwishlist:item=2579239009&perks=1428297954,1890422124,2846385770
dimwishlist:item=2579239009&perks=1359896290,365154968
dimwishlist:item=2579239009&perks=1359896290,1890422124
dimwishlist:item=2579239009&perks=1359896290,2846385770
dimwishlist:item=2579239009&perks=588594999,365154968
dimwishlist:item=2579239009&perks=588594999,1890422124
dimwishlist:item=2579239009&perks=588594999,2846385770
dimwishlist:item=2579239009&perks=1428297954,365154968
dimwishlist:item=2579239009&perks=1428297954,1890422124
dimwishlist:item=2579239009&perks=1428297954,2846385770

// itemHash=2510526114 (alternate item version)
// perks: Dynamic Sway Reduction=1359896290; Moving Target=588594999; Perpetual Motion=1428297954; Target Lock=365154968; Tap the Trigger=1890422124; Rangefinder=2846385770
//notes: CrucibleGuidebook tags:pvp
dimwishlist:item=2510526114&perks=1359896290,588594999,1428297954,365154968,1890422124,2846385770
dimwishlist:item=2510526114&perks=1359896290,588594999,1428297954,365154968,1890422124
dimwishlist:item=2510526114&perks=1359896290,588594999,1428297954,365154968,2846385770
dimwishlist:item=2510526114&perks=1359896290,588594999,1428297954,1890422124,2846385770
dimwishlist:item=2510526114&perks=1359896290,588594999,365154968,1890422124,2846385770
dimwishlist:item=2510526114&perks=1359896290,1428297954,365154968,1890422124,2846385770
dimwishlist:item=2510526114&perks=588594999,1428297954,365154968,1890422124,2846385770
dimwishlist:item=2510526114&perks=1359896290,588594999,1428297954,365154968
dimwishlist:item=2510526114&perks=1359896290,588594999,1428297954,1890422124
dimwishlist:item=2510526114&perks=1359896290,588594999,1428297954,2846385770
dimwishlist:item=2510526114&perks=1359896290,588594999,365154968,1890422124
dimwishlist:item=2510526114&perks=1359896290,588594999,365154968,2846385770
dimwishlist:item=2510526114&perks=1359896290,588594999,1890422124,2846385770
dimwishlist:item=2510526114&perks=1359896290,1428297954,365154968,1890422124
dimwishlist:item=2510526114&perks=1359896290,1428297954,365154968,2846385770
dimwishlist:item=2510526114&perks=1359896290,1428297954,1890422124,2846385770
dimwishlist:item=2510526114&perks=588594999,1428297954,365154968,1890422124
dimwishlist:item=2510526114&perks=588594999,1428297954,365154968,2846385770
dimwishlist:item=2510526114&perks=588594999,1428297954,1890422124,2846385770
dimwishlist:item=2510526114&perks=1359896290,365154968,1890422124,2846385770
dimwishlist:item=2510526114&perks=588594999,365154968,1890422124,2846385770
dimwishlist:item=2510526114&perks=1428297954,365154968,1890422124,2846385770
dimwishlist:item=2510526114&perks=1359896290,588594999,365154968
dimwishlist:item=2510526114&perks=1359896290,588594999,1890422124
dimwishlist:item=2510526114&perks=1359896290,588594999,2846385770
dimwishlist:item=2510526114&perks=1359896290,1428297954,365154968
dimwishlist:item=2510526114&perks=1359896290,1428297954,1890422124
dimwishlist:item=2510526114&perks=1359896290,1428297954,2846385770
dimwishlist:item=2510526114&perks=588594999,1428297954,365154968
dimwishlist:item=2510526114&perks=588594999,1428297954,1890422124
dimwishlist:item=2510526114&perks=588594999,1428297954,2846385770
dimwishlist:item=2510526114&perks=1359896290,365154968,1890422124
dimwishlist:item=2510526114&perks=1359896290,365154968,2846385770
dimwishlist:item=2510526114&perks=1359896290,1890422124,2846385770
dimwishlist:item=2510526114&perks=588594999,365154968,1890422124
dimwishlist:item=2510526114&perks=588594999,365154968,2846385770
dimwishlist:item=2510526114&perks=588594999,1890422124,2846385770
dimwishlist:item=2510526114&perks=1428297954,365154968,1890422124
dimwishlist:item=2510526114&perks=1428297954,365154968,2846385770
dimwishlist:item=2510526114&perks=1428297954,1890422124,2846385770
dimwishlist:item=2510526114&perks=1359896290,365154968
dimwishlist:item=2510526114&perks=1359896290,1890422124
dimwishlist:item=2510526114&perks=1359896290,2846385770
dimwishlist:item=2510526114&perks=588594999,365154968
dimwishlist:item=2510526114&perks=588594999,1890422124
dimwishlist:item=2510526114&perks=588594999,2846385770
dimwishlist:item=2510526114&perks=1428297954,365154968
dimwishlist:item=2510526114&perks=1428297954,1890422124
dimwishlist:item=2510526114&perks=1428297954,2846385770

// #41 Sorrow's Verse
// itemHash=2557966895
// perks: Zen Moment=2387244414; Tap the Trigger=1890422124; Dynamic Sway Reduction=1359896290; Kill Clip=1015611457; Target Lock=365154968; Multikill Clip=2458213969
//notes: CrucibleGuidebook tags:pvp
dimwishlist:item=2557966895&perks=2387244414,1890422124,1359896290,1015611457,365154968,2458213969
dimwishlist:item=2557966895&perks=2387244414,1890422124,1359896290,1015611457,365154968
dimwishlist:item=2557966895&perks=2387244414,1890422124,1359896290,1015611457,2458213969
dimwishlist:item=2557966895&perks=2387244414,1890422124,1359896290,365154968,2458213969
dimwishlist:item=2557966895&perks=2387244414,1890422124,1015611457,365154968,2458213969
dimwishlist:item=2557966895&perks=2387244414,1359896290,1015611457,365154968,2458213969
dimwishlist:item=2557966895&perks=1890422124,1359896290,1015611457,365154968,2458213969
dimwishlist:item=2557966895&perks=2387244414,1890422124,1359896290,1015611457
dimwishlist:item=2557966895&perks=2387244414,1890422124,1359896290,365154968
dimwishlist:item=2557966895&perks=2387244414,1890422124,1359896290,2458213969
dimwishlist:item=2557966895&perks=2387244414,1890422124,1015611457,365154968
dimwishlist:item=2557966895&perks=2387244414,1890422124,1015611457,2458213969
dimwishlist:item=2557966895&perks=2387244414,1890422124,365154968,2458213969
dimwishlist:item=2557966895&perks=2387244414,1359896290,1015611457,365154968
dimwishlist:item=2557966895&perks=2387244414,1359896290,1015611457,2458213969
dimwishlist:item=2557966895&perks=2387244414,1359896290,365154968,2458213969
dimwishlist:item=2557966895&perks=1890422124,1359896290,1015611457,365154968
dimwishlist:item=2557966895&perks=1890422124,1359896290,1015611457,2458213969
dimwishlist:item=2557966895&perks=1890422124,1359896290,365154968,2458213969
dimwishlist:item=2557966895&perks=2387244414,1015611457,365154968,2458213969
dimwishlist:item=2557966895&perks=1890422124,1015611457,365154968,2458213969
dimwishlist:item=2557966895&perks=1359896290,1015611457,365154968,2458213969
dimwishlist:item=2557966895&perks=2387244414,1890422124,1015611457
dimwishlist:item=2557966895&perks=2387244414,1890422124,365154968
dimwishlist:item=2557966895&perks=2387244414,1890422124,2458213969
dimwishlist:item=2557966895&perks=2387244414,1359896290,1015611457
dimwishlist:item=2557966895&perks=2387244414,1359896290,365154968
dimwishlist:item=2557966895&perks=2387244414,1359896290,2458213969
dimwishlist:item=2557966895&perks=1890422124,1359896290,1015611457
dimwishlist:item=2557966895&perks=1890422124,1359896290,365154968
dimwishlist:item=2557966895&perks=1890422124,1359896290,2458213969
dimwishlist:item=2557966895&perks=2387244414,1015611457,365154968
dimwishlist:item=2557966895&perks=2387244414,1015611457,2458213969
dimwishlist:item=2557966895&perks=2387244414,365154968,2458213969
dimwishlist:item=2557966895&perks=1890422124,1015611457,365154968
dimwishlist:item=2557966895&perks=1890422124,1015611457,2458213969
dimwishlist:item=2557966895&perks=1890422124,365154968,2458213969
dimwishlist:item=2557966895&perks=1359896290,1015611457,365154968
dimwishlist:item=2557966895&perks=1359896290,1015611457,2458213969
dimwishlist:item=2557966895&perks=1359896290,365154968,2458213969
dimwishlist:item=2557966895&perks=2387244414,1015611457
dimwishlist:item=2557966895&perks=2387244414,365154968
dimwishlist:item=2557966895&perks=2387244414,2458213969
dimwishlist:item=2557966895&perks=1890422124,1015611457
dimwishlist:item=2557966895&perks=1890422124,365154968
dimwishlist:item=2557966895&perks=1890422124,2458213969
dimwishlist:item=2557966895&perks=1359896290,1015611457
dimwishlist:item=2557966895&perks=1359896290,365154968
dimwishlist:item=2557966895&perks=1359896290,2458213969

// itemHash=775830132 (alternate item version)
// perks: Zen Moment=2387244414; Tap the Trigger=1890422124; Dynamic Sway Reduction=1359896290; Kill Clip=1015611457; Target Lock=365154968; Multikill Clip=2458213969
//notes: CrucibleGuidebook tags:pvp
dimwishlist:item=775830132&perks=2387244414,1890422124,1359896290,1015611457,365154968,2458213969
dimwishlist:item=775830132&perks=2387244414,1890422124,1359896290,1015611457,365154968
dimwishlist:item=775830132&perks=2387244414,1890422124,1359896290,1015611457,2458213969
dimwishlist:item=775830132&perks=2387244414,1890422124,1359896290,365154968,2458213969
dimwishlist:item=775830132&perks=2387244414,1890422124,1015611457,365154968,2458213969
dimwishlist:item=775830132&perks=2387244414,1359896290,1015611457,365154968,2458213969
dimwishlist:item=775830132&perks=1890422124,1359896290,1015611457,365154968,2458213969
dimwishlist:item=775830132&perks=2387244414,1890422124,1359896290,1015611457
dimwishlist:item=775830132&perks=2387244414,1890422124,1359896290,365154968
dimwishlist:item=775830132&perks=2387244414,1890422124,1359896290,2458213969
dimwishlist:item=775830132&perks=2387244414,1890422124,1015611457,365154968
dimwishlist:item=775830132&perks=2387244414,1890422124,1015611457,2458213969
dimwishlist:item=775830132&perks=2387244414,1890422124,365154968,2458213969
dimwishlist:item=775830132&perks=2387244414,1359896290,1015611457,365154968
dimwishlist:item=775830132&perks=2387244414,1359896290,1015611457,2458213969
dimwishlist:item=775830132&perks=2387244414,1359896290,365154968,2458213969
dimwishlist:item=775830132&perks=1890422124,1359896290,1015611457,365154968
dimwishlist:item=775830132&perks=1890422124,1359896290,1015611457,2458213969
dimwishlist:item=775830132&perks=1890422124,1359896290,365154968,2458213969
dimwishlist:item=775830132&perks=2387244414,1015611457,365154968,2458213969
dimwishlist:item=775830132&perks=1890422124,1015611457,365154968,2458213969
dimwishlist:item=775830132&perks=1359896290,1015611457,365154968,2458213969
dimwishlist:item=775830132&perks=2387244414,1890422124,1015611457
dimwishlist:item=775830132&perks=2387244414,1890422124,365154968
dimwishlist:item=775830132&perks=2387244414,1890422124,2458213969
dimwishlist:item=775830132&perks=2387244414,1359896290,1015611457
dimwishlist:item=775830132&perks=2387244414,1359896290,365154968
dimwishlist:item=775830132&perks=2387244414,1359896290,2458213969
dimwishlist:item=775830132&perks=1890422124,1359896290,1015611457
dimwishlist:item=775830132&perks=1890422124,1359896290,365154968
dimwishlist:item=775830132&perks=1890422124,1359896290,2458213969
dimwishlist:item=775830132&perks=2387244414,1015611457,365154968
dimwishlist:item=775830132&perks=2387244414,1015611457,2458213969
dimwishlist:item=775830132&perks=2387244414,365154968,2458213969
dimwishlist:item=775830132&perks=1890422124,1015611457,365154968
dimwishlist:item=775830132&perks=1890422124,1015611457,2458213969
dimwishlist:item=775830132&perks=1890422124,365154968,2458213969
dimwishlist:item=775830132&perks=1359896290,1015611457,365154968
dimwishlist:item=775830132&perks=1359896290,1015611457,2458213969
dimwishlist:item=775830132&perks=1359896290,365154968,2458213969
dimwishlist:item=775830132&perks=2387244414,1015611457
dimwishlist:item=775830132&perks=2387244414,365154968
dimwishlist:item=775830132&perks=2387244414,2458213969
dimwishlist:item=775830132&perks=1890422124,1015611457
dimwishlist:item=775830132&perks=1890422124,365154968
dimwishlist:item=775830132&perks=1890422124,2458213969
dimwishlist:item=775830132&perks=1359896290,1015611457
dimwishlist:item=775830132&perks=1359896290,365154968
dimwishlist:item=775830132&perks=1359896290,2458213969

// #42 Frozen Orbit
// itemHash=232119851
// perks: Lone Wolf=2579169598; Moving Target=588594999; Surplus=3436462433; Opening Shot=47981717; Snapshot Sights=957782887; Closing Time=1194056669
//notes: CrucibleGuidebook tags:pvp
dimwishlist:item=232119851&perks=2579169598,588594999,3436462433,47981717,957782887,1194056669
dimwishlist:item=232119851&perks=2579169598,588594999,3436462433,47981717,957782887
dimwishlist:item=232119851&perks=2579169598,588594999,3436462433,47981717,1194056669
dimwishlist:item=232119851&perks=2579169598,588594999,3436462433,957782887,1194056669
dimwishlist:item=232119851&perks=2579169598,588594999,47981717,957782887,1194056669
dimwishlist:item=232119851&perks=2579169598,3436462433,47981717,957782887,1194056669
dimwishlist:item=232119851&perks=588594999,3436462433,47981717,957782887,1194056669
dimwishlist:item=232119851&perks=2579169598,588594999,3436462433,47981717
dimwishlist:item=232119851&perks=2579169598,588594999,3436462433,957782887
dimwishlist:item=232119851&perks=2579169598,588594999,3436462433,1194056669
dimwishlist:item=232119851&perks=2579169598,588594999,47981717,957782887
dimwishlist:item=232119851&perks=2579169598,588594999,47981717,1194056669
dimwishlist:item=232119851&perks=2579169598,588594999,957782887,1194056669
dimwishlist:item=232119851&perks=2579169598,3436462433,47981717,957782887
dimwishlist:item=232119851&perks=2579169598,3436462433,47981717,1194056669
dimwishlist:item=232119851&perks=2579169598,3436462433,957782887,1194056669
dimwishlist:item=232119851&perks=588594999,3436462433,47981717,957782887
dimwishlist:item=232119851&perks=588594999,3436462433,47981717,1194056669
dimwishlist:item=232119851&perks=588594999,3436462433,957782887,1194056669
dimwishlist:item=232119851&perks=2579169598,47981717,957782887,1194056669
dimwishlist:item=232119851&perks=588594999,47981717,957782887,1194056669
dimwishlist:item=232119851&perks=3436462433,47981717,957782887,1194056669
dimwishlist:item=232119851&perks=2579169598,588594999,47981717
dimwishlist:item=232119851&perks=2579169598,588594999,957782887
dimwishlist:item=232119851&perks=2579169598,588594999,1194056669
dimwishlist:item=232119851&perks=2579169598,3436462433,47981717
dimwishlist:item=232119851&perks=2579169598,3436462433,957782887
dimwishlist:item=232119851&perks=2579169598,3436462433,1194056669
dimwishlist:item=232119851&perks=588594999,3436462433,47981717
dimwishlist:item=232119851&perks=588594999,3436462433,957782887
dimwishlist:item=232119851&perks=588594999,3436462433,1194056669
dimwishlist:item=232119851&perks=2579169598,47981717,957782887
dimwishlist:item=232119851&perks=2579169598,47981717,1194056669
dimwishlist:item=232119851&perks=2579169598,957782887,1194056669
dimwishlist:item=232119851&perks=588594999,47981717,957782887
dimwishlist:item=232119851&perks=588594999,47981717,1194056669
dimwishlist:item=232119851&perks=588594999,957782887,1194056669
dimwishlist:item=232119851&perks=3436462433,47981717,957782887
dimwishlist:item=232119851&perks=3436462433,47981717,1194056669
dimwishlist:item=232119851&perks=3436462433,957782887,1194056669
dimwishlist:item=232119851&perks=2579169598,47981717
dimwishlist:item=232119851&perks=2579169598,957782887
dimwishlist:item=232119851&perks=2579169598,1194056669
dimwishlist:item=232119851&perks=588594999,47981717
dimwishlist:item=232119851&perks=588594999,957782887
dimwishlist:item=232119851&perks=588594999,1194056669
dimwishlist:item=232119851&perks=3436462433,47981717
dimwishlist:item=232119851&perks=3436462433,957782887
dimwishlist:item=232119851&perks=3436462433,1194056669

// itemHash=1516542120 (alternate item version)
// perks: Lone Wolf=2579169598; Moving Target=588594999; Surplus=3436462433; Opening Shot=47981717; Snapshot Sights=957782887; Closing Time=1194056669
//notes: CrucibleGuidebook tags:pvp
dimwishlist:item=1516542120&perks=2579169598,588594999,3436462433,47981717,957782887,1194056669
dimwishlist:item=1516542120&perks=2579169598,588594999,3436462433,47981717,957782887
dimwishlist:item=1516542120&perks=2579169598,588594999,3436462433,47981717,1194056669
dimwishlist:item=1516542120&perks=2579169598,588594999,3436462433,957782887,1194056669
dimwishlist:item=1516542120&perks=2579169598,588594999,47981717,957782887,1194056669
dimwishlist:item=1516542120&perks=2579169598,3436462433,47981717,957782887,1194056669
dimwishlist:item=1516542120&perks=588594999,3436462433,47981717,957782887,1194056669
dimwishlist:item=1516542120&perks=2579169598,588594999,3436462433,47981717
dimwishlist:item=1516542120&perks=2579169598,588594999,3436462433,957782887
dimwishlist:item=1516542120&perks=2579169598,588594999,3436462433,1194056669
dimwishlist:item=1516542120&perks=2579169598,588594999,47981717,957782887
dimwishlist:item=1516542120&perks=2579169598,588594999,47981717,1194056669
dimwishlist:item=1516542120&perks=2579169598,588594999,957782887,1194056669
dimwishlist:item=1516542120&perks=2579169598,3436462433,47981717,957782887
dimwishlist:item=1516542120&perks=2579169598,3436462433,47981717,1194056669
dimwishlist:item=1516542120&perks=2579169598,3436462433,957782887,1194056669
dimwishlist:item=1516542120&perks=588594999,3436462433,47981717,957782887
dimwishlist:item=1516542120&perks=588594999,3436462433,47981717,1194056669
dimwishlist:item=1516542120&perks=588594999,3436462433,957782887,1194056669
dimwishlist:item=1516542120&perks=2579169598,47981717,957782887,1194056669
dimwishlist:item=1516542120&perks=588594999,47981717,957782887,1194056669
dimwishlist:item=1516542120&perks=3436462433,47981717,957782887,1194056669
dimwishlist:item=1516542120&perks=2579169598,588594999,47981717
dimwishlist:item=1516542120&perks=2579169598,588594999,957782887
dimwishlist:item=1516542120&perks=2579169598,588594999,1194056669
dimwishlist:item=1516542120&perks=2579169598,3436462433,47981717
dimwishlist:item=1516542120&perks=2579169598,3436462433,957782887
dimwishlist:item=1516542120&perks=2579169598,3436462433,1194056669
dimwishlist:item=1516542120&perks=588594999,3436462433,47981717
dimwishlist:item=1516542120&perks=588594999,3436462433,957782887
dimwishlist:item=1516542120&perks=588594999,3436462433,1194056669
dimwishlist:item=1516542120&perks=2579169598,47981717,957782887
dimwishlist:item=1516542120&perks=2579169598,47981717,1194056669
dimwishlist:item=1516542120&perks=2579169598,957782887,1194056669
dimwishlist:item=1516542120&perks=588594999,47981717,957782887
dimwishlist:item=1516542120&perks=588594999,47981717,1194056669
dimwishlist:item=1516542120&perks=588594999,957782887,1194056669
dimwishlist:item=1516542120&perks=3436462433,47981717,957782887
dimwishlist:item=1516542120&perks=3436462433,47981717,1194056669
dimwishlist:item=1516542120&perks=3436462433,957782887,1194056669
dimwishlist:item=1516542120&perks=2579169598,47981717
dimwishlist:item=1516542120&perks=2579169598,957782887
dimwishlist:item=1516542120&perks=2579169598,1194056669
dimwishlist:item=1516542120&perks=588594999,47981717
dimwishlist:item=1516542120&perks=588594999,957782887
dimwishlist:item=1516542120&perks=588594999,1194056669
dimwishlist:item=1516542120&perks=3436462433,47981717
dimwishlist:item=1516542120&perks=3436462433,957782887
dimwishlist:item=1516542120&perks=3436462433,1194056669

// #43 Lethal Abundance
// itemHash=1884897339
// perks: Slice=923806249; Keep Away=3619207468; Dynamic Sway Reduction=1359896290; Onslaught=95528736; Target Lock=365154968; Tap the Trigger=1890422124
//notes: CrucibleGuidebook tags:pvp
dimwishlist:item=1884897339&perks=923806249,3619207468,1359896290,95528736,365154968,1890422124
dimwishlist:item=1884897339&perks=923806249,3619207468,1359896290,95528736,365154968
dimwishlist:item=1884897339&perks=923806249,3619207468,1359896290,95528736,1890422124
dimwishlist:item=1884897339&perks=923806249,3619207468,1359896290,365154968,1890422124
dimwishlist:item=1884897339&perks=923806249,3619207468,95528736,365154968,1890422124
dimwishlist:item=1884897339&perks=923806249,1359896290,95528736,365154968,1890422124
dimwishlist:item=1884897339&perks=3619207468,1359896290,95528736,365154968,1890422124
dimwishlist:item=1884897339&perks=923806249,3619207468,1359896290,95528736
dimwishlist:item=1884897339&perks=923806249,3619207468,1359896290,365154968
dimwishlist:item=1884897339&perks=923806249,3619207468,1359896290,1890422124
dimwishlist:item=1884897339&perks=923806249,3619207468,95528736,365154968
dimwishlist:item=1884897339&perks=923806249,3619207468,95528736,1890422124
dimwishlist:item=1884897339&perks=923806249,3619207468,365154968,1890422124
dimwishlist:item=1884897339&perks=923806249,1359896290,95528736,365154968
dimwishlist:item=1884897339&perks=923806249,1359896290,95528736,1890422124
dimwishlist:item=1884897339&perks=923806249,1359896290,365154968,1890422124
dimwishlist:item=1884897339&perks=3619207468,1359896290,95528736,365154968
dimwishlist:item=1884897339&perks=3619207468,1359896290,95528736,1890422124
dimwishlist:item=1884897339&perks=3619207468,1359896290,365154968,1890422124
dimwishlist:item=1884897339&perks=923806249,95528736,365154968,1890422124
dimwishlist:item=1884897339&perks=3619207468,95528736,365154968,1890422124
dimwishlist:item=1884897339&perks=1359896290,95528736,365154968,1890422124
dimwishlist:item=1884897339&perks=923806249,3619207468,95528736
dimwishlist:item=1884897339&perks=923806249,3619207468,365154968
dimwishlist:item=1884897339&perks=923806249,3619207468,1890422124
dimwishlist:item=1884897339&perks=923806249,1359896290,95528736
dimwishlist:item=1884897339&perks=923806249,1359896290,365154968
dimwishlist:item=1884897339&perks=923806249,1359896290,1890422124
dimwishlist:item=1884897339&perks=3619207468,1359896290,95528736
dimwishlist:item=1884897339&perks=3619207468,1359896290,365154968
dimwishlist:item=1884897339&perks=3619207468,1359896290,1890422124
dimwishlist:item=1884897339&perks=923806249,95528736,365154968
dimwishlist:item=1884897339&perks=923806249,95528736,1890422124
dimwishlist:item=1884897339&perks=923806249,365154968,1890422124
dimwishlist:item=1884897339&perks=3619207468,95528736,365154968
dimwishlist:item=1884897339&perks=3619207468,95528736,1890422124
dimwishlist:item=1884897339&perks=3619207468,365154968,1890422124
dimwishlist:item=1884897339&perks=1359896290,95528736,365154968
dimwishlist:item=1884897339&perks=1359896290,95528736,1890422124
dimwishlist:item=1884897339&perks=1359896290,365154968,1890422124
dimwishlist:item=1884897339&perks=923806249,95528736
dimwishlist:item=1884897339&perks=923806249,365154968
dimwishlist:item=1884897339&perks=923806249,1890422124
dimwishlist:item=1884897339&perks=3619207468,95528736
dimwishlist:item=1884897339&perks=3619207468,365154968
dimwishlist:item=1884897339&perks=3619207468,1890422124
dimwishlist:item=1884897339&perks=1359896290,95528736
dimwishlist:item=1884897339&perks=1359896290,365154968
dimwishlist:item=1884897339&perks=1359896290,1890422124

// itemHash=3428407746 (alternate item version)
// perks: Slice=923806249; Keep Away=3619207468; Dynamic Sway Reduction=1359896290; Onslaught=95528736; Target Lock=365154968; Tap the Trigger=1890422124
//notes: CrucibleGuidebook tags:pvp
dimwishlist:item=3428407746&perks=923806249,3619207468,1359896290,95528736,365154968,1890422124
dimwishlist:item=3428407746&perks=923806249,3619207468,1359896290,95528736,365154968
dimwishlist:item=3428407746&perks=923806249,3619207468,1359896290,95528736,1890422124
dimwishlist:item=3428407746&perks=923806249,3619207468,1359896290,365154968,1890422124
dimwishlist:item=3428407746&perks=923806249,3619207468,95528736,365154968,1890422124
dimwishlist:item=3428407746&perks=923806249,1359896290,95528736,365154968,1890422124
dimwishlist:item=3428407746&perks=3619207468,1359896290,95528736,365154968,1890422124
dimwishlist:item=3428407746&perks=923806249,3619207468,1359896290,95528736
dimwishlist:item=3428407746&perks=923806249,3619207468,1359896290,365154968
dimwishlist:item=3428407746&perks=923806249,3619207468,1359896290,1890422124
dimwishlist:item=3428407746&perks=923806249,3619207468,95528736,365154968
dimwishlist:item=3428407746&perks=923806249,3619207468,95528736,1890422124
dimwishlist:item=3428407746&perks=923806249,3619207468,365154968,1890422124
dimwishlist:item=3428407746&perks=923806249,1359896290,95528736,365154968
dimwishlist:item=3428407746&perks=923806249,1359896290,95528736,1890422124
dimwishlist:item=3428407746&perks=923806249,1359896290,365154968,1890422124
dimwishlist:item=3428407746&perks=3619207468,1359896290,95528736,365154968
dimwishlist:item=3428407746&perks=3619207468,1359896290,95528736,1890422124
dimwishlist:item=3428407746&perks=3619207468,1359896290,365154968,1890422124
dimwishlist:item=3428407746&perks=923806249,95528736,365154968,1890422124
dimwishlist:item=3428407746&perks=3619207468,95528736,365154968,1890422124
dimwishlist:item=3428407746&perks=1359896290,95528736,365154968,1890422124
dimwishlist:item=3428407746&perks=923806249,3619207468,95528736
dimwishlist:item=3428407746&perks=923806249,3619207468,365154968
dimwishlist:item=3428407746&perks=923806249,3619207468,1890422124
dimwishlist:item=3428407746&perks=923806249,1359896290,95528736
dimwishlist:item=3428407746&perks=923806249,1359896290,365154968
dimwishlist:item=3428407746&perks=923806249,1359896290,1890422124
dimwishlist:item=3428407746&perks=3619207468,1359896290,95528736
dimwishlist:item=3428407746&perks=3619207468,1359896290,365154968
dimwishlist:item=3428407746&perks=3619207468,1359896290,1890422124
dimwishlist:item=3428407746&perks=923806249,95528736,365154968
dimwishlist:item=3428407746&perks=923806249,95528736,1890422124
dimwishlist:item=3428407746&perks=923806249,365154968,1890422124
dimwishlist:item=3428407746&perks=3619207468,95528736,365154968
dimwishlist:item=3428407746&perks=3619207468,95528736,1890422124
dimwishlist:item=3428407746&perks=3619207468,365154968,1890422124
dimwishlist:item=3428407746&perks=1359896290,95528736,365154968
dimwishlist:item=3428407746&perks=1359896290,95528736,1890422124
dimwishlist:item=3428407746&perks=1359896290,365154968,1890422124
dimwishlist:item=3428407746&perks=923806249,95528736
dimwishlist:item=3428407746&perks=923806249,365154968
dimwishlist:item=3428407746&perks=923806249,1890422124
dimwishlist:item=3428407746&perks=3619207468,95528736
dimwishlist:item=3428407746&perks=3619207468,365154968
dimwishlist:item=3428407746&perks=3619207468,1890422124
dimwishlist:item=3428407746&perks=1359896290,95528736
dimwishlist:item=3428407746&perks=1359896290,365154968
dimwishlist:item=3428407746&perks=1359896290,1890422124

// itemHash=2189073092 (alternate item version)
// perks: Slice=923806249; Keep Away=3619207468; Dynamic Sway Reduction=1359896290; Onslaught=95528736; Target Lock=365154968; Tap the Trigger=1890422124
//notes: CrucibleGuidebook tags:pvp
dimwishlist:item=2189073092&perks=923806249,3619207468,1359896290,95528736,365154968,1890422124
dimwishlist:item=2189073092&perks=923806249,3619207468,1359896290,95528736,365154968
dimwishlist:item=2189073092&perks=923806249,3619207468,1359896290,95528736,1890422124
dimwishlist:item=2189073092&perks=923806249,3619207468,1359896290,365154968,1890422124
dimwishlist:item=2189073092&perks=923806249,3619207468,95528736,365154968,1890422124
dimwishlist:item=2189073092&perks=923806249,1359896290,95528736,365154968,1890422124
dimwishlist:item=2189073092&perks=3619207468,1359896290,95528736,365154968,1890422124
dimwishlist:item=2189073092&perks=923806249,3619207468,1359896290,95528736
dimwishlist:item=2189073092&perks=923806249,3619207468,1359896290,365154968
dimwishlist:item=2189073092&perks=923806249,3619207468,1359896290,1890422124
dimwishlist:item=2189073092&perks=923806249,3619207468,95528736,365154968
dimwishlist:item=2189073092&perks=923806249,3619207468,95528736,1890422124
dimwishlist:item=2189073092&perks=923806249,3619207468,365154968,1890422124
dimwishlist:item=2189073092&perks=923806249,1359896290,95528736,365154968
dimwishlist:item=2189073092&perks=923806249,1359896290,95528736,1890422124
dimwishlist:item=2189073092&perks=923806249,1359896290,365154968,1890422124
dimwishlist:item=2189073092&perks=3619207468,1359896290,95528736,365154968
dimwishlist:item=2189073092&perks=3619207468,1359896290,95528736,1890422124
dimwishlist:item=2189073092&perks=3619207468,1359896290,365154968,1890422124
dimwishlist:item=2189073092&perks=923806249,95528736,365154968,1890422124
dimwishlist:item=2189073092&perks=3619207468,95528736,365154968,1890422124
dimwishlist:item=2189073092&perks=1359896290,95528736,365154968,1890422124
dimwishlist:item=2189073092&perks=923806249,3619207468,95528736
dimwishlist:item=2189073092&perks=923806249,3619207468,365154968
dimwishlist:item=2189073092&perks=923806249,3619207468,1890422124
dimwishlist:item=2189073092&perks=923806249,1359896290,95528736
dimwishlist:item=2189073092&perks=923806249,1359896290,365154968
dimwishlist:item=2189073092&perks=923806249,1359896290,1890422124
dimwishlist:item=2189073092&perks=3619207468,1359896290,95528736
dimwishlist:item=2189073092&perks=3619207468,1359896290,365154968
dimwishlist:item=2189073092&perks=3619207468,1359896290,1890422124
dimwishlist:item=2189073092&perks=923806249,95528736,365154968
dimwishlist:item=2189073092&perks=923806249,95528736,1890422124
dimwishlist:item=2189073092&perks=923806249,365154968,1890422124
dimwishlist:item=2189073092&perks=3619207468,95528736,365154968
dimwishlist:item=2189073092&perks=3619207468,95528736,1890422124
dimwishlist:item=2189073092&perks=3619207468,365154968,1890422124
dimwishlist:item=2189073092&perks=1359896290,95528736,365154968
dimwishlist:item=2189073092&perks=1359896290,95528736,1890422124
dimwishlist:item=2189073092&perks=1359896290,365154968,1890422124
dimwishlist:item=2189073092&perks=923806249,95528736
dimwishlist:item=2189073092&perks=923806249,365154968
dimwishlist:item=2189073092&perks=923806249,1890422124
dimwishlist:item=2189073092&perks=3619207468,95528736
dimwishlist:item=2189073092&perks=3619207468,365154968
dimwishlist:item=2189073092&perks=3619207468,1890422124
dimwishlist:item=2189073092&perks=1359896290,95528736
dimwishlist:item=2189073092&perks=1359896290,365154968
dimwishlist:item=2189073092&perks=1359896290,1890422124

// #44 Finite Impactor
// itemHash=1917334929
// perks: Slideways=2039302152; Fragile Focus=2451262963; Iron Grip=11551321; Elemental Capacitor=3511092054; Precision Instrument=555281244; Moving Target=588594999; Magnificent Howl=2720533289; Iron Reach=591790007
//notes: CrucibleGuidebook tags:pvp
dimwishlist:item=1917334929&perks=2039302152,2451262963,11551321,3511092054,555281244,588594999,2720533289,591790007
dimwishlist:item=1917334929&perks=2039302152,2451262963,11551321,3511092054,555281244,588594999,2720533289
dimwishlist:item=1917334929&perks=2039302152,2451262963,11551321,3511092054,555281244,588594999,591790007
dimwishlist:item=1917334929&perks=2039302152,2451262963,11551321,3511092054,555281244,2720533289,591790007
dimwishlist:item=1917334929&perks=2039302152,2451262963,11551321,3511092054,588594999,2720533289,591790007
dimwishlist:item=1917334929&perks=2039302152,2451262963,11551321,555281244,588594999,2720533289,591790007
dimwishlist:item=1917334929&perks=2039302152,2451262963,3511092054,555281244,588594999,2720533289,591790007
dimwishlist:item=1917334929&perks=2039302152,11551321,3511092054,555281244,588594999,2720533289,591790007
dimwishlist:item=1917334929&perks=2451262963,11551321,3511092054,555281244,588594999,2720533289,591790007
dimwishlist:item=1917334929&perks=2039302152,2451262963,11551321,3511092054,555281244,588594999
dimwishlist:item=1917334929&perks=2039302152,2451262963,11551321,3511092054,555281244,2720533289
dimwishlist:item=1917334929&perks=2039302152,2451262963,11551321,3511092054,555281244,591790007
dimwishlist:item=1917334929&perks=2039302152,2451262963,11551321,3511092054,588594999,2720533289
dimwishlist:item=1917334929&perks=2039302152,2451262963,11551321,3511092054,588594999,591790007
dimwishlist:item=1917334929&perks=2039302152,2451262963,11551321,3511092054,2720533289,591790007
dimwishlist:item=1917334929&perks=2039302152,2451262963,11551321,555281244,588594999,2720533289
dimwishlist:item=1917334929&perks=2039302152,2451262963,11551321,555281244,588594999,591790007
dimwishlist:item=1917334929&perks=2039302152,2451262963,11551321,555281244,2720533289,591790007
dimwishlist:item=1917334929&perks=2039302152,2451262963,11551321,588594999,2720533289,591790007
dimwishlist:item=1917334929&perks=2039302152,2451262963,3511092054,555281244,588594999,2720533289
dimwishlist:item=1917334929&perks=2039302152,2451262963,3511092054,555281244,588594999,591790007
dimwishlist:item=1917334929&perks=2039302152,2451262963,3511092054,555281244,2720533289,591790007
dimwishlist:item=1917334929&perks=2039302152,2451262963,3511092054,588594999,2720533289,591790007
dimwishlist:item=1917334929&perks=2039302152,11551321,3511092054,555281244,588594999,2720533289
dimwishlist:item=1917334929&perks=2039302152,11551321,3511092054,555281244,588594999,591790007
dimwishlist:item=1917334929&perks=2039302152,11551321,3511092054,555281244,2720533289,591790007
dimwishlist:item=1917334929&perks=2039302152,11551321,3511092054,588594999,2720533289,591790007
dimwishlist:item=1917334929&perks=2451262963,11551321,3511092054,555281244,588594999,2720533289
dimwishlist:item=1917334929&perks=2451262963,11551321,3511092054,555281244,588594999,591790007
dimwishlist:item=1917334929&perks=2451262963,11551321,3511092054,555281244,2720533289,591790007
dimwishlist:item=1917334929&perks=2451262963,11551321,3511092054,588594999,2720533289,591790007
dimwishlist:item=1917334929&perks=2039302152,2451262963,555281244,588594999,2720533289,591790007
dimwishlist:item=1917334929&perks=2039302152,11551321,555281244,588594999,2720533289,591790007
dimwishlist:item=1917334929&perks=2039302152,3511092054,555281244,588594999,2720533289,591790007
dimwishlist:item=1917334929&perks=2451262963,11551321,555281244,588594999,2720533289,591790007
dimwishlist:item=1917334929&perks=2451262963,3511092054,555281244,588594999,2720533289,591790007
dimwishlist:item=1917334929&perks=11551321,3511092054,555281244,588594999,2720533289,591790007
dimwishlist:item=1917334929&perks=2039302152,2451262963,11551321,3511092054,555281244
dimwishlist:item=1917334929&perks=2039302152,2451262963,11551321,3511092054,588594999
dimwishlist:item=1917334929&perks=2039302152,2451262963,11551321,3511092054,2720533289
dimwishlist:item=1917334929&perks=2039302152,2451262963,11551321,3511092054,591790007
dimwishlist:item=1917334929&perks=2039302152,2451262963,11551321,555281244,588594999
dimwishlist:item=1917334929&perks=2039302152,2451262963,11551321,555281244,2720533289
dimwishlist:item=1917334929&perks=2039302152,2451262963,11551321,555281244,591790007
dimwishlist:item=1917334929&perks=2039302152,2451262963,11551321,588594999,2720533289
dimwishlist:item=1917334929&perks=2039302152,2451262963,11551321,588594999,591790007
dimwishlist:item=1917334929&perks=2039302152,2451262963,11551321,2720533289,591790007
dimwishlist:item=1917334929&perks=2039302152,2451262963,3511092054,555281244,588594999
dimwishlist:item=1917334929&perks=2039302152,2451262963,3511092054,555281244,2720533289
dimwishlist:item=1917334929&perks=2039302152,2451262963,3511092054,555281244,591790007
dimwishlist:item=1917334929&perks=2039302152,2451262963,3511092054,588594999,2720533289
dimwishlist:item=1917334929&perks=2039302152,2451262963,3511092054,588594999,591790007
dimwishlist:item=1917334929&perks=2039302152,2451262963,3511092054,2720533289,591790007
dimwishlist:item=1917334929&perks=2039302152,11551321,3511092054,555281244,588594999
dimwishlist:item=1917334929&perks=2039302152,11551321,3511092054,555281244,2720533289
dimwishlist:item=1917334929&perks=2039302152,11551321,3511092054,555281244,591790007
dimwishlist:item=1917334929&perks=2039302152,11551321,3511092054,588594999,2720533289
dimwishlist:item=1917334929&perks=2039302152,11551321,3511092054,588594999,591790007
dimwishlist:item=1917334929&perks=2039302152,11551321,3511092054,2720533289,591790007
dimwishlist:item=1917334929&perks=2451262963,11551321,3511092054,555281244,588594999
dimwishlist:item=1917334929&perks=2451262963,11551321,3511092054,555281244,2720533289
dimwishlist:item=1917334929&perks=2451262963,11551321,3511092054,555281244,591790007
dimwishlist:item=1917334929&perks=2451262963,11551321,3511092054,588594999,2720533289
dimwishlist:item=1917334929&perks=2451262963,11551321,3511092054,588594999,591790007
dimwishlist:item=1917334929&perks=2451262963,11551321,3511092054,2720533289,591790007
dimwishlist:item=1917334929&perks=2039302152,2451262963,555281244,588594999,2720533289
dimwishlist:item=1917334929&perks=2039302152,2451262963,555281244,588594999,591790007
dimwishlist:item=1917334929&perks=2039302152,2451262963,555281244,2720533289,591790007
dimwishlist:item=1917334929&perks=2039302152,2451262963,588594999,2720533289,591790007
dimwishlist:item=1917334929&perks=2039302152,11551321,555281244,588594999,2720533289
dimwishlist:item=1917334929&perks=2039302152,11551321,555281244,588594999,591790007
dimwishlist:item=1917334929&perks=2039302152,11551321,555281244,2720533289,591790007
dimwishlist:item=1917334929&perks=2039302152,11551321,588594999,2720533289,591790007
dimwishlist:item=1917334929&perks=2039302152,3511092054,555281244,588594999,2720533289
dimwishlist:item=1917334929&perks=2039302152,3511092054,555281244,588594999,591790007
dimwishlist:item=1917334929&perks=2039302152,3511092054,555281244,2720533289,591790007
dimwishlist:item=1917334929&perks=2039302152,3511092054,588594999,2720533289,591790007
dimwishlist:item=1917334929&perks=2451262963,11551321,555281244,588594999,2720533289
dimwishlist:item=1917334929&perks=2451262963,11551321,555281244,588594999,591790007
dimwishlist:item=1917334929&perks=2451262963,11551321,555281244,2720533289,591790007
dimwishlist:item=1917334929&perks=2451262963,11551321,588594999,2720533289,591790007
dimwishlist:item=1917334929&perks=2451262963,3511092054,555281244,588594999,2720533289
dimwishlist:item=1917334929&perks=2451262963,3511092054,555281244,588594999,591790007
dimwishlist:item=1917334929&perks=2451262963,3511092054,555281244,2720533289,591790007
dimwishlist:item=1917334929&perks=2451262963,3511092054,588594999,2720533289,591790007
dimwishlist:item=1917334929&perks=11551321,3511092054,555281244,588594999,2720533289
dimwishlist:item=1917334929&perks=11551321,3511092054,555281244,588594999,591790007
dimwishlist:item=1917334929&perks=11551321,3511092054,555281244,2720533289,591790007
dimwishlist:item=1917334929&perks=11551321,3511092054,588594999,2720533289,591790007
dimwishlist:item=1917334929&perks=2039302152,555281244,588594999,2720533289,591790007
dimwishlist:item=1917334929&perks=2451262963,555281244,588594999,2720533289,591790007
dimwishlist:item=1917334929&perks=11551321,555281244,588594999,2720533289,591790007
dimwishlist:item=1917334929&perks=3511092054,555281244,588594999,2720533289,591790007
dimwishlist:item=1917334929&perks=2039302152,2451262963,11551321,555281244
dimwishlist:item=1917334929&perks=2039302152,2451262963,11551321,588594999
dimwishlist:item=1917334929&perks=2039302152,2451262963,11551321,2720533289
dimwishlist:item=1917334929&perks=2039302152,2451262963,11551321,591790007
dimwishlist:item=1917334929&perks=2039302152,2451262963,3511092054,555281244
dimwishlist:item=1917334929&perks=2039302152,2451262963,3511092054,588594999
dimwishlist:item=1917334929&perks=2039302152,2451262963,3511092054,2720533289
dimwishlist:item=1917334929&perks=2039302152,2451262963,3511092054,591790007
dimwishlist:item=1917334929&perks=2039302152,11551321,3511092054,555281244
dimwishlist:item=1917334929&perks=2039302152,11551321,3511092054,588594999
dimwishlist:item=1917334929&perks=2039302152,11551321,3511092054,2720533289
dimwishlist:item=1917334929&perks=2039302152,11551321,3511092054,591790007
dimwishlist:item=1917334929&perks=2451262963,11551321,3511092054,555281244
dimwishlist:item=1917334929&perks=2451262963,11551321,3511092054,588594999
dimwishlist:item=1917334929&perks=2451262963,11551321,3511092054,2720533289
dimwishlist:item=1917334929&perks=2451262963,11551321,3511092054,591790007
dimwishlist:item=1917334929&perks=2039302152,2451262963,555281244,588594999
dimwishlist:item=1917334929&perks=2039302152,2451262963,555281244,2720533289
dimwishlist:item=1917334929&perks=2039302152,2451262963,555281244,591790007
dimwishlist:item=1917334929&perks=2039302152,2451262963,588594999,2720533289
dimwishlist:item=1917334929&perks=2039302152,2451262963,588594999,591790007
dimwishlist:item=1917334929&perks=2039302152,2451262963,2720533289,591790007
dimwishlist:item=1917334929&perks=2039302152,11551321,555281244,588594999
dimwishlist:item=1917334929&perks=2039302152,11551321,555281244,2720533289
dimwishlist:item=1917334929&perks=2039302152,11551321,555281244,591790007
dimwishlist:item=1917334929&perks=2039302152,11551321,588594999,2720533289
dimwishlist:item=1917334929&perks=2039302152,11551321,588594999,591790007
dimwishlist:item=1917334929&perks=2039302152,11551321,2720533289,591790007
dimwishlist:item=1917334929&perks=2039302152,3511092054,555281244,588594999
dimwishlist:item=1917334929&perks=2039302152,3511092054,555281244,2720533289
dimwishlist:item=1917334929&perks=2039302152,3511092054,555281244,591790007
dimwishlist:item=1917334929&perks=2039302152,3511092054,588594999,2720533289
dimwishlist:item=1917334929&perks=2039302152,3511092054,588594999,591790007
dimwishlist:item=1917334929&perks=2039302152,3511092054,2720533289,591790007
dimwishlist:item=1917334929&perks=2451262963,11551321,555281244,588594999
dimwishlist:item=1917334929&perks=2451262963,11551321,555281244,2720533289
dimwishlist:item=1917334929&perks=2451262963,11551321,555281244,591790007
dimwishlist:item=1917334929&perks=2451262963,11551321,588594999,2720533289
dimwishlist:item=1917334929&perks=2451262963,11551321,588594999,591790007
dimwishlist:item=1917334929&perks=2451262963,11551321,2720533289,591790007
dimwishlist:item=1917334929&perks=2451262963,3511092054,555281244,588594999
dimwishlist:item=1917334929&perks=2451262963,3511092054,555281244,2720533289
dimwishlist:item=1917334929&perks=2451262963,3511092054,555281244,591790007
dimwishlist:item=1917334929&perks=2451262963,3511092054,588594999,2720533289
dimwishlist:item=1917334929&perks=2451262963,3511092054,588594999,591790007
dimwishlist:item=1917334929&perks=2451262963,3511092054,2720533289,591790007
dimwishlist:item=1917334929&perks=11551321,3511092054,555281244,588594999
dimwishlist:item=1917334929&perks=11551321,3511092054,555281244,2720533289
dimwishlist:item=1917334929&perks=11551321,3511092054,555281244,591790007
dimwishlist:item=1917334929&perks=11551321,3511092054,588594999,2720533289
dimwishlist:item=1917334929&perks=11551321,3511092054,588594999,591790007
dimwishlist:item=1917334929&perks=11551321,3511092054,2720533289,591790007
dimwishlist:item=1917334929&perks=2039302152,555281244,588594999,2720533289
dimwishlist:item=1917334929&perks=2039302152,555281244,588594999,591790007
dimwishlist:item=1917334929&perks=2039302152,555281244,2720533289,591790007
dimwishlist:item=1917334929&perks=2039302152,588594999,2720533289,591790007
dimwishlist:item=1917334929&perks=2451262963,555281244,588594999,2720533289
dimwishlist:item=1917334929&perks=2451262963,555281244,588594999,591790007
dimwishlist:item=1917334929&perks=2451262963,555281244,2720533289,591790007
dimwishlist:item=1917334929&perks=2451262963,588594999,2720533289,591790007
dimwishlist:item=1917334929&perks=11551321,555281244,588594999,2720533289
dimwishlist:item=1917334929&perks=11551321,555281244,588594999,591790007
dimwishlist:item=1917334929&perks=11551321,555281244,2720533289,591790007
dimwishlist:item=1917334929&perks=11551321,588594999,2720533289,591790007
dimwishlist:item=1917334929&perks=3511092054,555281244,588594999,2720533289
dimwishlist:item=1917334929&perks=3511092054,555281244,588594999,591790007
dimwishlist:item=1917334929&perks=3511092054,555281244,2720533289,591790007
dimwishlist:item=1917334929&perks=3511092054,588594999,2720533289,591790007
dimwishlist:item=1917334929&perks=2039302152,2451262963,555281244
dimwishlist:item=1917334929&perks=2039302152,2451262963,588594999
dimwishlist:item=1917334929&perks=2039302152,2451262963,2720533289
dimwishlist:item=1917334929&perks=2039302152,2451262963,591790007
dimwishlist:item=1917334929&perks=2039302152,11551321,555281244
dimwishlist:item=1917334929&perks=2039302152,11551321,588594999
dimwishlist:item=1917334929&perks=2039302152,11551321,2720533289
dimwishlist:item=1917334929&perks=2039302152,11551321,591790007
dimwishlist:item=1917334929&perks=2039302152,3511092054,555281244
dimwishlist:item=1917334929&perks=2039302152,3511092054,588594999
dimwishlist:item=1917334929&perks=2039302152,3511092054,2720533289
dimwishlist:item=1917334929&perks=2039302152,3511092054,591790007
dimwishlist:item=1917334929&perks=2451262963,11551321,555281244
dimwishlist:item=1917334929&perks=2451262963,11551321,588594999
dimwishlist:item=1917334929&perks=2451262963,11551321,2720533289
dimwishlist:item=1917334929&perks=2451262963,11551321,591790007
dimwishlist:item=1917334929&perks=2451262963,3511092054,555281244
dimwishlist:item=1917334929&perks=2451262963,3511092054,588594999
dimwishlist:item=1917334929&perks=2451262963,3511092054,2720533289
dimwishlist:item=1917334929&perks=2451262963,3511092054,591790007
dimwishlist:item=1917334929&perks=11551321,3511092054,555281244
dimwishlist:item=1917334929&perks=11551321,3511092054,588594999
dimwishlist:item=1917334929&perks=11551321,3511092054,2720533289
dimwishlist:item=1917334929&perks=11551321,3511092054,591790007
dimwishlist:item=1917334929&perks=2039302152,555281244,588594999
dimwishlist:item=1917334929&perks=2039302152,555281244,2720533289
dimwishlist:item=1917334929&perks=2039302152,555281244,591790007
dimwishlist:item=1917334929&perks=2039302152,588594999,2720533289
dimwishlist:item=1917334929&perks=2039302152,588594999,591790007
dimwishlist:item=1917334929&perks=2039302152,2720533289,591790007
dimwishlist:item=1917334929&perks=2451262963,555281244,588594999
dimwishlist:item=1917334929&perks=2451262963,555281244,2720533289
dimwishlist:item=1917334929&perks=2451262963,555281244,591790007
dimwishlist:item=1917334929&perks=2451262963,588594999,2720533289
dimwishlist:item=1917334929&perks=2451262963,588594999,591790007
dimwishlist:item=1917334929&perks=2451262963,2720533289,591790007
dimwishlist:item=1917334929&perks=11551321,555281244,588594999
dimwishlist:item=1917334929&perks=11551321,555281244,2720533289
dimwishlist:item=1917334929&perks=11551321,555281244,591790007
dimwishlist:item=1917334929&perks=11551321,588594999,2720533289
dimwishlist:item=1917334929&perks=11551321,588594999,591790007
dimwishlist:item=1917334929&perks=11551321,2720533289,591790007
dimwishlist:item=1917334929&perks=3511092054,555281244,588594999
dimwishlist:item=1917334929&perks=3511092054,555281244,2720533289
dimwishlist:item=1917334929&perks=3511092054,555281244,591790007
dimwishlist:item=1917334929&perks=3511092054,588594999,2720533289
dimwishlist:item=1917334929&perks=3511092054,588594999,591790007
dimwishlist:item=1917334929&perks=3511092054,2720533289,591790007
dimwishlist:item=1917334929&perks=2039302152,555281244
dimwishlist:item=1917334929&perks=2039302152,588594999
dimwishlist:item=1917334929&perks=2039302152,2720533289
dimwishlist:item=1917334929&perks=2039302152,591790007
dimwishlist:item=1917334929&perks=2451262963,555281244
dimwishlist:item=1917334929&perks=2451262963,588594999
dimwishlist:item=1917334929&perks=2451262963,2720533289
dimwishlist:item=1917334929&perks=2451262963,591790007
dimwishlist:item=1917334929&perks=11551321,555281244
dimwishlist:item=1917334929&perks=11551321,588594999
dimwishlist:item=1917334929&perks=11551321,2720533289
dimwishlist:item=1917334929&perks=11551321,591790007
dimwishlist:item=1917334929&perks=3511092054,555281244
dimwishlist:item=1917334929&perks=3511092054,588594999
dimwishlist:item=1917334929&perks=3511092054,2720533289
dimwishlist:item=1917334929&perks=3511092054,591790007

// #45 Point of the Stag
// itemHash=911019136
// perks: Archer's Tempo=201365942; No Distractions=2866798147; Dragonfly=2848615171; Swashbuckler=4082225868; Precision Instrument=555281244; Vorpal Weapon=1546637391
//notes: CrucibleGuidebook tags:pvp
dimwishlist:item=911019136&perks=201365942,2866798147,2848615171,4082225868,555281244,1546637391
dimwishlist:item=911019136&perks=201365942,2866798147,2848615171,4082225868,555281244
dimwishlist:item=911019136&perks=201365942,2866798147,2848615171,4082225868,1546637391
dimwishlist:item=911019136&perks=201365942,2866798147,2848615171,555281244,1546637391
dimwishlist:item=911019136&perks=201365942,2866798147,4082225868,555281244,1546637391
dimwishlist:item=911019136&perks=201365942,2848615171,4082225868,555281244,1546637391
dimwishlist:item=911019136&perks=2866798147,2848615171,4082225868,555281244,1546637391
dimwishlist:item=911019136&perks=201365942,2866798147,2848615171,4082225868
dimwishlist:item=911019136&perks=201365942,2866798147,2848615171,555281244
dimwishlist:item=911019136&perks=201365942,2866798147,2848615171,1546637391
dimwishlist:item=911019136&perks=201365942,2866798147,4082225868,555281244
dimwishlist:item=911019136&perks=201365942,2866798147,4082225868,1546637391
dimwishlist:item=911019136&perks=201365942,2866798147,555281244,1546637391
dimwishlist:item=911019136&perks=201365942,2848615171,4082225868,555281244
dimwishlist:item=911019136&perks=201365942,2848615171,4082225868,1546637391
dimwishlist:item=911019136&perks=201365942,2848615171,555281244,1546637391
dimwishlist:item=911019136&perks=2866798147,2848615171,4082225868,555281244
dimwishlist:item=911019136&perks=2866798147,2848615171,4082225868,1546637391
dimwishlist:item=911019136&perks=2866798147,2848615171,555281244,1546637391
dimwishlist:item=911019136&perks=201365942,4082225868,555281244,1546637391
dimwishlist:item=911019136&perks=2866798147,4082225868,555281244,1546637391
dimwishlist:item=911019136&perks=2848615171,4082225868,555281244,1546637391
dimwishlist:item=911019136&perks=201365942,2866798147,4082225868
dimwishlist:item=911019136&perks=201365942,2866798147,555281244
dimwishlist:item=911019136&perks=201365942,2866798147,1546637391
dimwishlist:item=911019136&perks=201365942,2848615171,4082225868
dimwishlist:item=911019136&perks=201365942,2848615171,555281244
dimwishlist:item=911019136&perks=201365942,2848615171,1546637391
dimwishlist:item=911019136&perks=2866798147,2848615171,4082225868
dimwishlist:item=911019136&perks=2866798147,2848615171,555281244
dimwishlist:item=911019136&perks=2866798147,2848615171,1546637391
dimwishlist:item=911019136&perks=201365942,4082225868,555281244
dimwishlist:item=911019136&perks=201365942,4082225868,1546637391
dimwishlist:item=911019136&perks=201365942,555281244,1546637391
dimwishlist:item=911019136&perks=2866798147,4082225868,555281244
dimwishlist:item=911019136&perks=2866798147,4082225868,1546637391
dimwishlist:item=911019136&perks=2866798147,555281244,1546637391
dimwishlist:item=911019136&perks=2848615171,4082225868,555281244
dimwishlist:item=911019136&perks=2848615171,4082225868,1546637391
dimwishlist:item=911019136&perks=2848615171,555281244,1546637391
dimwishlist:item=911019136&perks=201365942,4082225868
dimwishlist:item=911019136&perks=201365942,555281244
dimwishlist:item=911019136&perks=201365942,1546637391
dimwishlist:item=911019136&perks=2866798147,4082225868
dimwishlist:item=911019136&perks=2866798147,555281244
dimwishlist:item=911019136&perks=2866798147,1546637391
dimwishlist:item=911019136&perks=2848615171,4082225868
dimwishlist:item=911019136&perks=2848615171,555281244
dimwishlist:item=911019136&perks=2848615171,1546637391

// itemHash=3465233192 (alternate item version)
// perks: Archer's Tempo=201365942; No Distractions=2866798147; Dragonfly=2848615171; Swashbuckler=4082225868; Precision Instrument=555281244; Vorpal Weapon=1546637391
//notes: CrucibleGuidebook tags:pvp
dimwishlist:item=3465233192&perks=201365942,2866798147,2848615171,4082225868,555281244,1546637391
dimwishlist:item=3465233192&perks=201365942,2866798147,2848615171,4082225868,555281244
dimwishlist:item=3465233192&perks=201365942,2866798147,2848615171,4082225868,1546637391
dimwishlist:item=3465233192&perks=201365942,2866798147,2848615171,555281244,1546637391
dimwishlist:item=3465233192&perks=201365942,2866798147,4082225868,555281244,1546637391
dimwishlist:item=3465233192&perks=201365942,2848615171,4082225868,555281244,1546637391
dimwishlist:item=3465233192&perks=2866798147,2848615171,4082225868,555281244,1546637391
dimwishlist:item=3465233192&perks=201365942,2866798147,2848615171,4082225868
dimwishlist:item=3465233192&perks=201365942,2866798147,2848615171,555281244
dimwishlist:item=3465233192&perks=201365942,2866798147,2848615171,1546637391
dimwishlist:item=3465233192&perks=201365942,2866798147,4082225868,555281244
dimwishlist:item=3465233192&perks=201365942,2866798147,4082225868,1546637391
dimwishlist:item=3465233192&perks=201365942,2866798147,555281244,1546637391
dimwishlist:item=3465233192&perks=201365942,2848615171,4082225868,555281244
dimwishlist:item=3465233192&perks=201365942,2848615171,4082225868,1546637391
dimwishlist:item=3465233192&perks=201365942,2848615171,555281244,1546637391
dimwishlist:item=3465233192&perks=201365942,4082225868,555281244,1546637391
dimwishlist:item=3465233192&perks=2866798147,2848615171,4082225868,555281244
dimwishlist:item=3465233192&perks=2866798147,2848615171,4082225868,1546637391
dimwishlist:item=3465233192&perks=2866798147,2848615171,555281244,1546637391
dimwishlist:item=3465233192&perks=2866798147,4082225868,555281244,1546637391
dimwishlist:item=3465233192&perks=201365942,2866798147,2848615171
dimwishlist:item=3465233192&perks=201365942,2866798147,4082225868
dimwishlist:item=3465233192&perks=201365942,2866798147,555281244
dimwishlist:item=3465233192&perks=201365942,2866798147,1546637391
dimwishlist:item=3465233192&perks=201365942,2848615171,4082225868
dimwishlist:item=3465233192&perks=201365942,2848615171,555281244
dimwishlist:item=3465233192&perks=201365942,2848615171,1546637391
dimwishlist:item=3465233192&perks=201365942,4082225868,555281244
dimwishlist:item=3465233192&perks=201365942,4082225868,1546637391
dimwishlist:item=3465233192&perks=201365942,555281244,1546637391
dimwishlist:item=3465233192&perks=2866798147,2848615171,4082225868
dimwishlist:item=3465233192&perks=2866798147,2848615171,555281244
dimwishlist:item=3465233192&perks=2866798147,2848615171,1546637391
dimwishlist:item=3465233192&perks=2866798147,4082225868,555281244
dimwishlist:item=3465233192&perks=2866798147,4082225868,1546637391
dimwishlist:item=3465233192&perks=2866798147,555281244,1546637391
dimwishlist:item=3465233192&perks=201365942,2848615171
dimwishlist:item=3465233192&perks=201365942,4082225868
dimwishlist:item=3465233192&perks=201365942,555281244
dimwishlist:item=3465233192&perks=201365942,1546637391
dimwishlist:item=3465233192&perks=2866798147,2848615171
dimwishlist:item=3465233192&perks=2866798147,4082225868
dimwishlist:item=3465233192&perks=2866798147,555281244
dimwishlist:item=3465233192&perks=2866798147,1546637391

// itemHash=888872889 (alternate item version)
// perks: Archer's Tempo=201365942; No Distractions=2866798147; Dragonfly=2848615171; Swashbuckler=4082225868; Precision Instrument=555281244; Vorpal Weapon=1546637391
//notes: CrucibleGuidebook tags:pvp
dimwishlist:item=888872889&perks=201365942,2866798147,2848615171,4082225868,555281244,1546637391
dimwishlist:item=888872889&perks=201365942,2866798147,2848615171,4082225868,555281244
dimwishlist:item=888872889&perks=201365942,2866798147,2848615171,4082225868,1546637391
dimwishlist:item=888872889&perks=201365942,2866798147,2848615171,555281244,1546637391
dimwishlist:item=888872889&perks=201365942,2866798147,4082225868,555281244,1546637391
dimwishlist:item=888872889&perks=201365942,2848615171,4082225868,555281244,1546637391
dimwishlist:item=888872889&perks=2866798147,2848615171,4082225868,555281244,1546637391
dimwishlist:item=888872889&perks=201365942,2866798147,2848615171,4082225868
dimwishlist:item=888872889&perks=201365942,2866798147,2848615171,555281244
dimwishlist:item=888872889&perks=201365942,2866798147,2848615171,1546637391
dimwishlist:item=888872889&perks=201365942,2866798147,4082225868,555281244
dimwishlist:item=888872889&perks=201365942,2866798147,4082225868,1546637391
dimwishlist:item=888872889&perks=201365942,2866798147,555281244,1546637391
dimwishlist:item=888872889&perks=201365942,2848615171,4082225868,555281244
dimwishlist:item=888872889&perks=201365942,2848615171,4082225868,1546637391
dimwishlist:item=888872889&perks=201365942,2848615171,555281244,1546637391
dimwishlist:item=888872889&perks=201365942,4082225868,555281244,1546637391
dimwishlist:item=888872889&perks=2866798147,2848615171,4082225868,555281244
dimwishlist:item=888872889&perks=2866798147,2848615171,4082225868,1546637391
dimwishlist:item=888872889&perks=2866798147,2848615171,555281244,1546637391
dimwishlist:item=888872889&perks=2866798147,4082225868,555281244,1546637391
dimwishlist:item=888872889&perks=201365942,2866798147,2848615171
dimwishlist:item=888872889&perks=201365942,2866798147,4082225868
dimwishlist:item=888872889&perks=201365942,2866798147,555281244
dimwishlist:item=888872889&perks=201365942,2866798147,1546637391
dimwishlist:item=888872889&perks=201365942,2848615171,4082225868
dimwishlist:item=888872889&perks=201365942,2848615171,555281244
dimwishlist:item=888872889&perks=201365942,2848615171,1546637391
dimwishlist:item=888872889&perks=201365942,4082225868,555281244
dimwishlist:item=888872889&perks=201365942,4082225868,1546637391
dimwishlist:item=888872889&perks=201365942,555281244,1546637391
dimwishlist:item=888872889&perks=2866798147,2848615171,4082225868
dimwishlist:item=888872889&perks=2866798147,2848615171,555281244
dimwishlist:item=888872889&perks=2866798147,2848615171,1546637391
dimwishlist:item=888872889&perks=2866798147,4082225868,555281244
dimwishlist:item=888872889&perks=2866798147,4082225868,1546637391
dimwishlist:item=888872889&perks=2866798147,555281244,1546637391
dimwishlist:item=888872889&perks=201365942,2848615171
dimwishlist:item=888872889&perks=201365942,4082225868
dimwishlist:item=888872889&perks=201365942,555281244
dimwishlist:item=888872889&perks=201365942,1546637391
dimwishlist:item=888872889&perks=2866798147,2848615171
dimwishlist:item=888872889&perks=2866798147,4082225868
dimwishlist:item=888872889&perks=2866798147,555281244
dimwishlist:item=888872889&perks=2866798147,1546637391

// #46 MIDA Multi-Tool
// itemHash=1331482397 (exotic, fixed roll)
//notes: CrucibleGuidebook tags:pvp
dimwishlist:item=1331482397&perks=377257911

// #47 Cloudstrike
// itemHash=2603483885 (exotic, fixed roll)
//notes: CrucibleGuidebook tags:pvp
dimwishlist:item=2603483885&perks=2909403175

// #48 Red Death Reformed
// itemHash=427899681 (exotic, fixed roll)
//notes: CrucibleGuidebook tags:pvp
dimwishlist:item=427899681&perks=3632437946

// END GENERATED CRUCIBLEGUIDEBOOK PVP
