"WEAPON","","INFO","","","","PREFERENCE","","","PERKS","","","ROLE / NOTES","ANALYSIS","","SOURCE",""
"Icon","Name","Type","Slot","Affinity","Frame","Barrel","Magazine","MW","Column 1","Column 2","Origin Trait","Role / Notes","Rank","Tier","Where to get","Craftable"
"","Abyss Defiant","Auto Rifle","Energy","Solar","High-Impact","Arrowhead
Chambered 
Corkscrew","Ricochet Rounds
High-Caliber Rounds
Armor Piercing Rounds","Stability
Range","Zen Moment
Heal Clip","Kill Clip
Swashbuckler
Binary Orbit","Cursed Thrall","Best-in-Class 400 RPM auto.
Strong perks in both columns, somewhat useful Origin provides free AoE following melee kills.
16 zoom for ease of use.
TTK shift via Kill Clip, Binary Orbit, Swash x3, or Sword Logic x2 + 128 Weapons: 0.75 -> 0.60","","S","Crota's End Raid","Yes"
"","Adamantite (Pit of Heresy Dungeon Variant)","Auto Rifle","Kinetic","Strand","Support Frame (Healing)","Hammer-forged
Smallbore
Corkscrew","Accurized
Tactical Mag","Range
Stability","Physic
Reciprocity","Kill Clip
Aggregate Charge","Heretical Behavior
Willing Vessel","Support Frame (Healing) Auto
Provides Unraveling Rounds via Physic.
TtK shift via Aggregate Charge x1 = 0.80->0.70
Weaker support options as Strand.","","C","Pit of Heresy Dungeon","No"
"","Age-Old Bond","Auto Rifle","Energy","Void","High-Impact","Arrowhead
Corkscrew
Smallbore","Accurized Rounds","Stability
Range","Tap the Trigger
Dynamic Sway Reduction","Kill Clip
Golden Tricorn
Rampage","Explosive Pact","Best-in-Class 400 RPM auto.
Strong perks in both columns, Origin provides free stats after activating grenade/grenade kills.
16 zoom for ease of use.
TTK shift via Kill Clip, Harmony, Rampage x2, Focused Fury, Adrenaline Junkie x3, or Golden Tricorn x1 + 128 Weapons: 0.75 -> 0.60
","","S","Last Wish Raid","Yes"
"","Ahab Char","Auto Rifle","Energy","Solar","Rapid-Fire","Arrowhead
Hammer-forged
Smallbore","Ricochet Rounds
High-Caliber Rounds
Armor Piercing Rounds","Range
Stability","Perpetual Motion
Heal Clip
Transcendant Moment","Kill Clip
Swashbuckler
Adagio","Bray Legacy","Good frame, weak column 1 perks.
Bad recoil direction & bounce intensity demands arrowhead.
Origin provides passive ability energy.","","B","Tenet of Bravery","No"
"","Arc Logic","Auto Rifle","Energy","Arc","Adaptive","Hammer-Forged
Smallbore
Fullbore
Corkscrew","Accurized Rounds","Range
Stability","Keep Away","Gear Shift
Sword Logic
Master of Arms
Elemental Honing
Swashbuckler","Loss","Best-in-Class 600 RPM auto.
Neutral TtK shift via Elemental Honing or Gear Shift.
Gear Shift x1, Ele Hone x2 Sword Logic x2, Master of Arms x1, or 0.80->0.70
Gear Shift x3, MoA x2, Ele Hone x4, Swash x4: =>0.60
INSANE Origin trait that provides AA, Stability and Handling passively.","","S","Moon Destination","No"
"","Arctic Haze","Auto Rifle","Energy","Solar","Rapid-Fire","Hammer-forged
Smallbore
Arrowhead","Accurized Rounds","Range
Stability","Dynamic Sway Reduction
Elemental Capacitor
Incandescent","Kill Clip
Swashbuckler
Rampage","Winterized Gear","Good frame, good perks, good origin.
Origin provides free Stability, Handling, and Reload speed passively.
Kill Chaining
Splash & heal delay","","A","Europa Destination","No"
"","Auric Disabler","Auto Rifle","Kinetic","Strand","Precision","Arrowhead
Smallbore
Hammer-forged","Ricochet Rounds
High-Caliber Rounds
Armor Piercing Rounds","Range
Stability","Slice
Zen Moment
Dynamic Sway Reduction","Sword Logic
Kill Clip
Tap the Trigger","Omolon Fluid Dynamics
Fleet Footed
Roar of Battle","Great perks, mid frame, great origins.
Lacks neutral TtK shifts necessary to make Precision autos good. Target Lock isn't enough on its own.
Fleet Footed makes this a pseudo-lightweight, but Omolon is better for ease of use.
Slice.","","B","Trials of Osiris / Saint-14 Vendor","No"
"","Breakneck","Auto Rifle","Kinetic","Kinetic","Precision","Arrowhead
Hammer-forged
Smallbore","Ricochet Rounds
High-Caliber Rounds
Armor Piercing Rounds","Range
Stability","Keep Away
Eye of the Storm
Dynamic Sway Reduction","Tap the Trigger
Moving Target
Onslaught","Gun and Run","Weak frame, good perks. Mostly focus on consistency.","","C","Gambit / Drifter Vendor","No"
"","Chroma Rush (Monument of Triumph Variant)","Auto Rifle","Kinetic","Kinetic","Rapid-Fire","Hammer-forged
Smallbore
Fullbore","Accurized Rounds","Range
Stability","Dynamic Sway Reduction
Killing Wind
Stopping Power","Kill Clip
Kinetic Tremors
All Star","Splicer Surge","TTK shift via Kill Clip or Rampage x3: 0.75 -> 0.58
Rampage x2 or All-Star: => 0.67
Stopping Power & Kinetic Tremors for consistency.","","S","World Drops / Gunsmith Vendor / Hawthorne Engrams","No"
"","Chrysura Melo (Shattered Throne Dungeon Variant)","Auto Rifle","Energy","Arc","Support Frame (Healing)","Hammer-forged
Smallbore
Corkscrew","Accurized
Tactical Mag","Range
Stability","Physic
Impulse Amplifier","Attrition Orbs
Supercharged Magazine","Ignoble Deeds","Support Frame (Healing) Auto
Provides Amplified via Physic.
Enables neutral Gear Shift activation for teammates.
Attrition Orbs for team play. 
SCMag for steady healing stream.","","S","Shattered Throne Dungeon","No"
"","Come To Pass
","Auto Rifle","Energy","Arc","Support","Arrowhead
Smallbore
Hammer-forged","Accurized Rounds","Range
Stability","Perpetual Motion
Genesis","Golden Tricorn","Psychohack","Good frame, but lacks strong perks.","","C","Throneworld Destination","Yes"
"","Cusp Sempiternal","Auto Rifle","Energy","Void","Support Frame (Healing)","Hammer-forged
Smallbore
Corkscrew","Accurized
Tactical Mag","Range
Stability","Reciprocity
Impulse Amplifier","Elemental Honing
Withering Gaze
Circle of Life","Frame of Reference","Support Frame (Healing) Auto
Provides Overshield.
TtK shift at Ele Honing x2 = 0.80->0.70
Withering Gaze for team play.
Strong origin trait.
Provides extra damage, range, and reload speed. Buff pauses on stow, and timer only progresses while weapon is readied, allowing the buff to be ""backpacked"". 
Dmg buff: x1 = 1.45% / x2 = 2.8%  / x3 = 4.2% / x4 = 5.6% / x5 7%","","A","Desert Perpetual EPIC Raid","No"
"","Decatur 02","Auto Rifle","Kinetic","Stasis","Support Frame (Healing)","Hammer-forged
Smallbore
Corkscrew","Accurized
Tactical Mag","Range
Stability","Physic
Attrition Orbs","Reciprocity
Circle of Life
","Carrion Munitions","Support Frame (Healing) Auto
Provides Frost Armor via Physic. Up to x5 stacks (x7 w/ Whisper of Rime)
Physic/Attrition + Reciprocity for team play.","","S","Distortions Events","No"
"","Duty Bound","Auto Rifle","Kinetic","Kinetic","Adaptive","Hammer-forged
Smallbore
Arrowhead","Accurized Rounds","Range
Stability","Zen Moment
Lone Wolf
Stopping Power","Rampage
Onslaught
All-Star","Vanguard Determination","Mid frame, mid Column 2 perks.
Kill Chaining","","C","Vanguard Ops / Tenet of Bravery","No"
"","Everburning Glitz","Auto Rifle","Kinetic","Kinetic","Rapid-Fire","Hammer-Forged
Fullbore
Smallbore","Ricochet Rounds
High-Caliber Rounds
Armor Piercing Rounds","Range","Dynamic Sway Reduction
Lone Wolf
Transcendant Moment","Kinetic Tremors
Elemental Honing
Tap the Trigger","Fleet Footed","Kinetic Tremors guarantees ease of use for 0.75 TtK.
Ele Honing TtK Shift @ x2 = 0.75->0.67
@ x3 = 0.58","","S","Trials of Osiris / Saint-14 Vendor","No"
"","Giver's Blessing","Auto Rifle","Kinetic","Kinetic","Rapid-Fire","Hammer-Forged
Smallbore
Fullbore
","Accurized Rounds","Range
Stability","Moving Target
Transcendant Moment
Impromptu Ammunition","Kinetic Tremors
Multikill Clip
Zen Moment","Exhaustive Research","Kinetic Tremors guarantees ease of use for 0.75 TtK.
Lackluster origin.
Basically just a weaker, easier to obtain Everburning Glitz.","","B","Kepler Destination","No"
"","Gnawing Hunger","Auto Rifle","Energy","Void","Adaptive","Hammer-Forged
Smallbore
Fullbore","Accurized Rounds","Range
Stability","Withering Gaze
Tap the Trigger","Master of Arms
Multi-Kill Clip
Rampage","Gun and Run","Best-in-Class for Adaptive frame 600 RPM autos.
Withering Gaze allows neutral TtK shift.
Wither Gaze, MoA x1, Rampage x1, Multikill Clip x1, or Swash x1: => 0.70
MoA x2, Multikill Clip x2, Rampage x3, or Swash x3: => 0.60
Multikill Clip x3: => 0.50
Pairing Withering w/ MoA can make for easy kill chain starts.","","S","Gambit / Drifter Vendor","No"
"","Herod-C ","Auto Rifle","Kinetic","Stasis","High-Impact","Smallbore
Hammerforged
Arrowhead","Ricochet Rounds
High-Caliber Rounds
Armor Piercing Rounds","Stability
Range","Dynamic Sway Reduction
Perpetual Motion","Vorpal Weapon
Multikill Clip
Tap the Trigger","Häkke Breach Armaments","19 zoom, higher than S tier options of the same archetype.
Modern Vorpal Weapon option in Kinetic slot. 
TTK shift via Multikill Clip x1: 0.75->0.60
Multikill Clip x3: => 0.45","","A","Gambit / Drifter Vendor","No"
"","Horror Story","Auto Rifle","Kinetic","Stasis","Precision","Smallbore
Hammer-forged
Arrowhead","Accurized Rounds","Range
Stability","Under-Over
Elemental Capacitor
Dynamic Sway Reduction","Vorpal Weapon
Cascade Point
Headstone","Nadir Focus
Search Party","Anti-Super, Under Over + Vorpal Weapon.","","C","Tenet of Bravery","No"
"","Lethal Abundance","Auto Rifle","Kinetic","Strand","High-Impact","Arrowhead
Chambered
Hammerforged","Accurized Rounds
Steady Rounds","Stability
Range","Slice
Zen Moment
Keep Away","Desperate Measures
Onslaught
Rampage","Skulking Wolf","One of two Strand Skulking Wolf autos.
Desperate Measures & Rampage do not shift TtK at x1
@ x2 Rmpg / DM ttk shift 0.75->0.60","","B","Iron Banner / Saladin Vendor","No"
"","Lodbrok-C","Auto Rifle","Kinetic","Kinetic","High-Impact","Chambered
Smallbore
Hammerforged","Ricochet Rounds
High-Caliber Rounds
Armor Piercing Rounds","Range
Stability","Dynamic Sway Reduction
Fragile Focus
Perpetual Motion","Kill Clip
Cascade Point
Tap the Trigger","Häkke Breach Armaments","Good frame, good perks.
Non-tiered. Not enhanceable.
Only currently obtainable 400 RPM auto w/ Kill Clip in Kinetic Slot.
TTK shift via Kill Clip: 0.75 -> 0.60
Cascade Point: => 0.45
Solid workhorse option.","","S","Gunsmith Legacy Focusing","No"
"","No Hesitation","Auto Rifle","Energy","Solar","Support Frame (Healing)","Hammer-forged
Smallbore
Corkscrew","Accurized
Tactical Mag","Range
Stability","Physic","Disruption Break
Attrition Orbs
Elemental Honing","Dealer's Choice","Support Frame (Healing) Auto
Best-in-Class.
Provides Restoration via Physic to user & teammate.
Disruption Break & Attrition Orbs for team play.
TtK shift at Ele Honing x2 = 0.80->0.70
Bonus super gains via Origin paired w/ other Pale Heart weapons.","","S","Pale Heart Destination","Yes"
"","Origin Story
","Auto Rifle","Kinetic","Kinetic","Precision","Smallbore
Hammer-forged
Arrowhead","Ricochet Rounds
High-Caliber Rounds
Armor Piercing","Range
Stability","Keep Away
Zen Moment
Dynamic Sway Reduction","Swashbuckler
Onslaught
Eye of the Storm","Nadir Focus
Vanguard Determination","Mid frame, lacking strong perks in Column 2.","","D","Vanguard Ops / Zavala Vendor","No"
"","Pluperfect","Auto Rifle","Kinetic","Kinetic","High-Impact","Chambered
Smallbore
Hammerforged","Ricochet Rounds
High-Caliber Rounds
Armor Piercing Rounds","Stability
Range","Rangefinder
Dynamic Sway Reduction
Stopping Power","Rampage
All Star
Adhesive Ordnance","Fail-deadly","Good frame, but lacking strong Column 2 perks.
TTK shift via Rampage x2, Adren Junkie x3, Aggregate Charge x2, or Adhesive Ordnance: 0.75 -> 0.60
Consistency perks in Column 1 paired w/ Origin make for a very consistent shooting weapon.","","C","Nessus Destination","No"
"","Positive Outlook","Auto Rifle","Energy","Void","Precision","Arrowhead
Hammer-forged
Smallbore","Ricochet Rounds
High-Caliber Rounds
Armor Piercing Rounds","Range
Stability","Withering Gaze
Zen Moment
Dynamic Sway Reduction","Mega Kill Clip
Golden Tricorn
Tap the Trigger","Omolon Fluid Dynamics
Accelerated Assault
Vanguard Determination","Best-in-Class Precision Auto Rifle
Only Mega Kill Clip AR, and one of only 2 primary weapons with it.
Mega Kill Clip provides an INSANE 40% damage buff for a duration based on the number of kills prior to reload. This buff can be refreshed and extended UP TO 20 seconds by spam fire/reloading rapidly after a SINGLE kill.
Weaken/Slow via Withering Gaze.
Omolon Fluid Dynamics origin & Withering Gaze pairs exceptionally well w/ Mega Kill Clip, allowing easier first kill & further amplifying damage, and increased stability & reload speed in top half of the magazine.
Kill chaining.
","","S","Vanguard / Zavala Vendor","No"
"","Prosecutor (Monument of Triumph Variant)","Auto Rifle","Energy","Arc","Precision","Arrowhead
Hammer-forged
Smallbore","Ricochet Rounds
High-Caliber Rounds
Armor Piercing Rounds","Range
Stability","Keep Away
Light Touch
Dragonfly","Gear Shift
Sword Logic
Onslaught","Crossing Over","Best-in-Class Precision Auto Rifle
Gear Shift for neutral TtK shift from 0.80->0.67 @ x1.
Origin provides bonus Range & Handling above 50% mag, and 2%->4% bonus damage below 50% mag, scaling linearly.
Kill Chaining.","","S","Prophecy Dungeon","No"
"","Reckless Oracle","Auto Rifle","Energy","Void","Rapid-Fire","Hammerforged
Fullbore
Smallbore","Ricochet Rounds
High-Caliber Rounds
Armor Piercing Rounds","Range
Stability","Destabilizing Rounds
Keep Away
Tap The Trigger","Kill Clip
Paracausal Affinity
Swashbuckler","Photoinhibition","Anti-over shield
Double damage perks via Kill-activated-TtK shift perks","","A","Garden of Salvation Raid / Pantheon Raid Encounters","Yes"
"","Reghusk's Pledge","Auto Rifle","Energy","Void","Rapid-Fire","Hammer-forged
Smallbore
Fullbore","Accurized Rounds","Range
Stability","Dynamic Sway Reduction
Destablizing Rounds","Kill Clip
Golden Tricorn
Repulsor Brace","Skulking Wolf","Skulking Wolf
Double damage perks via Kill-activated-TtK shift perks","","A","Iron Banner / Saladin Vendor","No"
"","Rufus's Fury","Auto Rifle","Kinetic","Strand","Rapid-Fire","Hammer-forged
Smallbore
Arrowhead","Ricochet Rounds","Range
Stability","Slice
Keep Away
Moving Target","Aggregate Charge
Paracausal Affinity
Chaos Reshaped","Harmonic Resonance","Slice
Neutral TtK shift via Aggregate w/ Slice
Origin provides Handling & Reload speed when paired w/ other Harmonic Resonance weapons.","","S","Root of Nightmares Raid","Yes"
"","Seventh Seraph Carbine ","Auto Rifle","Kinetic","Kinetic","Precision","Arrowhead
Smallbore
Hammer-forged","Accurized Rounds
Seraph Rounds","Range
Stability","Dynamic Sway Reduction
Stopping Power","Target Lock
Onslaught
All-Star","Eyes Up","Possible combo of Stopping Power+Target Lock for TtK shift from neutral.
Needs more testing.","","C","Cosmodrome Destination","No"
"","Snipehunt Mk.47","Auto Rifle","Energy","Arc","Lightweight","Hammer-forged
Smallbore
Arrowhead","Ricochet Rounds
High-Caliber Rounds
Armor Piercing Rounds","Range
Stability","Jolting Feedback
Killing Wind
Offhand Strike","Gearshift
Chaos Reshaped
Hipfire Grip","Featherweight
Tex Balanced Stock","Lightweight/Movement
Gearshift ttk shifts from neutral. 
x1 = 0.75->0.67, x3 => 0.58 
Jolting Feedback can provide body shot consistency, especially paired w/ Gearshift & amplified sources.
Hipfire paired w/ RDM exotics","","S","Sparrow Racing","No"
"","Steelfeather Repeater","Auto Rifle","Kinetic","Kinetic","Rapid-Fire","Hammer-forged
Smallbore
Arrowhead","Ricochet Rounds
High-Caliber Rounds
Armor Piercing Rounds","Range
Stability","Slideways","Vorpal Weapon
All Star
Multi Kill Clip","Cast No Shadows","Modern Vorpal Weapon in Kinetic Slot. 
Lacks meaningful perks for general use and has a low base stat package.","","B","World Drops / Gunsmith Vendor / Hawthorne Engrams","No"
"","The Forward Path","Auto Rifle","Kinetic","Strand","Adaptive","Arrowhead
Smallbore
Hammer-forged","Accurized Rounds","Range
Stability","Slice
Zen Moment
Dynamic Sway Reduction","Multi Kill Clip
Tap the Trigger
Swashbuckler","Skulking Wolf","Slice
Kill Chaining
Melee build","","A","Iron Banner / Saladin Vendor","No"
"","The Ringing Nail","Auto Rifle","Energy","Solar","Precision","Smallbore
Hammer-forged
Fullbore","Ricochet Rounds
High-Caliber Rounds
Armor Piercing Rounds","Range
Stability","Zen Moment
Keep Away
Incandescent","Sword Logic
Disruption Break
Firefly","Forge's Kin","Teamshot gunplay.
Sword Logic for Kill Chains.","","A","Arena Ops / Zavala Vendor","No"
"","The Riposte","Auto Rifle","Energy","Void","Lightweight","Arrowhead
Hammer-forged
Smallbore","Ricochet Rounds
High-Caliber Rounds
Armor Piercing Rounds","Range
Stability","Tap the Trigger
Zen Moment","Kill Clip
Desperate Measures
Dynamic Sway Reduction","None (Has access to Stocks instead)","Lightweight/Movement
Kill Clip, Binary Orbit & DM x2 ttk shift: 0.75-> 0.58
DM x1 => 0.67 
More general use option compared to Snipehunt.","","A","Comp / Shaxx Vendor","No"
"","The Summoner (Monument of Triumph Variant)","Auto Rifle","Energy","Solar","Adaptive","Hammer-forged
Smallbore
Fullbore","Ricochet Rounds
High-Caliber Rounds
Armor Piercing Rounds","Range
Stability","Zen Moment
Lone Wolf
Dynamic Sway Reduction","Kill Clip
Desperate Measures
Target Lock","Wild Card
Fleet Footed
Roar of Battle","Kill Chaining.
Target Lock neutral TtK shift w/ 152 weapons","","A","Trials of Osiris / Saint-14 Vendor","No"
"","Tigerspite","Auto Rifle","Kinetic","Kinetic","Precision","Arrowhead
Smallbore
Hammer-forged","Ricochet Rounds
High-Caliber Rounds
Armor Piercing","Range
Stability","Moving Target
Stopping Power","Kill Clip
All Star
Onslaught","Advanced Reflexes","Mid frame, decent perks. Good origin.
Unfortunately lacks strong neutral ttk shift perks to compensate for the precision frame.","","S","Dreaming City Destination","No"
"","Trendsetter","Auto Rifle","Energy","Arc","Adaptive","Hammer-forged
Smallbore
Fullbore","Accurized Rounds","Range
Stability","Dynamic Sway Reduction
Light Touch","Gear Shift
Zen Moment
Tap the Trigger","Nail, Meet Hammer","Abysmally low AA stat of 6. (May be a bug?)
Neutral TtK shift via Gear Shift.
Gear Shift x1 or Rampage x1: 0.80 -> 0.70
Gear Shift x3 or Rampage x3: =>0.60","","A","World Drops / Gunsmith Vendor / Hawthorne Engrams","No"
"","Veiled Threat","Auto Rifle","Kinetic","Stasis","Rapid-Fire","Hammer-forged
Smallbore
Fullbore","Accurized Rounds","Range
Stability","Fragile Focus
Threat Detector
To The Pain","Moving Target
Headstone
Desperate Measures","Radiolara Transposer","Res Block w/ Headstone","","D","Encore Exotic Mission 
Classic Collections Modifier: ON","Yes"
"","VS Pyroelectric Propellant","Auto Rifle","Energy","Void","Adaptive","Hammer-forged
Smallbore
Fullbore","Ricochet Rounds
High-Caliber Rounds
Armor Piercing","Range
Stability","Zen Moment
Killing Wind","Gear Shift
Kill Clip
Tap the Trigger","Bray Legacy","Best-in-Class 600 RPM Auto Rifle.
Neutral TtK shift via Elemental Honing or Gear Shift.
Gear Shift x1: 0.80 -> 0.70
Gear Shift x3 or Kill Clip: =>0.60
Origin is good for chaining amplified sources. Higher base stats than Arc Logic, but worse Origin for general use.","","S","Vesper's Host Dungeon","No"
"","Sorrow's Verse","Auto Rifle","Energy","Arc","Adaptive","Hammer-Forged
Smallbore
Fullbore
Corkscrew","Accurized","Range
Stability","Zen Moment
Tap The Trigger
Dynamic Sway Reduction","Kill Clip
Target Lock
Rampage","Accelerated Assault
Roar of Battle
Suros Synergy","Good all around choice of perks, but nothing exceptional.","","B","Crucible / Shaxx Vendor","No"
"","False Promises","Auto Rifle","Kinetic","Stasis","High-Impact","Arrowhead
Chambered 
Corkscrew","Ricochet
High-Caliber
Armor Piercing","Range
Stability","Dynamic Sway Reduction","Zen Moment
Cascade Point
Swashbuckler
Headstone","Paracausal Fluid","Good frame, mid perks.
TTK shift via Swash x3: 0.75 -> 0.60
Cascade Point: => 0.45
Headstone res block.","","C","Xur","No"
"","Fair Judgment","Auto Rifle","Kinetic","Stasis","Precision","Hammer-Forged
Smallbore
Fullbore
Corkscrew","Ricochet
High-Caliber
Armor Piercing","Range
Stability","Keep Away
Dynamic Sway Reduction
Perpetual Motion","Kill Clip
Headstone
Tap The Trigger
Rangefinder","Vanguard Determination","Mid frame, decent perks.
Headstone res block.
Lacks neutral TtK shift perks that Precision frames autos sorely need.","","C","Vanguard Solo Ops / Zavala Vendor","No"
"","Scathelocke","Auto Rifle","Kinetic","Kinetic","Adaptive","Hammer-Forged
Smallbore
Fullbore
Corkscrew","Accurized","Range
Stability","Keep Away
Heating Up","Kill Clip
All-Star
Rangefinder","Field-Tested
Veteran's Wisdom","Good frame, decent perks.
Good origin traits.
Recommend Keep Away + Kill Clip w/ either origin.
Possible to hit 100 range w/ perks such as Keep Away.
Vet's Wisdom provides AoE exhaust.","","A","EDZ Destination","No"
"","Zealous Ideal","Auto Rifle","Energy","Solar","Balanced Heat (450 RPM)","Hammer-Forged
Smallbore
Fullbore
Corkscrew","Overclocked
Projection Fuse","Range
Stability","Delicate Tuning
Zen Moment
Dynamic Sway Reduction","Onslaught
Tap The Trigger","Imperial Allegiance","Functionally 450 RPM Precision frame.
Lacks neutral TtK shift perks Precision frame autos sorely need.
Onslaught is exceptional on this weapon due to heat weapon functionality.","","C","Equilibrium Dungeon","No"
"","Intercalary","Auto Rifle","Kinetic","Stasis","Adaptive","Hammer-Forged
Smallbore
Fullbore
Corkscrew","Ricochet
High-Caliber
Armor Piercing","Range
Stability","Headstone
Built To Blast","Master of Arms
Desperate Measures
Onslaught","Frame of Reference","Good frame, weak column 1 perks.
Strong origin trait.
Provides extra damage, range, and reload speed. Buff pauses on stow, and timer only progresses while weapon is readied, allowing the buff to be ""backpacked"". 
Dmg buff: x1 = 1.45% / x2 = 2.8%  / x3 = 4.2% / x4 = 5.6% / x5 = 7%
Headstone res block.","","A","Desert Perpetual Raid","No"
"","Shadow Price","Auto Rifle","Energy","Arc","Precision","Hammer-Forged
Smallbore
Fullbore
Corkscrew","Accurized","Range
Stability","Surplus","Surrounded","Vanguard Determination
Problem Solver","Mid frame, bad perks.
Almost all of the perks on this gun are useless in PvP.
Surrounded has a small use case, but is not great on autos.","","F","Vanguard / Zavala Vendor","No"
"","Ammit AR2","Auto Rifle","Energy","Solar","Precision","Hammer-Forged
Smallbore
Fullbore
Corkscrew","Ricochet
High-Caliber
Armor Piercing","Range
Stability","Dynamic Sway Reduction
Well-Rounded","Tap The Trigger
Adrenaline Junkie
Incandescent","Omolon Fluid Dynamics","Mid frame, mid perks.
Good for a consistent performing auto but not really anything else.","","D","Gunsmith Legacy Focusing","Yes"
"","Firefright","Auto Rifle","Kinetic","Kinetic","Precision","Hammer-Forged
Smallbore
Fullbore
Corkscrew","Ricochet
High-Caliber
Armor Piercing","Range
Stability","Fragile Focus
Well-Rounded
Hipfire Grip","Surrounded
Focused Fury
Elemental Capacitor","Extrovert","Mid frame, mid perks.
Mid origin for this weapon type.","","D","Presage
Legacy Loot
Modifier Classic Collections: ON","Yes"
"","Perpetualis","Auto Rifle","Kinetic","Strand","Adaptive","Hammer-Forged
Smallbore
Fullbore
Corkscrew","Accurized","Range
Stability","Keep Away
Zen Moment
Elemental Capacitor","Golden Tricorn
Cascade Point
Target Lock","Noble Deeds","Good frame, decent perks.
Decent origin.
Lower base zoom for ease of use.","","B","//node.ovrd.AVALON//
Legacy Loot
Classic Collections Modifier: ON","Yes"
"","Khvostov 7G-02","Auto Rifle","Kinetic","Kinetic","Adaptive","Smallbore
Fullbore
Polygonal","Steady
Extended
Alloy Mag","Range
Stability","Demolitionist
Pugilist
Strategist","Multi-kill Clip
Attritiion Orbs","Dealer's Choice","Curated roll.
Weak perks. Weak mag.
Non-tiered weapon, cannot achieve enhanced Origin trait, so origin is weaker than crafted Pale Heart variants.
INSANE Origin provides extra Super gen, bonus further increased when paired w/ other Dealer's Choice weapons.
This is extremely pertinent as this is a PRIMARY weapon, which means free bonus super gen in the backpack when paired w/ a Dealer's Choice Special/Heavy.
Enhanced Dealer's Choice x1 = +0.3%(?), x2 = +1.6%(?), x3 = +3%(?)","","C","Pale Heart Destination / Khvostov Exotic Questline","No"
"","Dark Decider","Auto Rifle","Energy","Arc","Rapid-Fire","Hammer-Forged
Smallbore
Fullbore
Corkscrew","Ricochet
High-Caliber
Armor Piercing","Range
Stability","Dynamic Sway Reduction
Iron Grip
Hipfire Grip","Golden Tricorn
Rangefinder","Skulking Wolf
Veist Stinger","Good frame, decent perks.
Skulking Wolf auto rifle.
Non-tiered. Non-enhanceable.","","B","Iron Banner / Saladin Vendor","No"
"","Sweet Sorrow","Auto Rifle","Energy","Arc","Rapid-Fire","Hammer-Forged
Smallbore
Fullbore
Corkscrew","Accurized","Range
Stability","Killing Wind
Perpetual Motion","Tap the Trigger
Vorpal Weapon","Land Tank","Good frame, mid perks.
Vorpal vs. Supers.","","C","Vox Obscura
Legacy Loot
Classic Collections Modifier: ON","Yes"
"","Old Sterling","Auto Rifle","Kinetic","Strand","Adaptive","Hammer-Forged
Smallbore
Fullbore
Corkscrew","Accurized","Range
Stability","Slideways
Hipfire Grip
Discord","Harmony
Frenzy
Adagio","Field-Tested","Good frame, mid perks.
Middling or weak perks in both columns.
Non-tiered.","","D","Gunsmith Legacy Focusing","No"
"","Coronach-22","Auto Rifle","Energy","Solar","Adaptive","Hammer-Forged
Smallbore
Fullbore
Corkscrew","Ricochet
High-Caliber
Armor Piercing","Range
Stability","Zen Moment","Cascade Point
Target Lock
Under-Over","Suros Synergy","Good frame, mid perks.
Zen Moment is the only Column 1 perk worth having.
Cascade Point is good when paired w/ a 2nd primary such as a sidearm or SMG.
Under-over vs. Overshields.","","C","Gunsmith Legacy Focusing","No"
"","The Number","Auto Rifle","Energy","Arc","Precision","Hammer-Forged
Smallbore
Fullbore
Corkscrew","Ricochet
High-Caliber
Armor Piercing","Range
Stability","Killing Wind
Under Pressure
Field Prep","Multikill Clip","None","Mid frame, bad perks.
Field Prep for special ammo gen.
Multikill Clip is the only good Column 2 perk.
Power crept, no origin.","","D","Xur","No"
"","Braytech Werewolf (Festival of the Lost 2024 Variant)","Auto Rifle","Kinetic","Kinetic","Precision","Hammer-Forged
Smallbore
Fullbore
Corkscrew","Ricochet
High-Caliber
Armor Piercing","Range
Stability","Zen Moment
Lone Wolf
Dynamic Sway Reduction","Kill Clip
Desperate Measures
Onslaught
Swashbuckler
Tap the Trigger
Kinetic Tremors","Search Party","Mid frame, great perks.
3 strong perks in Column 1, and every Column 2 perk is good.
Good origin trait which can stack with Lone Wolf.
Lacks neutral TtK shift perk that Precision frame autos need to excel.","","B","Unobtainable (Previously Festival of the Lost activities)","No"
"","Braytech Werewolf (Collections Variant)","Auto Rifle","Kinetic","Kinetic","Precision","Hammer-forged","Armor Piercing","Range","Slideshot","Unrelenting","None","Curated roll.
Mid frame with lackluster perks.","","D","Only obtainable via Collections (Previously Festival of the Lost activities)","No"
"","Prosecutor (Rite of the Nine Variant)","Auto Rifle","Energy","Arc","Precision","Hammer-Forged
Smallbore
Fullbore
Corkscrew","Ricochet
High-Caliber
Armor Piercing","Range
Stability","Keep Away
Zen Moment
Dragonfly","Paracausal Affinity
Onslaught
Tap The Trigger
Target Lock","Crossing Over
Gravity Well","Mid frame, good perks.
Good origin trait that increase range and handling/or damage.
Lacks neutral TtK shift perks that Precision frames need to excel.","","B","Unobtainable (Previously Rite of the Nine Event)","No"
"","Adamantite (Episode: Heresy Variant)","Auto Rifle","Kinetic","Strand","Support Frame (Healing)","Hammer-forged
Smallbore
Corkscrew","Accurized
Tactical Mag","Range
Stability","Slice
Reciprocity","Elemental Honing
Kill Clip
Attrition Orbs
Frenzy","Willing Vessel
Runneth Over","Support Frame (Healing) Auto
Provides Unraveling Rounds via Support frame buff.
Weaker support options as Strand.
Weakest support auto.","","D","Xur","No"
"","Krait","Auto Rifle","Kinetic","Stasis","Rapid-Fire","Hammer-Forged
Smallbore
Fullbore
Corkscrew","Ricochet
High-Caliber
Armor Piercing","Range
Stability","Overflow","Headstone
Moving Target
Vorpal Weapon","Veist Stinger","Good frame, bad perks.
Non-tiered, non-enhanceable.
Headstone res block.
Vorpal vs. Supers.","","F","Gunsmith Legacy Focusing","No"
"","Ros Arago IV","Auto Rifle","Energy","Void","Adaptive","Hammer-Forged
Smallbore
Fullbore
Corkscrew","Accurized","Range
Stability","Dynamic Sway Reduction
Repulsor Brace","Golden Tricorn
Onslaught
Surrounded
Under-Over","Wild Card","Good frame, decent perks.
Void flavored Summoner.
Wild Card for res block/AoE.","","B","Gunsmith Legacy Focusing","No"
"","Eidolon Ally","Auto Rifle","Kinetic","Kinetic","Rapid-Fire","Arrowhead","Ricochet","Range
Stability","Rangefinder","Perpetual Motion","Cursed Thrall","Curated roll.
Weak Column 2 perk and very low base stats.","","F","Crota's End Raid / Necrochasm Exotic Weapon Quest","No"
"","The Summoner (Season of the Wish Variant)","Auto Rifle","Energy","Solar","Adaptive","Hammer-Forged
Smallbore
Fullbore
Corkscrew","Ricochet
High-Caliber
Armor Piercing","Range
Stability","Zen Moment
Dynamic Sway Reduction
Elemental Capacitor","Golden Tricorn
Kill Clip
Onslaught
Target Lock","Wild Card
Alacrity
One Quiet Moment
","Good frame, good perks.
Good origins.
Wild Card res blocks/AoE.
Golden Tricorn unique to this variant, and is very powerful with Solar Builds particularly.
Enhanceable, not tiered.","","A","Unobtainable (Previously Trials of Osiris / Possibly Xur now??)","No"
"","Chrysura Melo (Season of the Lost)","Auto Rifle","Energy","Solar","High-Impact","Arrowhead
Chambered 
Corkscrew","Accurized","Range
Stability","Dynamic Sway Reduction
Encore","Multikill Clip
Harmony
Frenzy","None","Good frame, mid perks.
Powercrept. No Origin.","","C","Xur / Dares of Eternity Loot Pool","No"
"","Husk of the Pit","Auto Rifle","Kinetic","Kinetic","Rapid-Fire","Arrowhead","None","None","None","None","None","""The Pit hungers...""
Turbo terrible super mega giga bad. 
Only use this for memes.","","F","Crota's End Raid / Necrochasm Exotic Weapon Quest","No"
"","Ghost Primus","Auto Rifle","Kinetic","Kinetic","Adaptive","Arrowhead
Corkscrew
Fluted","None","Range
Stability","High-Impact Reserves
Ambitious Assassin","Under Pressure","None","Curated roll.
Non-tiered, non-enhanceable. No origin.
Powercrept massively but still usable.","","D","Unobtainable (Previously Leviathan Raid)","No"
"","A Good Shout","Bow","Heavy","Void","High-Impact","Mag-Lev Rail
Empowered Rail","Charged Bolts
Heavy Bolts
Explosive Bolts","Velocity
Persistence","Withing Gaze
No Distractions
Built To Blast","Butterfly
Rampage
Box Breathing","Vanguard Determination
Accelerated Assault
Problem Solver","Withering Gaze.
Rampage x2 = 1HKO Body Shot.
Box Breathing vs. Supers","","C","Tenet of Bravery","No"
"","Opaque Hourglass","Bow","Heavy","Arc","High-Impact","Mag-Lev Rail
Empowered Rail","Charged Bolts
Heavy Bolts
Explosive Bolts","Velocity
Persistence","Impulse Amplifier
Firefly","Elemental Honing
Dragonfly
Master of Arms
Vorpal Weapon","Frame of Reference","Ele Honing x3 or MoA x2 = 1HKO Body Shot
Double AoE perks.
Vorpal vs. Supers","","S","Desert Perpetual Raid","No"
"","Point of the Stag","Bow","Energy","Arc","Precision","Elastic String
Polymer String
Flexible String","Compact Arrow
Straight Fletching
Fiberglass Arrow","Draw Time
Reload Speed
Accuracy","Archer's Tempo
Hipfire Grip
Rangefinder","Vorpal Weapon
Archer's Gambit
Swashbuckler","Skulking Wolf","Skulking Wolf bow.
Vorpal Weapon
Hipfire Bow","","S","Iron Banner / Saladin Vendor","No"
"","Submersion","Bow","Heavy","Stasis","High-Impact","Mag-Lev Rail
Empowered Rail","Charged Bolts
Heavy Bolts
Explosive Bolts","Velocity
Persistence","Impulse Amplifier
No Distractions","Headstone
Chill Clip","Contender Cascade","Headstone res block.
Origin provides Handling/Reload & AoE explosions after reaching high stacks.","","A","Tenet of Bravery","No"
"","Vengeful Whisper","Bow","Kinetic","Strand","Precision","Elastic String
Polymer String
Flexible String","Compact Arrow
Straight Fletching
Fiberglass Arrow","Draw Time
Reload Speed
Accuracy","Archer's Tempo
Hipfire Grip
Slice
Explosive Head","Archer's Gambit
Meganeura
Succesful Warmup","Sundering","""Hynra CAN fly.""
Double draw time perks, Origin provides reload speed on shield break.
Double hipfire perks for RDM exotics hipfire builds.
Slice. 
Explosive Head & Meganeura for AoE.","","S","Warlord's Ruin Dungeon","No"
"","The Spiteful Fang","Bow","Kinetic","Stasis","Lightweight","Elastic String
Polymer String
Flexible String","Compact Arrow
Straight Fletching
Fiberglass Arrow","Draw Time
Reload Speed
Accuracy","Archer's Tempo
Impulse Amplifier
Headstone","Archer's Gambit
Frenzy
Golden Tricorn
Firefly
Explosive Head","Forge's Kin","Lightweight/Movement.
Bad frame, great perks.
Double draw time perks. Origin provides reload speed on kill.
Headstone res block.
Headstone + Firefly for LARGE AoE on precision kill.
Impulse Amplifier increases arrow velocity to near hit-scan.
Can 2Body KO w/ Golden Tricorn x2","","A","Arena Ops / Zavala Vendor","No"
"","Convened Recurve","Bow","Energy","Void","High-Impact Longbow","Elastic String
Polymer String
Flexible String","Compact Arrow
Straight Fletching
Fiberglass Arrow","Draw Time
Reload Speed
Accuracy","Withering Gaze
Moving Target
Dimension Shift","Aggregate Charge
Butterfly
Snapshot Sights","Vanguard Determination","High-Impact Longbow. Instrinsically pierces targets.
Weak frame for PvP.
Mid perks, with the exception of Withering Gaze.
Withering for Team Play/Clean up swaps.","","C","Vanguard / Fireteam Ops / Zavala Vendor","No"
"","Biting Winds","Bow","Kinetic","Kinetic","Precision","Elastic String
Polymer String
Flexible String","Compact Arrow
Straight Fletching
Fiberglass Arrow","Draw Time
Reload Speed
Accuracy","Archer's Tempo
Rapid Hit
Quickdraw","Kinetic Tremors
All-Star
Explosive Head","Winterized Gear","Kinetic Tremors guantees kill on 2-body shot.
All-Star improves damage & reload speed on ammo pickup.
Strong Origin trait.","","S","Europa Destination","No"
"","Hush","Bow","Energy","Solar","Precision","Elastic String
Polymer String
Flexible String","Compact Arrow
Straight Fletching
Fiberglass Arrow","Draw Time
Reload Speed
Accuracy","Archer's Tempo
Hipfire Grip
Opening Shot
Firefly","Archer's Gambit
Meganeura
Dragonfly
Incandescent
Vorpal Weapon","Gun and Run","TRIPLE Draw time perks.
Tempo+Gambit+Origin.
Double hipfire perks for RDM exotics gameplay.
Vorpal vs. supers.
Double AoE perks for LARGE AoE on precision kills.","","S","Gambit / Drifter Vendor","No"
"","King Orfeo","Bow","Energy","Arc","Precision","Elastic String
Polymer String
Flexible String","Compact Arrow
Straight Fletching
Fiberglass Arrow","Draw Time
Reload Speed
Accuracy","Archer's Tempo
Impulse Amplifier
Explosive Head","Rangefinder
Meganeura
Swashbuckler
Dragonfly","Nail, Meet Hammer","Double velocity perks.
Impulse Amplifier / Rangefinder increases arrow velocity to near hit-scan.","","A","Tenet of Bravery","No"
"","Hushed Whisper","Bow","Kinetic","Strand","Precision","Elastic String
Polymer String
Flexible String","Compact Arrow
Straight Fletching
Fiberglass Arrow","Draw Time
Reload Speed
Accuracy","Impulse Amplifier
Lone Wolf
Slice","Archer's Gambit
Aggregate Charge
Explosive Head","Wild Card
Search Party","Impulse Amplifier increases arrow velocity to near hit-scan.
Wild Card provides res prevention/AoE.
Lone Wolf for AE.","","A","Tenet of Bravery","No"
"","Pre Astyanax IV","Bow","Energy","Solar","Precision","Elastic String
Polymer String
Flexible String","Compact Arrow
Straight Fletching
Fiberglass Arrow","Draw Time
Reload Speed
Accuracy","Impulse Amplifier
Firefly
Successful Warmup","Explosive Head
Swashbuckler
Binary Orbit","Wild Card
Vanguard Determination
Problem Solver","Impulse Amplifier increases arrow velocity to near hit-scan.
Wild Card provides res prevention/AoE.","","B","Tenet of Bravery","No"
"","Fortunate Star","Bow","Energy","Void","Lightweight","Elastic String
Polymer String
Flexible String","Compact Arrow
Straight Fletching
Fiberglass Arrow","Draw Time
Reload Speed
Accuracy","Archer's Tempo
Successful Warmup
Dragonfly","Archer's Gambit
Eye of the Storm
Explosive Head","Dream Work
Veist Stinger","Lightweight/Movement.
Mid frame, great perks.
TRIPLE Draw Time perks.
Tempo+Gambit+Origin.
1 of 2 remaining Eye of the Storm bows.
","","A","Tenet of Bravery","No"
"","Mercury-A","Bow","Kinetic","Kinetic","High-Impact Longbow","Elastic String
Polymer String
Flexible String","Compact Arrow
Straight Fletching
Fiberglass Arrow","Draw Time
Reload Speed
Accuracy","Successful Warmup
Rapid Hit
Built to Blast","Kinetic Tremors
Elemental Honing
Adrenaline Junkie","Tenacity
Vanguard Determination
Hakke Breach Armaments","High-Impact Longbow. Instrinsically pierces targets.
Bad frame, bad perks.","","D","Tenet of Bravery","No"
"","Whispering Slab","Bow","Kinetic","Kinetic","Lightweight","Elastic String
Polymer String
Flexible String","Compact Arrow
Straight Fletching
Fiberglass Arrow","Draw Time
Reload Speed
Accuracy","Archer's Tempo
Lone Wolf
Hipfire Grip","Opening Shot
Swashbuckler
Vorpal Weapon","Paracausal Fluid","Lightweight/Movement.
Mid frame, mid perks.
Vorpal vs. Supers","","C","Xur","No"
"","Anamnesis","Bow","Energy","Void","Lightweight","Elastic String
Polymer String
Flexible String","Compact Arrow
Straight Fletching
Fiberglass Arrow","Draw Time
Reload Speed
Accuracy","Archer's Tempo
Hipfire Grip
Dragonfly","Impulse Amplifier
Explosive Head
Moving Target","Runneth Over
Willing Vessel","Lightweight/Movement.
Mid frame, good perks.
Impulse increase arrow velocity to near hitscan.","","B","Xur","No"
"","Non-Denouement","Bow","Energy","Arc","Precision","Elastic String
Polymer String
Flexible String","Compact Arrow
Straight Fletching
Fiberglass Arrow","Draw Time
Reload Speed
Accuracy","Archer's Tempo
Impulse Amplifier
Hipfire Grip
Opening Shot
Dragonfly","Archer's Gambit
Gear Shift
Moving Target
Meganeura
Chaos Reshaped
Explosive Head
Voltshot","Collective Purpose","TRIPLE Draw time perks.
Tempo+Gambit+Origin.
Double hipfire perks for RDM exotics gameplay.
Gear Shift & Chaos Reshaped for neutral damage buffs.
Double AoE perks for large AoE on Precision kills.
Trinity Ghoul at home","","S","Salvation's Edge Raid","Yes"
"","Neoptolemus II","Bow","Kinetic","Kinetic","Precision","Elastic String
Polymer String
Flexible String","Compact Arrow
Straight Fletching
Fiberglass Arrow","Draw Time
Reload Speed
Accuracy","Rangefinder
To The Pain","Lone Wolf
Sneak Bow
Vorpal Weapon","Wild Card","Overall mid perks.","","C","Gunsmith Legacy Focusing","No"
"","Tyranny of Heaven","Bow","Energy","Solar","Lightweight","Elastic String
Polymer String
Flexible String","Compact Arrow
Straight Fletching
Fiberglass Arrow","Draw Time
Reload Speed
Accuracy","Archer's Tempo
Meganeura
Moving Target
Explosive Head","Archer's Gambit
Swashbuckler
Golden Tricorn
Incandescent","Explosive Pact","Lightweight/Movement.
Double draw time perks.
Origin trait provides stability & reload speed.
Meganeura + Incandescent for AoE/DoT.
Can 2Body KO w/ Golden Tricorn x2","","A","Last Wish Raid","Yes"
"","Raconteur","Bow","Kinetic","Stasis","Precision","Elastic String
Polymer String
Flexible String","Compact Arrow
Straight Fletching
Fiberglass Arrow","Draw Time
Reload Speed
Accuracy","Archer's Tempo","Eye of the Storm
Headstone
Successful Warmup
Explosive Head","Noble Deeds","Headstone res block.
1 of 2 current Eye of the Storm bows.
Origin provides reload speed & handling.","","B","//node.ovrd.AVALON//
Legacy Loot
Classic Collections Modifier: ON","Yes"
"","Tripwire Canary","Bow","Energy","Arc","Lightweight","Elastic String
Polymer String
Flexible String","Compact Arrow
Straight Fletching
Fiberglass Arrow","Draw Time
Reload Speed
Accuracy","Archer's Tempo
Sneak Bow
Dragonfly
Rapid Hit","Opening Shot
Successful Warmup
Swashbuckler
Frenzy
Explosive Head
Under-Over","Ambush
Veist Stinger","Lightweight/Movement.
Mid frame, decent perks.
Under-Over vs. Overshields","","B","Operation: Seraph's Shield Legacy Loot
Modifier Classic Collections: ON","Yes"
"","Whistler's Whim","Bow","Kinetic","Kinetic","Lightweight","Elastic String
Polymer String
Flexible String","Compact Arrow
Straight Fletching
Fiberglass Arrow","Draw Time
Reload Speed
Accuracy","Rangefinder
Moving Target
Thresh
Cornered","Archer's Tempo
Opening Shot
Kill Clip","Alacrity
Veist Stinger
One Quiet Moment","Lightweight/Movement.
Mid frame, mid perks.","","C","Xur (Trials previously)","No"
"","Accrued Redemption","Bow","Kinetic","Kinetic","Precision","Elastic String
Polymer String
Flexible String","Compact Arrow
Straight Fletching
Fiberglass Arrow","Draw Time
Reload Speed
Accuracy","Archer's Tempo
Impulse Amplifier
Offhand Strike","Archer's Gambit
Kinetic Tremors
Lone Wolf
Swashbuckler
Adrenaline Junkie
Explosive Head","Photoinhibition","Good frame, good perks.
Double Draw time perks.
Double Hipfire perks for RDM exotic play style.
Lone Wolf for AE.
Origin punishes overshields & woven mail passively.","","S","Garden of Salvation Raid","Yes"
"","Fel Taradiddle","Bow","Kinetic","Kinetic","Lightweight","Elastic String
Polymer String
Flexible String","Compact Arrow
Straight Fletching
Fiberglass Arrow","Draw Time
Reload Speed
Accuracy","Archer's Tempo
Impulse Amplifier
Rangefinder","Successful Warmup
Cornered
Adhesive Ordnance
Thresh","Psychohack","Lightweight/Movement.
Mid frame, decent perks.
Only Adhesive Ordnance bow.
Origin basically never activates in PvP scenarios.","","C","Throne World Destination","Yes"
"","Wolftone Draw","Bow","Energy","Arc","Precision","Elastic String
Polymer String
Flexible String","Compact Arrow
Straight Fletching
Fiberglass Arrow","Draw Time
Reload Speed
Accuracy","Archer's Tempo
Impulse Amplifier
Sneak Bow","Frenzy
Harmony
Dragonfly
Cornered","None","Good frame, mid Column 2 perks.
No origin.","","C","Xur","No"
"","Imperial Needle","Bow","Energy","Void","Lightweight","Elastic String
Polymer String
Flexible String","Compact Arrow
Straight Fletching
Fiberglass Arrow","Draw Time
Reload Speed
Accuracy","Archer's Tempo
Impulse Amplifier
Hipfire Grip
Sneak Bow","Opening Shot
Frenzy
Swashbuckler
Thresh","None","Lightweight/Movement.
Mid frame, mid Column 2 perks.
No origin.","","D","Vox Obscura
Legacy Loot
Classic Collections Modifier: ON","No"
"","Under Your Skin","Bow","Energy","Void","Precision","Elastic String
Polymer String
Flexible String","Compact Arrow
Straight Fletching
Fiberglass Arrow","Draw Time
Reload Speed
Accuracy","Archer's Tempo
Hipfire Grip
Perpetual Motion","Opening Shot
Successful Warmup
Dragonfly
Explosive Head","Land Tank","Good Column 1 perks, mid column 2 perks.
Good origin. Grants +10 health stat for 5s on kill, stacking up to x3.","","B","Vox Obscura
Legacy Loot
Classic Collections Modifier: ON","Yes"
"","Subtle Calamity","Bow","Energy","Void","Precision","Elastic String
Polymer String
Flexible String","Compact Arrow
Straight Fletching
Fiberglass Arrow","Draw Time
Reload Speed
Accuracy","Hipfire Grip
Moving Target
Dragonfly","Archer's Tempo
Sneak Bow
Explosive Head","None","Decent bow but significantly power crept. 
No origin trait.","","D","Unobtainable (Possibly Xur??)","No"
"","Strident Whistle","Bow","Energy","Solar","Precision","Elastic String
Polymer String
Flexible String","Compact Arrow
Straight Fletching
Fiberglass Arrow","Draw Time
Reload Speed
Accuracy","Archer's Tempo
Rangefinder
Moving Target","Successful Warmup
Opening Shot
Cornered
Harmony
Vorpal Weapon
Explosive Head","Vanguard's Vindication","Decent bow but significantly power crept.
Origin provides instant 10HP on weapon kill.
Vorpal vs. Supers.","","C","Zavala Vendor / Xur","No"
"","Arsenic Bite-4B","Bow","Energy","Arc","Lightweight","Elastic String
Polymer String
Flexible String","Compact Arrow
Straight Fletching
Fiberglass Arrow","Draw Time
Reload Speed
Accuracy","Hipfire Grip
Moving Target
Dragonfly","Archer's Tempo
Explosive Head
Sneak Bow","None","Lightweight/Movement.
Bad frame, decent perks.
Powercrept. No origin trait.","","D","Xur","No"
"","No Turning Back","Bow","Kinetic","Kinetic","Precision","High-Tension Bowstring","Fiberglass","Draw Time
Reload Speed
Accuracy","Explosive Head
Snapshot Sights","Hipfire Grip","None","Curated roll.
Mid bowstring & columns 1/2 perks.
Powercrept.","","D","Unobtainable (Previously World Drop)","No"
"","The Vow","Bow","Energy","Solar","Lightweight","Polymer String","Natural Fletching","Draw Time","Rapid Hit","Archer's Tempo","None","Lightweight/Movement.
Curated Roll.
Bad frame, mid magazine & mid Column 1 perk.
Power crept. No origin trait.","","D","Unobtainable (Previously Crimson Days Event)","No"
"","Lethophobia","Bow","Energy","Void","Lightweight","Elastic String
Polymer String
Flexible String","Compact Arrow
Straight Fletching
Fiberglass Arrow","Draw Time
Reload Speed
Accuracy","Impulse Amplifier
Successful Warmup
Enlightened Action","Disruption Break
Golden Tricorn
Surrounded
Explosive Head","Dragon's Vengeance","Lightweight/Movement.
Mid frame, good perks but no innate draw-time perks.
Impulse increases arrow velocity to near hit-scan.
Disruption Break for team play/clean ups.
Good origin trait.
Can 2Body KO w/ Golden Tricorn x2","","B","Starcrossed Legacy Loot
Modifier Classic Collector: ON","Yes"
"","Lunulata-4B","Bow","Kinetic","Stasis","Lightweight","Elastic String
Polymer String
Flexible String","Compact Arrow
Straight Fletching
Fiberglass Arrow","Draw Time
Reload Speed
Accuracy","Rangefinder
No Distractions
Ensemble","Headstone
Golden Tricorn
Successful Warmup
Adrenaline Junkie","Veist Stinger","Lightweight/Movement.
Mid frame, mid perks.
Headstone res block.
Can 2Body KO w/ Golden Tricorn x2","","C","Gunsmith Legacy Focusing","No"
"","Accelerando-42","Fusion Rifle","Kinetic","Strand","Precision","Hammer-forged
Smallbore
Corkscrew","Accelerated Coils
Projection Fuse
Particle Repeater","Charge Time
Range
Stability","Slice
Cornered
Slideways","Kick Start
Rangefinder
Controlled Burst","Featherweight","Movement buff via Featherweight on kill.
Slice","","A","Sparrow Racing","No"
"","Axial Lacuna","Fusion Rifle","Energy","Solar","Precision","Hammer-forged
Smallbore
Corkscrew","Accelerated Coils
Projection Fuse
Particle Repeater","Charge Time
Range
Stability","Eye of the Storm
Firmly Planted
Threat Detector","Vorpal Weapon
Kick Start
Closing Time","Dealer's Choice","Vorpal Weapon.
Origin gives extra super
w/ Pale Heart weapons","","S","Pale Heart Destination","Yes"
"","Burden of Guilt","Fusion Rifle","Kinetic","Stasis","Adaptive","Hammer-forged
Smallbore
Corkscrew","Accelerated Coils
Projection Fuse
Particle Repeater","Charge Time
Range
Stability","Under Pressure
Eye of the Storm
Lone Wolf","High-Impact Reserves
Kick Start
Chill Clip","Fleet Footed
Roar of Battle","In-Air gunplay fusion.
Movement speed via Fleet Footed","","S","Trials of Osiris / Saint-14 Vendor","No"
"","Cartesian Coordinate","Fusion Rifle","Energy","Solar","Rapid-Fire","Hammer-forged
Smallbore
Corkscrew","Accelerated Coils
Projection Fuse
Particle Repeater","Charge Time
Range
Stability","Under Pressure
Discord","Vorpal Weapon
Closing Time
Controlled Burst","Field-Tested
Veteran's Wisdom","60 AA. VERY HIGH, best-in-class for a Rapid-Fire frame.
Vorpal Weapon.
Discord Rapid-Fire Fusion.","","S","EDZ Destination","No"
"","Deliverance","Fusion Rifle","Kinetic","Stasis","Precision","Hammer-forged
Smallbore
Corkscrew","Accelerated Coils
Projection Fuse
Particle Repeater","Charge Time
Range
Stability","Lone Wolf
Perpetual Motion
Cornered","Tap the Trigger
Chill Clip
Chain Reaction","Souldrinker","AoE via Chain Reaction.
Heal via reload after kill.","","B","Vow of the Disciple Raid","Yes"
"","Dream Breaker","Fusion Rifle","Energy","Solar","Adaptive","Hammer-forged
Smallbore
Corkscrew","Accelerated Coils
Projection Fuse
Particle Repeater","Charge Time
Range
Stability","Kick Start
Under Pressure
Slideways","Slideshot
Lone Wolf
Controlled Burst","Loss","Great frame, great perks, great origin.
Double Slide Perks = Extreme efficiency.","","S","Moon Destination","No"
"","Exile's Curse","Fusion Rifle","Energy","Arc","High-Impact","Hammer-forged
Smallbore
Corkscrew","Accelerated Coils
Projection Fuse
Particle Repeater","Charge Time
Range
Stability","Under Pressure
Slideshot
Quickdraw
Lone Wolf
Killing Wind
Offhand Strike","Backup Plan
High Impact Reserves
Tap the Trigger
Kickstart
Closing Time
Vorpal Weapon","Wild Card
Fleet Footed
Roar of Battle","Great frame, great perks.
Vorpal Weapon for Super Rounds.
This thing is stacked with insane perks in both columns, and 3 strong origin traits to pick from.
Quickdraw + Backup Plan for lightning fast swap kills.","","S","Trials of Osiris / Saint-14 Vendor","No"
"","Glaciocasm","Fusion Rifle","Energy","Void","High-Impact","Hammer-forged
Smallbore
Corkscrew","Accelerated Coils
Projection Fuse
Particle Repeater","Charge Time
Range
Stability","Under Pressure
Slideshot
Killing Wind","High-Impact Reserves
Eye of the Storm
Fragile Focus","Omolon Fluid Dynamics
Dawning Surprise","LONG RANGE Fusion.","","A","Unobtainable (Previously Dawning Event)","No"
"","Iterative Loop","Fusion Rifle","Energy","Arc","Rapid-Fire","Hammer-forged
Smallbore
Corkscrew","Accelerated Coils
Projection Fuse
Particle Repeater","Charge Time
Range
Stability","Under Pressure
Successful Warmup
Killing Wind","Kickstart
Closing Time
Controlled Burst","Nanotech Tracer Missiles","Rapid-Fire Frame w/ neutral Charge Time buff via Kickstart","","B","Neptune Destination","Yes"
"","Loaded Question","Fusion Rifle","Energy","Arc","High-Impact","Hammer-forged
Smallbore
Corkscrew","Accelerated Coils
Projection Fuse
Particle Repeater","Charge Time
Range
Stability","Under Pressure
Firmly Planted","Eye of the Storm
Controlled Burst","Problem Solver","LONG RANGE Fusion","","B","Vanguard / Zavala Vendor","No"
"","Main Ingredient","Fusion Rifle","Energy","Arc","Precision","Hammer-forged
Smallbore
Corkscrew","Accelerated Coils
Projection Fuse
Particle Repeater","Charge Time
Range
Stability","Under Pressure
Firmly Planted
Moving Target","High Impact Reserves
Gearshift
Tap the Trigger","Accelerated Assault
Nadir Focus
Vanguard Determination","VERY consistent fusion rifle, but lacks strong Charge Time perks.","","A","Vanguard / Zavala Vendor","No"
"","Null Composure","Fusion Rifle","Energy","Void","Rapid-Fire","Hammer-forged
Smallbore
Corkscrew","Accelerated Coils
Projection Fuse
Particle Repeater","Charge Time
Range
Stability","Successful Warmup
Heating Up","High-Impact Reserves
Elemental Honing
Master of Arms","Accelerated Assault
Vanguard Determination","Lackluster Column 1 perks except for Successful Warmup.","","B","Vanguard / Zavala Vendor","No"
"","Plug One.1","Fusion Rifle","Energy","Arc","Precision","Hammer-forged
Smallbore
Corkscrew","Accelerated Coils
Projection Fuse
Particle Repeater","Charge Time
Range
Stability","Under Pressure
Slideways
Lonewolf","Kickstart
Closing Time
Controlled Burst","Vanguard Determination
Problem Solver","Precision Frame w/ neutral Charge Time buff via Kickstart","","B","Vanguard / Zavala Vendor","No"
"","Pressurized Precision","Fusion Rifle","Kinetic","Strand","Adaptive","Hammer-forged
Smallbore
Corkscrew","Accelerated Coils
Projection Fuse
Particle Repeater","Charge Time
Range
Stability","Under Pressure
Lone Wolf
Discord
Firmly Planted","High Impact Reserves
Vorpal Weapon
Kick Start
Eye of the Storm
Rangefinder","Skulking Wolf","Skulking Fusion in Kinetic Slot
Good frame, great perks, GREAT origin.","","S","Iron Banner / Saladin Vendor","No"
"","Riptide","Fusion Rifle","Kinetic","Stasis","Rapid-Fire","Hammer-forged
Smallbore
Corkscrew","Accelerated Coils
Projection Fuse
Particle Repeater","Charge Time
Range
Stability","Under Pressure
Cornered","Closing Time
Vorpal
Chill Clip","Accelerated Assault
Wild Card
Roar of Battle","Wild Card prevents res for a short time.","","A","Tenet of Bravery / Crucible / Shaxx","No"
"","Scatter Signal","Fusion Rifle","Kinetic","Strand","Rapid-Fire","Hammer-forged
Smallbore
Corkscrew","Accelerated Coils
Projection Fuse
Particle Repeater","Charge Time
Range
Stability","Slice
Perpetual Motion","Kick Start
Under-Over
Controlled Burst","Dragon's Vengeance","Slice.
Anti-Overshield via Under-Over.","","B","Starcrossed Legacy Loot
Modifier Classic Collector: ON","Yes"
"","Tempered Dynamo","Fusion Rifle","Energy","Arc","Aggressive","Hammer-forged
Smallbore
Corkscrew","Accelerated Coils
Projection Fuse
Particle Repeater","Charge Time
Range
Stability","Backup Plan
Kickstart
Opening Shot","Gear Shift
Discord
Closing Time","Forge's Kin","Discord
Kickstart & Gear Shift for neutral damage buff.
Backup Plan and Kickstart for neutral charge time buff.","","D","Arena Ops / Zavala Vendor","No"
"","The Beacon","Fusion Rifle","Energy","Solar","Rapid-Fire","Hammer-forged
Smallbore
Corkscrew","Accelerated Coils
Projection Fuse
Particle Repeater","Charge Time
Range
Stability","Lone Wolf","Closing Time
Controlled Burst","Classy Contender","Good frame, but not many good perk options.
Origin is useful but not game changing.
Outclasses in every way by other fusions.","","C","Tenet of Bravery","No"
"","The Wizened Rebuke","Fusion Rifle","Energy","Arc","High-Impact","Hammer-forged
Smallbore
Corkscrew","Accelerated Coils
Projection Fuse
Particle Repeater","Charge Time
Range
Stability","Under Pressure
Rangefinder
Offhand-Strike
Discord","Backup Plan
High-Impact Reserves
Closing Time","Skulking Wolf","LONG RANGE FUSION
Skulking fusion in Energy slot
Discord High-Impact frame","","A","Iron Banner / Saladin Vendor","No"
"","VS Gravitic Arrest","Fusion Rifle","Energy","Void","Adaptive","Hammer-forged
Smallbore
Corkscrew","Accelerated Coils
Projection Fuse
Particle Repeater","Charge Time
Range
Stability","Under Pressure
Repulsor Brace","Chain Reaction
Withering Gaze
Closing Time","Bray Legacy","Decent Adaptive frame choice but not exceptional in any way.
Withering + Repulsor for instant Overshield.","","B","Vesper's Host Dungeon","No"
"","Zealot's Reward","Fusion Rifle","Energy","Void","Rapid-Fire","Hammer-forged
Smallbore
Corkscrew","Accelerated Coils
Projection Fuse
Particle Repeater","Charge Time
Range
Stability","Under Pressure
Repulsor Brace","Kick Start
Closing Time
Withering Gaze","Photoinhibition","Origin provides 18%(?) extra damage versus Overshields and Woven Mail. 
NOT FROST ARMOR
All simultaneous damage instances receive the damage buff if a target has even 1 point of overshield.
Due to how Fusion Rifles fire, this typically only effects 1-2 bolts, though can sometimes affect more.
WIthering+Repulsor for instant overshield.","","S","Garden of Salvation Raid","Yes"
"","Tahoma 01","Fusion Rifle","Kinetic","Strand","Aggressive","Hammer-forged
Smallbore
Corkscrew","Accelerated Coils
Projection Fuse
Particle Repeater","Charge Time
Range
Stability","Hatchling
Demolitionist","Controlled Burst
Aggregate Charge
Desperate Measures","Carrion Munitions","Bad frame.
Double tracking-damage perks via Hatchling & Carrion Munitions","","F","Distortions Events","No"
"","Nox Perennial V","Fusion Rifle","Kinetic","Strand","High-Impact","Hammer-forged
Smallbore
Corkscrew","Accelerated Coils
Projection Fuse
Particle Repeater","Charge Time
Range
Stability","Under Pressure
Fragile Focus
Threat Detector","Kickstart
Controlled Burst
Elemental Capacitor","Wild Card","Good perks, good origin.
Wild Card prevents res / does AoE damage.
Lacks exceptional base stats & better perk options such as Backup Plan.","","A","World Drops / Gunsmith Vendor","No"
"","Resounding","Fusion Rifle","Kinetic","Strand","Aggressive","Hammer-forged
Smallbore
Corkscrew","Accelerated Coils
Projection Fuse
Particle Repeater","Charge Time
Range
Stability","Slice
Cornered
Threat Detector","Aggregate Charge
Surrounded
Rampage","Wild Card
Vanguard Determination","Bad frame, bad perks.
Slice + Aggregate Charge for a neutral damage buff.","","D","Vanguard Solo Ops / Zavala Vendor","No"
"","Aurvandil FR6","Fusion Rifle","Kinetic","Stasis","High-Impact","Hammer-forged
Smallbore
Corkscrew","Accelerated Coils
Projection Fuse
Particle Repeater","Charge Time
Range
Stability","Slideways
Hip-fire Grip
Firmly Planted","Chill Clip
Elemental Capacitor
Golden Tricorn","Omolon Fluid Dynamics","Good frame, semi-decent perks.
Lacks range and charge time perks though.
Rare Hip-fire Grip fusion rifle.","","B","Gunsmith Vendor Focusing","No"
"","Nox Sidereal IV","Fusion Rifle","Kinetic","Stasis","Aggressive","Hammer-forged
Smallbore
Corkscrew","Accelerated Coils
Projection Fuse
Particle Repeater","Charge Time
Range
Stability","Demolitionist
Proximity Power","Discord
Master of Arms
Frenzy","Wild Card
Accelerated Assault
Vanguard Determination","Bad frame, bad perks.
Exceptionally bad Column 1 perks.
Discord & Master of Arms are the only notable things, but do not save the frame.
No charge time or range buffs.","","F","Tenet of Bravery / Zavala Vendor","No"
"","Monody-44","Fusion Rifle","Energy","Void","High-Impact","Hammer-forged
Smallbore
Corkscrew","Accelerated Coils
Projection Fuse
Particle Repeater","Charge Time
Range
Stability","Lone Wolf
Discord
Repulsor Brace
Cornered","Withering Gaze
Closing Time
Successful Warm-up","Suros Synergy","Good frame, great perks.
Lone Wolf + Closing Time for great Handling.
Discord for free ammo and Successful Warmup to offset charge time.
Withering Gaze + Repulsor for free overshields.","","S","Tenet of Bravery / Gunsmith Vendor Focusing","No"
"","Lionfish-4FR","Fusion Rifle","Kinetic","Stasis","Rapid-Fire","Hammer-forged
Smallbore
Corkscrew","Accelerated Coils
Projection Fuse
Particle Repeater","Charge Time
Range
Stability","Transcendant Moment","Chill Clip
Elemental Honing
Binary Orbit","Vanguard Determination
Veist Stinger
Problem Solver","Great frame, lackluster perks.
Very bad Column 1 perks, weak Column 2 perks.
Elemental Honing for neutral damage buff.","","D","Tenet of Bravery / Zavala Vendor","No"
"","Afterlight","Fusion Rifle","Energy","Void","Adaptive","Hammer-forged
Smallbore
Corkscrew","Accelerated Coils
Projection Fuse
Particle Repeater","Charge Time
Range
Stability","Under Pressure
Discord
Offhand Strike","Successful Warm-up
Vorpal Weapon
Cornered","Willing Vessel
Runneth Over","Great frame, great perks. Good Origin trait w/ Willing Vessel.
Discord for ammo. One of the best discord fusions.
Successful Warmup paired w/ Discord can make for easy chains.","","S","Xur","No"
"","Hollow Words","Fusion Rifle","Energy","Arc","Precision","Hammer-forged
Smallbore
Corkscrew","Accelerated Coils
Projection Fuse
Particle Repeater","Charge Time
Range
Stability","Steady Hands
Slickdraw","Successful Warm-up
Vorpal Weapon
Swashbuckler","Paracausal Fluid","Good frame, mid perks.
Lackluster Column 1 perks overall. Small use case of Slickdraw for handling, but it reduces AA so use at your own discretion.
Very good Origin which provides +50 Mobility and handling on damage instance.","","B","Xur","No"
"","Finite Maybe","Fusion Rifle","Energy","Solar","Aggressive","Hammer-forged
Smallbore
Corkscrew","Accelerated Coils
Projection Fuse
Particle Repeater","Charge Time
Range
Stability","Under Pressure","Discord
Successful Warmup
Desperate Measures","Frame of Reference","Bad frame, great perks.
Strong origin trait.
Provides extra damage, range, and reload speed. Buff pauses on stow, and timer only progresses while weapon is readied, allowing the buff to be ""backpacked"". 
Dmg buff: x1 = 1.45% / x2 = 2.8%  / x3 = 4.2% / x4 = 5.6% / x5 = 7%","","D","Desert Perpetual Raid","No"
"","Cruoris FR4","Fusion Rifle","Energy","Arc","Aggressive","Hammer-forged
Smallbore
Corkscrew","Accelerated Coils
Projection Fuse
Particle Repeater","Charge Time
Range
Stability","Discord
Threat Detector","Kickstart
Successful Warmup
Elemental Honing
Barrel Constrictor","Omolon Fluid Dynamics","Bad frame, great perks.
Good origin trait.
1 of 2 Aggressive frames w/ Barrel Constrictor which can make for easier use, but unfortunately only after following a kill.","","D","Gunsmith Legacy Focusing","No"
"","Snorri FR5","Fusion Rifle","Energy","Void","Precision","Hammer-forged
Smallbore
Corkscrew","Accelerated Coils
Projection Fuse
Particle Repeater","Charge Time
Range
Stability","Firmly Planted
Heating Up","High-Impact Reserves
Successful Warm-up
Frenzy","Omolon Fluid Dynamics","Good frame, good perks.
Heating Up and Successful Warm-up make for good kill chains.
Lacks exceptional column 1 perks though.","","B","Gunsmith Legacy Focusing","No"
"","Iota Draconis","Fusion Rifle","Energy","Solar","High-Impact","Hammer-forged
Smallbore
Corkscrew","Accelerated Coils
Projection Fuse
Particle Repeater","Charge Time
Range
Stability","Under Pressure
Heating Up","High-Impact Reserves
Kickstart
Harmony","None","Good frame, good perks.
No origin.
Not tiered, and non-enhanceable.","","B","Xur / Dares of Eternity Loot Pool","No"
"","The Epicurean","Fusion Rifle","Energy","Void","Precision","Hammer-forged
Smallbore
Corkscrew","Accelerated Coils
Projection Fuse
Particle Repeater","Charge Time
Range
Stability","Quickdraw
Well-Rounded
Snapshot Sights","Backup Plan
Moving Target
Rangefinder","To Excess","Good frame, great perks.
Useful origin but only active when super is full.
1 of 2 tiered Fusions w/ Quick Draw.
QD + Backup Plan make for lightning fast swap kills.","","A","Duality Dungeon","Yes"
"","Royal Executioner","Fusion Rifle","Energy","Solar","Adaptive","Hammer-forged
Smallbore
Corkscrew","Accelerated Coils
Projection Fuse
Particle Repeater","Charge Time
Range
Stability","Firmly Planted
Slickdraw
Offhand Strike","Successful Warm-up
Killing Wind
Elemental Capacitor","Noble Deeds","Good frame, mid perks.
Firmly Planted + Successful Warm-up is the main combo here.","","B","//node.ovrd.AVALON//
Legacy Loot
Classic Collections Modifier: ON","Yes"
"","Techeun Force","Fusion Rifle","Energy","Arc","Adaptive","Hammer-forged
Smallbore
Corkscrew","Accelerated Coils
Projection Fuse
Particle Repeater","Charge Time
Range
Stability","Under Pressure
Slideways
Kill Clip","Backup Plan
High-Impact Reserves
Rangefinder
Kickstart
Golden Tricorn","Explosive Pact","Good frame, great perks.
Useful Origin.
Stacked Column 2.
Uniquely has Kill Clip on left side.","","A","Last Wish Raid","Yes"
"","Likely Suspect","Fusion Rifle","Energy","Void","Rapid-Fire","Hammer-forged
Smallbore
Corkscrew","Accelerated Coils
Projection Fuse
Particle Repeater","Charge Time
Range
Stability","Firmly Planted
Slideways
Perpetual Motion","Successful Warm-up
Golden Tricorn","Psychohack","Good frame, decent perks.
Lacks a very strong column 1 perk, and only 2 decent options in Column 2.
Origin trait has nearly 0 value in PvP.","","B","Throne World Destination","Yes"
"","Coriolis Force","Fusion Rifle","Energy","Void","Aggressive","Hammer-forged
Smallbore
Corkscrew","Accelerated Coils
Projection Fuse
Particle Repeater","Charge Time
Range
Stability","Backup Plan
Successful Warm-up
Barrel Constrictor","Kickstart
Desperate Measures
Kill Clip","Winterized Gear","Bad frame, great perks.
Unfortunately held back by the awful frame.
Insane Column 1 w/ Backup Plan & Successful Warm-up.
One of the few fusions w/ access to double charge time perks.
Good origin passively provides stability, handling, & reload.","","D","Europa Destination","No"
"","Elatha FR4","Fusion Rifle","Energy","Solar","High-Impact","Torch HS3
Flash HS5
Impulse MS3","Accelerated Coils
Projection Fuse
Particle Repeater","Charge Time
Range
Stability","Firmly Planted
Hip-fire Grip
Quickdraw
Field Prep","Backup Plan
Kill Clip
Surrounded","None","Good frame, good perks.
No origin. Has access to sights instead of barrels.
Powercrept by Tiered & Enhanced weapons.","","B","Unobtainable","No"
"","Erentil FR4","Fusion Rifle","Energy","Void","High-Impact","Torch HS3
Flash HS5
Impulse MS3","Accelerated Coils
Projection Fuse
Particle Repeater","Charge Time
Range
Stability","Under Pressure
Moving Target
Firmly Planted","Backup Plan
Rangefinder
High-Impact Reserves
Tap The Trigger","None","Great frame, great perks.
No origin. Has access to sights instead of barrels.
The OG Crucible Fusion Terror still shreds people.
Powercrept by tiered & enhanceable weapons.","","A","Unobtainable","No"
"","Timelines' Vertex","Fusion Rifle","Energy","Solar","Adaptive","Torch HS3
Flash HS5
Impulse MS3","Accelerated Coils
Projection Fuse
Particle Repeater","Charge Time
Range
Stability","Firmly Planted
Field Prep","Backup Plan
Disruption Break
Elemental Capacitor","None","Good frame, decent perks.
No origin. Has access to sights instead of barrels.
Firmly Planted & Backup Plan is the only real option here.
Powercrept by Tiered & Enhanced weapons.","","B","Xur","No"
"","Trinary System","Fusion Rifle","Energy","Solar","Adaptive","Hammer-forged
Smallbore
Corkscrew","Accelerated Coils
Projection Fuse
Particle Repeater","Charge Time
Range
Stability","Under Pressure
Slideshot
Firmly Planted","Backup Plan
High-Impact Reserves
Tap The Trigger
Disruption Break","Gun and Run","Good frame, great perks.
Useful origin.
Large perk pool with many options.
Powercrept. Non-tiered & non-enhanceable.","","B","Drifter Vendor Legacy Focusing","No"
"","The Eremite","Fusion Rifle","Energy","Solar","High-Impact","Hammer-forged
Smallbore
Corkscrew","Accelerated Coils
Projection Fuse
Particle Repeater","Charge Time
Range
Stability","Offhand Strike
Slickdraw","Elemental Capacitor
Golden Tricorn
Cornered","Head Rush","Good frame, mid perks.
Somewhat useful origin.
No good charge time, accuracy, or range perks.","","C","Xur","Yes"
"","Midha's Reckoning","Fusion Rifle","Energy","Arc","High-Impact","Hammer-forged
Smallbore
Corkscrew","Accelerated Coils
Projection Fuse
Particle Repeater","Charge Time
Range
Stability","Backup Plan
Under Pressure
Hip-fire Grip","Successful Warmup
Closing Time
Kick Start
Tap The Trigger
Gear Shift
Golden Tricorn
Vorpal Weapon","Runneth Over","Great frame, great perks.
Origin has little value in PvP.
DOUBLE CHARGE TIME PERKS.
Lots of options for reducing charge time on this weapon and increasing accuracy, stability, handling, etc.","","S","King's Fall Raid","Yes"
"","Albedo Wing","Glaive","Energy","Arc","Aggressive","Tempered Truss
Auxiliary
Ballistic Tuning","Swap Mag
Accurized
Extended Mag","Handling
Range
Shield Duration","Closing Time
Replenishing Aegis
Grave Robber","Close To Melee
Golden Tricorn
Desperate Measures","Dawning Surprise
Hakke Breach Armaments","Stab em","","C","Tenet of Bravery","No"
"","Backfang","Glaive","Energy","Arc","Rapid-Fire","Tempered Truss
Auxiliary
Ballistic Tuning","Swap Mag
Accurized
Extended Mag","Handling
Range
Shield Duration","Impulse Amplifier
Tilting at Windmills
Melee Momentum
Mulligan","Unstoppable Force
Close To Melee
Vorpal Weapon
Swashbuckler
Surrounded","Gun and Run","Stab em
Good perks. Weak frame.","","B","Gambit / Drifter Vendor","No"
"","Ecliptic Distaff","Glaive","Energy","Void","Adaptive","Tempered Truss
Auxiliary
Ballistic Tuning","Swap Mag
Accurized
Extended Mag","Handling
Range
Shield Duration","Impulse Amplifier
Disruption Break
Tilting at Windmills
Repulsor Brace","Unstoppable Force
Withering Gaze
Close To Melee
Chaos Reshaped","Vanguard Determination
Noble Deeds","Stab em
Withering Gaze + Repulsor Brace for block->Weaken->Overshield combo.
Disruption Break increases melee damage/aids teamshots.","","S","Vanguard / Zavala Vendor","No"
"","The Heron","Glaive","Energy","Void","Aggressive","Tempered Truss
Auxiliary
Ballistic Tuning","Swap Mag
Accurized
Extended Mag","Handling
Range
Shield Duration","Disruption Break
Replenishing Aegis","Unstoppable Force
Close To Melee
Sword Logic","Nail, Meet Hammer","Stab em
Good frame, but no Impulse
Disruption Break for team shot/melee follow-up.","","B","Tenet of Bravery","No"
"","Rake Angle","Glaive","Kinetic","Stasis","Aggressive","Tempered Truss
Auxiliary
Ballistic Tuning","Swap Mag
Accurized
Extended Mag","Handling
Range
Shield Duration","Impulse Amplifier
","Chill Clip
Unstoppable Force
Close To Melee
Swashbuckler
Surrounded
Vorpal Weapon","Vanguard Determination
Hakke Breach Armaments
Problem Solver","""The 151st Chess King.""
Stab em
Generally regarded as the best glaive.
Chill Clip causes 60 slow, allowing for easy clean-up/punishes.
Vorpal vs. Supers","","S","Vanguard / Zavala Vendor","No"
"","Greasy Luck","Glaive","Energy","Solar","Rapid-Fire","Tempered Truss
Auxiliary
Ballistic Tuning","Swap Mag
Accurized
Extended Mag","Handling
Range
Shield Duration","Melee Momentum
Chaos Reshaped
Butterfly","Unstoppable Force
Close To Melee
Chain Reaction
Incandescent","Restoration Ritual","Stab em
Bad frame, mid perks.
Double AoE perks for AoE/Burn.
Origin gets little value with this weapon type.","","C","Ghosts of the Deep Dungeon","No"
"","Lubrae's Ruin","Glaive","Energy","Solar","Adaptive","Tempered Truss
Auxiliary
Ballistic Tuning","Swap Mag
Accurized
Extended Mag","Handling
Range
Shield Duration","Frenzy
Close To Melee
Tilting at Windmills","Unstoppable Force
Chaos Reshaped
Swashbuckler
Surrounded
Incandescent
Vorpal Weapon","Souldrinker","Stab em
Good frame, but no Impulse.
Double damage perks allow for very borderline one shots.
Origin gets little value on this weapon type.","","A","Vow of the Disciple Raid","Yes"
"","The Enigma","Glaive","Energy","Void","Adaptive","Tempered Truss
Auxiliary
Ballistic Tuning","Swap Mag
Accurized
Extended Mag","Handling
Range
Shield Duration","Impulse Amplifier
Threat Detector
Tilting at Windmills","Unstoppable Force
Close To Melee
Frenzy
Thresh","Psychohack","Stab em
Good frame, good perks.
Thresh for super gen.
Useless Origin trait in PvP.","","A","Witch Queen Campaign / Throne World","Yes"
"","Judgment of Kelgorath","Glaive","Energy","Solar","Aggressive","Tempered Truss
Auxiliary
Ballistic Tuning","Swap Mag
Accurized
Extended Mag","Handling
Range
Shield Duration","Tilting at Windmills
Genesis","Impulse Amplifier
Unstoppable Force
Close To Melee
Surrounded
Incandescent","Ambush
Hakke Breach Armaments","Stab em
Good frame, weak column 1 perks.
","","A","Operation: Seraph's Shield Legacy Loot
Modifier Classic Collections: ON","Yes"
"","Nezarec's Whisper","Glaive","Energy","Arc","Adaptive","Tempered Truss
Auxiliary
Ballistic Tuning","Swap Mag
Accurized
Extended Mag","Handling
Range
Shield Duration","Impulse Amplifier
Tilting at Windmills
Genesis","Unstoppable Force
Frenzy
Vorpal Weapon","Extrovert","Stab em
Good frame, good perks. Origin activates surrounded by 3 targets within 15 meters, kills/glaive melee kills restore 60 hp 0.25s after a kill.","","S","Presage
Legacy Loot
Modifier Classic Collections: ON","Yes"
"","Refusal of the Call (Pit of Heresy Variant)","Glaive","Kinetic","Strand","Adaptive","Tempered Truss
Auxiliary
Ballistic Tuning","Swap Mag
Accurized
Extended Mag","Handling
Range
Shield Duration","Impulse Amplifier
Slice
Close To Melee
Chain Reaction
Discord","Unstoppable Force
Mega Kill Clip
Chaos Reshaped
Aggregate Charge
Sword Logic
Desperate Measures","Willing Vessel
Heretical Behavior","Stab em
Good frame, great perks.
Good origin traits.
Mega Kill Clip increase damage to 191 per shot.
Slice can be applied via Glaive Melee.","","S","Pit of Heresy Dungeon","No"
"","Forthcoming Deviance","Glaive","Energy","Void","Rapid-Fire","Tempered Truss
Auxiliary
Ballistic Tuning","Swap Mag
Accurized
Extended Mag","Handling
Range
Shield Duration","Impulse Amplifier
Disruption Break
Repulsor Brace
Dimensional Shift","Unstoppable Force
Chaos Reshaped
Close To Melee
Chain Reaction
Destabilizing Rounds
Desperate Measures
Vorpal Weapon","Collective Purpose","Stab em
Bad frame, good perks.
Disruption Break for team play/melee followups
Origin provide range & handling near allies.
Void synergy.","","B","Salvation's Edge Raid","Yes"
"","Unexpected Resurgence","Glaive","Energy","Arc","Adaptive","Tempered Truss
Auxiliary
Ballistic Tuning","Swap Mag
Accurized
Extended Mag","Handling
Range
Shield Duration","Impulse Amplifier
Thresh
Tilting At Windmills","Impulse Amplifier
Unstoppable Force
Close To Melee
Swashbuckler
Surrounded
Frenzy
Vorpal Weapon","Alacrity
One Quiet Moment","Stab em
Only double Impulse Amplifier Glaive to ever exist.
Large list of good column 2 perks.","","S","Unobtainable (Trials Discontinued)","No"
"","Refusal of the Call (Episode: Heresy / Xur Variant)","Glaive","Kinetic","Strand","Adaptive","Tempered Truss
Auxiliary
Ballistic Tuning","Swap Mag
Accurized
Extended Mag","Handling
Range
Shield Duration","Impulse Amplifier
Slice
Tilting At Windmills
Discord","Disruption Break
Unstoppable Force
Close To Melee
Melee Momentum
Sword Logic
Vorpal Weapon","Willing Vessel
Runneth Over","Stab em
Good frame, great perks.
Good origin traits.
Only Impulse + Disruption Break Glaive.
Slice can be applied via Glaive Melee.","","S","Currently only available via chance at Xur Only","No"
"","Aureus Neutralizer","Hand Cannon","Kinetic","Kinetic","Spread Shot","Corkscrew
Barrelshroud
Smallbore","Accurized","Range
Handling","Threat Detector
Lone Wolf
Vorpal Weapon
Barrel Constrictor","Trench Barrel
Opening Shot
Closing Time
One-Two Punch
Cascade Point
Desperate Measures
","Fleet Footed
Roar of Battle
Hakke Breach Armaments","Primary ammo ""sawed off"" shotgun frame.
Best-in-Class stat package, perk options, and origin traits.
Trench Barrel for ease of use.
Vorpal/Trench vs. supers.
Opening Shot for distance.
Cascade Point TtK shift = 0.60->0.36!!!","","S","Trials of Osiris / Saint-14 Vendor","No"
"","Austringer","Hand Cannon","Kinetic","Kinetic","Adaptive","Hammer-forged
Smallbore
Corkscrew","Ricochet Rounds","Range","Eye of the Storm","Rangefinder
Zen Moment
Opening Shot","To Excess","Consistency HC.","","A","Presage Legacy Loot
Modifier Classic Collections: ON","Yes"
"","Better Devils","Hand Cannon","Kinetic","Strand","Adaptive","Hammer-forged
Smallbore
Corkscrew","Accurized Rounds","Range","Slideshot
Slice
Rangefinder","Magnificent Howl
Explosive Payload
Opening Shot","Accelerated Assault","Slice Handcannon","","A","Crucible / Shaxx Vendor","No"
"","Bottom Dollar","Hand Cannon","Energy","Void","Aggressive","Smallbore
Hammer-forged
Corkscrew","Accurized Rounds","Range
Stability","Slideshot
Rangefinder
Hipfire Grip","Disruption Break
Eye of the Storm
Opening Shot","Gun and Run","Disruption Break 120 HC for team shooting. 108 weapons enables 2h1b Ease-of-use ttk shift.","","B","Gambit / Drifter Vendor","No"
"","Cantata-57","Hand Cannon","Energy","Arc","Adaptive","Smallbore
Hammer-forged
Corkscrew","Accurized Rounds","Range
Stability","Eye of the Storm
Rapid Hit","Vorpal Weapon
Rangefinder
Opening Shot","Suros Synergy","Vorpal Weapon 140 HC in energy slot.","","C","Gunsmith Legacy Focusing","No"
"","Corundum Hammer","Hand Cannon","Kinetic","Strand","Adaptive","Hammer-forged
Smallbore
Corkscrew","Accurized Rounds","Range
Stability","Slideshot
Lone Wolf
Slice","Keep Away
Explosive Payload
Opening Shot","Fleet Footed
Roar of Battle","In-Air Gunplay via Lone Wolf & Fleet Footed. Awkward base recoil direction. Recommend adjusting via barrels & mod for controller input.","","A","Trials of Osiris / Saint-14 Vendor","No"
"","Crimil's Dagger","Hand Cannon","Kinetic","Kinetic","Aggressive","Smallbore
Corkscrew
Polygonal","Accurized Rounds
Steady Rounds","Range
Stability","Slideways
Slideshot
Lone Wolf","Adagio
Precision Instrument
Eye of the Storm","Skulking Wolf
Hakke Breach Armaments","Best-in-Class stat package for Kinetic 120 HCs.
108 weapons for 2h1b ease of use.
Weapons Stat >=108 for 2c w/ adagio
Skulking Wolf
Great perk choices in both columns","","S","Iron Banner / Saladin Vendor","No"
"","Epochal Integration","Hand Cannon","Energy","Solar","Adaptive","Hammer-forged
Smallbore
Corkscrew","Accurized Rounds
Ricochet Rounds","Range
Stability","Slideshot
Keepaway
Opening Shot","Magnificent Howl
Eye of the Storm
Chaos Reshaped","Harmonic Resonance
Nanotech-Tracer Missile","Decent 140 with good perk options.
Harmonic Resonance DOES buff Conditional Finality handling.
Can pair w/ Briar's Contempt or Koraxis's Distress for further buffs to all 3 weapons.
Nano-missile good for cleanup.","","A","Neptune Activities","No"
"","Exalted Truth","Hand Cannon","Energy","Void","Adaptive","Smallbore
Hammer-forged
Corkscrew","Accurized Rounds
","Range
Stability","Slideshot
Keep Away
Lone Wolf
Withering Gaze
Moving Target","Precision Instrument
Opening Shot
Magnificent Howl
Eye of the Storm
Repulsor Brace","Fleet Footed
Suros Synergy
Roar of Battle","In-Air Gunplay 140.
Fleet Footed makes this a semi-lightweight when active.
Withering Gaze can punish players who overextend, as it applies weaken's 20% slow.
Withering + Repulsor for easy overshields.
Low base AA.","","A","Trials of Osiris / Saint-14 Vendor","No"
"","Eyasaluna","Hand Cannon","Kinetic","Stasis","Adaptive","Hammer-forged
Smallbore
Corkscrew","Ricochet Rounds
","Range
Stability","Slideshot
Rangefinder
Zen Moment","Moving Target
Chaos Reshaped
Headstone","Unburied Treasure","Consistency HC.
Res-Blocking via Headstone.
AoE via Firefly + Headstone","","S","Grasp of Avarice Dungeon","No"
"","Fatebringer","Hand Cannon","Kinetic","Kinetic","Adaptive","Smallbore
Hammer-forged
Corkscrew","Accurized Rounds","Range
Stability","Keep Away
Opening Shot
Explosive Payload","Magnificent Howl
Eye of the Storm
Elemental Honing","Timelost Magazine","Increased Super generation via Origin trait.","","A","Vault of Glass Raid","Yes"
"","Finite Impactor","Hand Cannon","Energy","Solar","Adaptive","Hammer-forged
Smallbore
Corkscrew","Ricochet Rounds
High-Caliber Rounds
Armor Piercing Rounds","Range
Stability","Slideways
Elemental Capacitor
Fragile Focus","Magnificent Howl
Iron Reach
Moving Target","Skulking Wolf","Only Skulking Wolf 140 HC.","","A","Iron Banner / Saladin Vendor","No"
"","Igneous Hammer","Hand Cannon","Energy","Solar","Aggressive","Smallbore
Hammer-forged
Corkscrew","Ricochet Rounds
High-Caliber Rounds
Armor Piercing Rounds","Range
Stability","Slideshot
Keep Away
Lone Wolf","Adagio
Precision Instrument
Eye of the Storm","Fleet Footed","Best-in-Class 120 stat package.
Strong origin trait options.
Fleet Footed effectively makes this a Semi-Lightweight 120.
Can easily chain kills with Adagio + 108 weapons.
Weapons Stat >=108 for 2c w/ Adagio, or 2h1b neutral ease of use shift.","","S","Trials of Osiris / Saint-14 Vendor","No"
"","Kindled Orchid","Hand Cannon","Energy","Void","Adaptive","Smallbore
Hammer-forged
Corkscrew","Accurized Rounds","Range
Stability","Kill Clip
Rangefinder
Keep Away","Master of Arms
Magnificent Howl
Eye of the Storm","Forge's Kin","2-tap 140.
TTK shift via Kill Clip + Mag Howl 
OR 
110 weapons + Kill Clip + Master of Arms x1: 0.87 -> 0.43","","S","Arena Ops / Zavala Vendor","No"
"","Loud Lullaby","Hand Cannon","Kinetic","Stasis","Aggressive","Smallbore
Corkscrew
Hammer-forged","Accurized Rounds","Range
Stability","Slideshot
Lone Wolf
Headstone","Precision Instrument
Swashbuckler
Kill Clip","Loss","2-tap 120 via Swashbuckler instead of Adagio. Requires no weapons stat at x4 or x5 to 2-tap.
INSANE Origin trait that provides AA, Stability and Handling passively.","","S","Moon Destination","No"
"","Luna's Howl","Hand Cannon","Energy","Solar","Precision (140 RPM)","Fullbore
Hammer-forged
Smallbore","Richochet Rounds
High-Caliber Rounds
Armor Piercing Rounds","Range
Stability","Slideshot
Keep Away","Magnificent Howl
Chaos Reshaped
Opening Shot","Indomitability","Unique Precision 140 frame. 
Accurate in-air gunplay.
Weaker energy slot alternative to Solemn Remembrance.","","A","Onslaught","No"
"","Modified B-7 Pistol","Hand Cannon","Kinetic","Stasis","Dynamic (180RPM Primary Ammo)","Fullbore
Hammer-forged
Smallbore","Overclocked Heatsink","Range","Delicate Tuning
Keep Away
Firefly","Opening Shot
Eye of the Storm
Headstone
Built To Blast","Accelerated Assault","SHOUTOUT CAMMY CAKES <3 WE STAN OUR KING
Arguably the best 180 RPM Handcannon.
Overclocked Heatsink + Weapons needed.
180 weapons for neutral 3 tap. Frostees/Stasis Surge x1 reduces this to 145(?) weapons stat.
TtK shift via Overclocked + Weapon Stat/Stasis Surge or Bakris Light Shift x1: 1.00->0.67
Synergy w/ Frostees, Mask of Bakris, and Cadmus Ridge Lancecap.","","S","Lawless Frontier","No"
"","Mos Athanor IV","Hand Cannon","Energy","Void","Aggressive","Smallbore
Hammer-forged
Corkscrew","Richochet Rounds
High-Caliber Rounds
Armor Piercing Rounds","Range
Stability","Slideways
Keep Away
Lone Wolf","Adagio
Precision Instrument
Eye of the Storm","Accelerated Assault
Roar of Battle
Wild Card","Res block/prevention via Wild Card.
Weapons Stat >=108 for 2c w/ Adagio and 2h1b ease of use shift.","","S","Monument of Triumph","No"
"","Nation of Beasts","Hand Cannon","Energy","Arc","Adaptive","Smallbore
Hammer-forged
Corkscrew","Accurized Rounds","Range
Stability","Gear Shift","Kill Clip
Golden Tricorn","Explosive Pact","2-tap Handcannon.
Use Bakris and/or Amplified Sources with Gear Shift + Kill Clip or Golden Tricorn.
Can actually 1 tap w/ Gear Shift x5 + Golden Tricorn x2 + Bakris Light Shift x3 + Arc Surge x1 Buffs all stacked.","","S","Last Wish Raid","Yes"
"","Rose","Hand Cannon","Kinetic","Kinetic","Lightweight","Hammer-forged
Smallbore
Corkscrew","Accurized Rounds","Range
Stability","Slideways
Slideshot
Lone Wolf
Keep Away
Moving Target","Rangefinder
Precision Instrument
Explosive Payload
Eye of the Storm
Magnificent Howl
Opening Shot","None (Has access to Grips instead)
Grips are up to user preference.
","""But you are not his equal. None are.""
Lightweight/Movement
Best-in-class complete package of all Lightweight handcannons.
No Origin trait, has access to grips instead for higher stat package.
DO NOT DELETE OLD **Vorpal Weapon** rolls. No longer obtainable.","","S","Comp / Shaxx Vendor","No"
"","Round Robin","Hand Cannon","Kinetic","Strand","Aggressive","Smallbore
Hammerforged
Corkscrew","Ricochet Rounds
Accurized Rounds","Range
Stability","Slideshot
Keep Away","Adagio
Precision Instrument
","Nanotech Tracer Missiles","Passive chip damage via Origin trait can tip gunfights.
Weapons Stat >=108 for 2c w/ Adagio and 2h1b ease of use shift.","","A","Neptune Destination","Yes"
"","Seventh Seraph Officer Revolver","Hand Cannon","Kinetic","Kinetic","Precision","Fullbore
Hammerforged
Smallbore","Accurized Rounds
Seraph Rounds","Range","Lone Wolf
Bewildering Burst","Precision Instrument
All-Star
Adhesive Ordnance","Eyes Up
Rasputin's Arsenal","Enhanced Precision Instrument w/ 170? Weapons enables 3-tap from neutral.
TTK Shift via PI + 170? weapons, All-Star, Adhesive Ordnance x1, or Frenzy: 1.00->0.67
Good origin trait options.
Column 1 only has Lone Wolf or Bewildering Burst.","","B","Cosmodrome Destination","No"
"","Sightline Survey","Hand Cannon","Energy","Arc","Precision","Fullbore
Hammerforged
Smallbore","Accurized Rounds","Range","Keep Away
Fragile Focus","Precision Instrument","Radiolaria Transposer","2nd best 180 RPM Handcannon, especially on Hunter.
Enhanced Precision Instrument w/ 170? Weapons enables 3-tap from neutral.
TTK shift via PI + 170? weapons, Kill Clip, or Desperate Measures x1: 1.00->0.67
Synergizes w/ Mask of Bakris Light Shift to enable 3-tap from neutral on Hunter.","","S","Encore Exotic Mission 
Classic Collections Modifier: ON","Yes"
"","Solemn Lie","Hand Cannon","Energy","Arc","Lightweight","Hammer-forged
Smallbore
Corkscrew","Ricochet Rounds
High-Caliber Rounds
Armor Piercing Rounds","Range
Stability","Slideshot
Rangefinder
Keep Away","Opening Shot
Lone Wolf
Eye of the Storm","None (Has access to Grips instead)
Grips are up to user preference.","""Flawless Cowboy.""
Lightweight/Movement
No Origin trait, has access to grips instead for higher stat package.","","S","Comp / Shaxx Vendor","No"
"","Solemn Remembrance","Hand Cannon","Kinetic","Stasis","Precision (140 RPM)","Hammer-forged
Fullbore
Smallbore","Accurized Rounds","Range
Stability
Handling","Slideshot
Lone Wolf
Moving Target
Zen Moment
Headstone","Keep Away
Precision Instrument
Eye of the Storm
Magnificent Howl
Opening Shot
Firefly","None (Has access to Grips instead)
Grips are up to user preference.","Unique Precision 140 frame. 
Accurate in-air gunplay.
EXTREME/MAX range.
No Origin trait, has access to grips instead for higher stat package.","","S","Comp / Shaxx Vendor","No"
"","Spare Rations","Hand Cannon","Kinetic","Stasis","Lightweight","Hammer-forged
Smallbore
Corkscrew","Accurized Rounds","Range
Stability","Slideshot
Keep Away
Moving Target","Explosive Payload
Opening Shot
Eye of the Storm","Gun and Run","Lightweight/Movement
Stasis alternative to Rose, but weaker overall perk selection. 
Best-in-class BASE stat package.","","S","Gambit / Drifter Vendor","No"
"","Triple Laureate","Hand Cannon","Kinetic","Stasis","Spread Shot","Corkscrew
Barrelshroud
Smallbore","Accurized","Range
Handling","Slideshot
Rangefinder","Trench Barrel
Master of Arms
Opening Shot","Classy Contender
Hakke Breach Armaments","Primary ammo ""sawed off"" shotgun frame.
Trench Barrel & Master of Arms for ease of use.
Opening Shot for distance.
Lacks neutral handling perk.","","A","Tenet of Bravery","No"
"","True Prophecy","Hand Cannon","Energy","Arc","Aggressive","Smallbore
Corkscrew
Hammer-forged","Accurized Rounds","Range
Stability","Rangefinder
Lonewolf
Opening Shot","Precision Instrument
Swashbuckler
Adrenaline Junkie","Fail-deadly
Nadir Focus","Ability build 120. 
Swash/Adrenaline pairs.","","B","Nessus Destination","No"
"","Trust","Hand Cannon","Energy","Solar","Precision","Fullbore
Hammerforged
Smallbore","Accurized Rounds","Range","Slideshot
Keep Away
Opening Shot
Firefly","Precision Instrument
Magnificent Howl
Dragonfly","Gun and Run","Enhanced Precision Instrument w/ 170? Weapons enables 3-tap from neutral.
TTK Shift via PI + 170? weapons, Mag Howl x1, or Frenzy: 1.00->0.67","","A","Gambit / Drifter Vendor","No"
"","Uncivil Discourse","Hand Cannon","Energy","Arc","Dynamic Heat (180 RPM Special Ammo)","Arrowhead
Hammer-forged
Smallbore","Overclocked Heatsink","Range
Stability
Handling","Delicate Tuning
Lone Wolf
Keep Away","Precision Instrument
Desperate Measures
Opening Shot","Accelerated Assault
Air-Cooled Core","SPECIAL AMMO HANDCANNON
Functionally slower RPM Legendary Forerunner equivalent.
Exceptional Range -- 48.0M at 100 Range.
Overclocked + Precision Instrument OR DM x1 for TtK shift = 1.00->0.67","","S","Lawless Frontier","No"
"","Waking Vigil","Hand Cannon","Energy","Arc","Lightweight","Smallbore
Corkscrew
Hammer-forged","Ricochet Rounds
High-Caliber Rounds
Armor Piercing Rounds","Range
Stability","Rangefinder
Keep Away
Perpetual Motion","Opening Shot
Eye of the Storm
Gear Shift","Advanced Reflexes","Lightweight/Movement
Weakest of the Lightweight Hand Cannon options.
No Slideshot or Slideways.","","A","Dreaming City Destination","No"
"","Word of Crota","Hand Cannon","Energy","Void","Precision","Hammer-forged
Fullbore
Smallbore","Accurized Rounds","Range
","Rangefinder
Rapid Hit
Killing Wind","Precision Instrument
Magnificent Howl
Master of Arms
Sword Logic
Frenzy
Rampage","Cursed Thrall","Enhanced Precision Instrument w/ 170? Weapons enables 3-tap from neutral.
TTK Shift via PI + 170? weapons, Mag Howl x1, Rampage x1, Focused Fury, Sword Logic, Master of Arms, or Frenzy: 1.00->0.67","","A","Crota's End Raid","Yes"
"","Phoneutria Fera","Hand Cannon","Energy","Solar","Spread Shot","Hammer-forged
Fluted Barrel
Corkscrew","Accurized","Range
Handling","Threat Detector
Slideshot","Swashbuckler
One-Two Punch
Surrounded
Frenzy","Tenacity
Hakke Breach Armaments","Primary ammo ""sawed off"" shotgun frame.
Best-in-class stat package and origin in Energy slot.
Swash & Surrounded for ease of use.
One-Two Punch vs. Supers
Tenacity adds 0.5% damage, 5 Handling, and 5 stability per stack.
Total of +10% dmg, 50 handling, 50 stability.","","S","Tenet of Bravery","No"
"","Sarpedon-D","Hand Cannon","Energy","Arc","Spread Shot","Corkscrew
Barrelshroud
Smallbore","Accurized","Range
Handling","To The Pain","Trench Barrel
One-Two Punch
Desperate Measures","Vanguard Determination
Hakke Breach Armaments
Problem Solver","Primary ammo ""sawed off"" shotgun frame.
Trench Barrel & Desperate Measures for ease of use.
Trench/1-2Punch vs. Supers
Weak Column 1 perks.","","B","Tenet of Bravery","No"
"","Ironwood 03","Hand Cannon","Energy","Void","Spread Shot","Corkscrew
Barrelshroud
Smallbore","Accurized","Range
Handling","Killing Wind
Repulsor Brace
Dimensional Shift","Threat Detector
Quickdraw
Master of Arms
One-Two Punch
Surrounded
Destabilizing Rounds","Carrion Munitions","Primary ammo ""sawed off"" shotgun frame.
Master of Arms or Surrounded for ease of use.
Quickdraw or Threat Detector for handling.
Potential void build synergy but otherwise weak column 1 perks.
","","A","Distortions Events","No"
"","D.F.A. (Monument of Triumph variant)","Hand Cannon","Kinetic","Kinetic","Adaptive","Hammer-forged
Smallbore
Corkscrew","Accurized
Steady","Range
Stability","Keep Away
Explosive Payload
Adhesive Ordnance","Opening Shot
Kill Clip
Attrition Orbs","Vanguard Determination
Problem Solver","Adhesive Ordnance can enable a 2 tap.
Explosive Payload + Attrititon Orbs can actually make a substantial amount of orbs per game which can activate perks, mods, or supers more frequently. Surprisingly useful.","","A","Vanguard Pinnacle Ops / Zavala Vendor","No"
"","The Palindrome (Monument of Triumph Variant)","Hand Cannon","Energy","Arc","Adaptive","Hammer-forged
Smallbore
Corkscrew","Accurized
Steady","Range
Stability","Lone Wolf
Explosive Payload","Opening Shot
Magnificent Howl
Master of Arms","Wild Card
Vanguard Determination
Problem Solver","Very well rounded stats.
Wild Card for res block/AoE.
Competitive perk options in both slots but lacks meaningful easy-access TtK shifts.
Lone Wolf is unique to this variant and is the best column 1 available across all 3 versions.
Primarily useful for Explosive Payload + Wild Card.","","A","Vanguard Pinnacle Ops / Zavala Vendor","No"
"","Service Revolver","Hand Cannon","Kinetic","Kinetic","Precision","Fullbore
Hammer-forged
Smallbore","Accurized","Range
Stability","Rangefinder
Moving Target","Mega Kill Clip","Nadir Focus
Vanguard Determination","One of two primary weapons w/ access to Mega Kill Clip.
TtK shift 1.00->0.67 while active. Spam reload after kill to continually refresh timer.","","A","Vanguard Fireteam Ops / Zavala Vendor","No"
"","Sixth Sense","Hand Cannon","Kinetic","Strand","Aggressive","Smallbore
Corkscrew
Polygonal","Accurized
Steady","Range
Stability","Explosive Payload
Keep Away
Built To Blast","Opening Shot
Eye of the Storm
Meganeura","Wild Card
Hammer, Meet Nail","Lacks Adagio or Precision Instrument, the two strongest perks for a 120 HC.
Triple AoE perks can cause disruption in team shot environments.
Res prevention/AoE via Wild Card.","","C","Tenet of Bravery","No"
"","Midnight Coup (Monument of Triumph Variant)","Hand Cannon","Kinetic","Kinetic","Adaptive","Hammer-forged
Smallbore
Corkscrew","Accurized
Steady","Range
Stability","Moving Target
Explosive Payload
Firefly","Zen Moment
Kinetic Tremors
Opening Shot","Indomitable","Decent consistency option for handcannons.
Exceptionally high base AA, with the option to have neutral 100 w/ Moving Target.
Explosive Payload + Kinetic Tremors can be very punishing against unsuspecting targets as it activates on 4 hits.","","A","Onslaught","No"
"","Malediction (Monument of Triumph Variant)","Hand Cannon","Kinetic","Kinetic","Aggressive","Smallbore
Corkscrew
Polygonal","Accurized
Steady","Range
Stability","Keep Away
Moving Target
Discord","Tap The Trigger
Eye of the Storm
Kill Clip","Wild Card
Vanguard Determination","Uniquely has Tap The Trigger on a 120 HC.
Lacks slide perks. Wild Card for res prevention/AoE.
Kill Clip + 145 weapons ttk shift: 1.00 -> 0.50","","B","Vanguard Solo Ops / Zavala Vendor","No"
"","Unloved (Monument of Triumph Variant)","Hand Cannon","Kinetic","Strand","Heavy Burst","Smallbore
Corkscrew
Polygonal","Ricochet
High-Caliber
Armor Piercing","Range
Stability","Rapid Hit
High-Impact Reserves
Dragonfly","Elemental Honing
Paracausal Affinity
Frenzy","Subjugation","2-round burst handcannon.
Ele Honing TtK shift from neutral.
Ele Hone x2, Rampage x1, Paracausal Affinity, or Frenzy = 0.93 -> 0.53","","B","Sundered Doctrine Dungeon","No"
"","Warden's Law","Hand Cannon","Kinetic","Kinetic","Heavy Burst","Smallbore
Corkscrew
Polygonal","Accurized
Steady","Range
Stability","Moving Target
Perpetual Motion
To The Pain","Kill Clip
Vorpal Weapon
Rampage","Vanguard Determination
Problem Solver","2-round burst handcannon.
Surprisingly effective Vorpal Weapon in Kinetic Slot, able to 2 burst most supers.
Lackluster column 1 perks, no neutral TTK shift perks in column 2.
Kill Clip, Rampage x1, Adrenaline Junkie x2, or Frenzy = 0.93 -> 0.53","","B","Vanguard / Zavala Vendor","No"
"","Maahes HC4","Hand Cannon","Energy","Void","Heavy Burst","Smallbore
Corkscrew
Polygonal","Accurized
Steady","Range
Stability","Rapid Hit
Perpetual Motion","Disruption Break
Golden Tricorn
Swashbuckler","Omolon Fluid Dynamics","2-round burst handcannon.
Lackluster column 1 perks, no neutral TTK shift perks in column 2.
Golden Tricorn x1, Swashbuckler x2, or Frenzy = 0.93 -> 0.53
Disruption Break for team shot gameplay.","","C","Gunsmith Vendor","No"
"","Bold Endings","Hand Cannon","Kinetic","Stasis","Heavy Burst","Smallbore
Corkscrew
Polygonal","Accurized
Steady","Range
Stability","Opening Shot
Headstone
Rapid Hit
Strategist","Golden Tricorn
Desperate Measures
Moving Target
Eye of the Storm
Dragonfly
Frenzy","Dealer's Choice","Only craftable 2-round burst handcannon.
No neutral TTK shift perks, but can use Mask of Bakris to achieve it.
Headstone res block.
Mask of Bakris Light Shift x1, Golden Tricorn x1, Desp Measures x1, Collective Action, or Frenzy = 0.93 -> 0.53
INSANE Origin provides extra Super gen, bonus further increased when paired w/ other Dealer's Choice weapons.
This is extremely pertinent as this is a PRIMARY weapon, which means free bonus super gen in the backpack when paired w/ a Dealer's Choice Special/Heavy.
Enhanced Dealer's Choice x1 = +0.6%(?), x2 = +2%(?), x3 = +5%(?)","","A","Pale Heart Destination","Yes"
"","Agape","Hand Cannon","Energy","Solar","Heavy Burst","Smallbore
Corkscrew
Polygonal","Ricochet
High-Caliber
Armor Piercing","Range
Stability","Moving Target
Encore
Heal Clip","Master of Arms
Vorpal Weapon","Exhaustive Research","2-round burst handcannon.
Surprisingly effective Vorpal Weapon in Energy Slot, able to 2 burst most supers.
Lackluster column 1 perks, no neutral TTK shift perks in column 2.
Master of Arms x1 = 0.93 -> 0.53
Origin is borderline useless.","","C","Kepler Destination","No"
"","Something New","Hand Cannon","Kinetic","Stasis","Aggressive","Smallbore
Corkscrew
Polygonal","Ricochet
High-Caliber
Armor Piercing","Range
Stability","Keep Away
Built To Blast
Rapid Hit","Precision instrument
Kill Clip
Headstone","Nadir Focus
Dream Work","No slide perks. Lacks Adagio.
Kill Clip / Binary Orbit + 145 weapons TtK shift: 1.00 -> 0.50
Frostees or x1 Stasis Surge reduces weapons req. to 115.","","A","Tenet of Bravery","No"
"","Survivor's Epitaph","Hand Cannon","Kinetic","Kinetic","Precision","Fullbore
Hammer-forged
Smallbore","Ricochet
High-Caliber
Armor Piercing","Range
Stability","High-Impact Reserves
Moving Target
Eye of the Storm","Precision instrument
Kill Clip
Multikill Clip","Accelerated Assault
Roar of Battle
Tex Balanced Stock","Surprisingly effective 180 RPM Precision handcannon.
Combining High-Impact Reserves + PI + Accelerated Assault can just sporadically cause 3-taps with no weapons investment.
Pair PI w/ 170? weapons for neutral TTK shift to 3-tap.
1.00->0.67","","A","Crucible / Lord Shaxx Vendor","No"
"","Vulpecula","Hand Cannon","Kinetic","Stasis","Precision","Fullbore
Hammer-forged
Smallbore","Accurized
Steady","Range
Stability","Headstone
Killing Wind
Shoot To Loot","Eye of the Storm
Explosive Payload
Adagio","Ignoble Deeds","Mostly PvE focused perk pools in both columns.
Lacks PI or other damage perks to make up for base precision HC frame weaknesses.
Headstone res block.
Adagio ttk shift: 1.00 -> 0.80","","F","Shattered Throne Dungeon","No"
"","Zaouli's Bane (King's Fall Variant)","Hand Cannon","Energy","Solar","Adaptive","Hammer-forged
Smallbore
Corkscrew","Accurized
Steady","Range
Stability","Explosive Payload
Keep Away
Opening Shot","Eye of the Storm
Meganeura
Incandescent","Runneth Over","Primarily PvE focused perk options in both slots.
Double AoE via Exp Payload + Meganeura/Incan/Firefly can punish teams laning together.","","C","King's Fall Raid","Yes"
"","Judgment (Monument of Triumph Variant)","Hand Cannon","Kinetic","Stasis","Adaptive","Hammer-forged
Smallbore
Corkscrew","Accurized
Steady","Range
Stability","Keep Away
Lone Wolf
Headstone","Rangefinder
Opening Shot
Precision Instrument","Crossing Over","Competitive perk options in both columns
Headstone res block in Column 1
Origin provides Range & Handling above 50% mag, and +2-4% damage under 50%.
Loss of Vorpal & Slideshot hurts this weapon compared to its predecessors.","","B","Prophecy Dungeon","No"
"","Yesterday's Question","Hand Cannon","Energy","Arc","Heavy Burst","Smallbore
Corkscrew
Polygonal","Ricochet
High-Caliber
Armor Piercing","Range
Stability","Lone Wolf
Rapid Hit
Dragonfly","Desperate Measures
Headseeker
Vorpal Weapon","Fleet Footed
Roar of Battle
(Alacrity &
One Quiet Moment)","2-round burst handcannon.
Surprisingly effective Vorpal Weapon in Energy Slot, able to 2 burst most supers.
No neutral TTK shift perks. Can be achieved via Mask of Bakris Light Shift though.
TtK shift via Light Shift x1 or Desperate Measures x1 = 0.93 -> 0.53","","A","Trials of Osiris / Saint-14 Vendor","No"
"","Judgment (Rite of the Nine Variant)","Hand Cannon","Kinetic","Stasis","Adaptive","Hammer-forged
Smallbore
Corkscrew","Accurized
Steady","Range
Stability","Slideshot
Keep Away
Lone Wolf
Headstone","Opening Shot
Precision Instrument
Paracausal Affinity","Crossing Over
Gravity Well","Competitive perk options in both columns
Headstone res block in Column 1
Has access to alternate Origin Gravity Well.
Grav Well picks up all ammo bricks on ground within 15yds on reload. Can activate ""On ammo pickup"" perks such as Twofold Crown 2pc, or Adhesive Ordnance.
Origin (non-enhanced) provides Range & Handling above 50% mag, and +1.5-3% damage under 50%.
Non-tiered, but enhanceable.","","B","Unobtainable (Previously Rite of the Nine)","No"
"","Frontier's Cry","Hand Cannon","Energy","Solar","Precision","Fullbore
Hammer-forged
Smallbore","Accurized
Steady","Range
Stability","Rapid Hit
Tunnel Vision","Kill Clip
Adagio
Eye of the Storm","Skulking Wolf","Lackluster Column 1 & 2 perks.
Lacks Precision Instrument and other perks to neutral shift TTK.
TtK shift via Kill Clip: 1.00 -> 0.67
Adagio => 0.80
Low base stats.","","D","Iron Banner / Valus Saladin Vendor","No"
"","Optative","Hand Cannon","Energy","Void","Precision","Fullbore
Hammer-forged
Smallbore","Accurized
Steady","Range
Stability","Keep Away
Rapid Hit
Hip-fire Grip","Kill Clip
Golden Tricorn
Zen Moment","Nano-Munitions","Good perks unfortunately paired with a non-synergistic frame.
Lacks Precision Instrument and other perks to neutral shift TTK.
TtK shift via Kill Clip & Golden Tricorn x1: 1.00 -> 0.67
Low base stats.","","D","Encore Exotic Mission 
Classic Collections Modifier: ON","Yes"
"","Targeted Redaction","Hand Cannon","Energy","Void","Aggressive","Smallbore
Corkscrew
Polygonal","Accurized
Steady","Range
Stability","Well-Rounded
Perfect Float","Focused Fury
Keep Away","Unsated Hunger","Lackluster Column 1 & 2 perks overall.
Primarily look to activate Focused Fury + 145 Weapons stat via peeking then engage w/ TTK shift enabled via perk.
Focused Fury TtK shift: 1.00 -> 0.50","","B","Xur","Yes"
"","Crisis Inverted","Hand Cannon","Energy","Arc","Adaptive","Hammer-forged
Smallbore
Corkscrew","Ricochet
High-Caliber
Armor Piercing","Range
Stability","Moving Target
Rapid Hit
Under Pressure","Rangefinder
Opening Shot
Vorpal Weapon","Omolon Fluid Dynamics","One of the few still available Vorpal Weapon 140 HC.
Lacks Slide perks.
Non-tiered, non-enhanceable.","","C","Lord Shaxx Vendor Legacy Focusing","No"
"","Annual Skate","Hand Cannon","Energy","Solar","Adaptive","Crossfire HCS
Hitmark HCS
Truesight HCS","Accurized
Steady","Range
Stability","Slideshot","Opening Shot","None","Low base stats. No origin.
Sights instead of barrels.
Non-tiered, non-enhanceable.","","C","Xur / Dares of Eternity Loot Pool","No"
"","Ikelos_HC_v1.0.3","Hand Cannon","Energy","Void","Precision","Fullbore
Hammer-forged
Smallbore","Accurized
Seraph Rounds
Steady","Range
Stability","Well-Rounded
Rapid Hit
Offhand Strike","Focused Fury
Golden Tricorn
Frenzy","Rasputin's Arsenal","Lackluster perk options for PvP.
Primarily look to activate Focused Fury via peeking then engage w/ TTK shift enabled via perk.
Focused Fury, Frenzy, Golden Tricorn x1, or Rampage x1 Ttk shift: 1.00 -> 0.67
Low base range.","","D","Operation: Seraph's Shield Legacy Loot
Modifier Classic Collections: ON","Yes"
"","Dire Promise","Hand Cannon","Kinetic","Kinetic","Adaptive","Crossfire HCS
Hitmark HCS
Truesight HCS","Ricochet
High-Caliber
Armor Piercing","Range
Stability","Opening Shot
Snapshot Sights","Rangefinder
Elemental Capacitor
Swashbuckler","None","""See you, Space Cowboy...""
VERY HIGH AA. No origin.
Opening shot & Rangefinder make this a solid competitive choice.
Non-tiered, non-enhanceable.","","A","Xur / Dares of Eternity Loot Pool","No"
"","Ancient Gospel","Hand Cannon","Energy","Void","Adaptive","Hammer-forged
Smallbore
Corkscrew","Accurized
Steady","Range
Stability","Lone Wolf
Eye of the Storm
Rampage","Precision Instrument
Rangefinder
Explosive Payload
Kill Clip
Swashbuckler","Photoinhibition","Stacked perk options & exceptional Origin.
TTK shift via Rampage x2 + Kill Clip OR Rampage x1 + Swashbuckler x4: 0.87 -> 0.43
Very strong option vs. Overshields & Woven Mail due to PI + Origin.
Lower than average base AA & stats for 140 HCs.","","A","Garden of Salvation Raid","Yes"
"","Pure Poetry","Hand Cannon","Kinetic","Kinetic","Aggressive","Smallbore
Corkscrew
Polygonal","Ricochet
High-Caliber
Armor Piercing","Range
Stability","Fragile Focus
Well-Rounded
Perpetual Motion","Opening Shot
Eye of the Storm
Elemental Capacitor","Vanguard's Vindication
Hakke Breach Armaments","Very low base stats.
Lackluster column 1 perks.
Mid origin traits. Non-tiered, non-enhanceable.","","C","Zavala Vendor Legacy Focusing","No"
"","Not Forgotten","Hand Cannon","Energy","Solar","Precision (140 RPM)","Extended Barrel","Accurized","Range","Zen Moment","Magnificent Howl","None","""Never thought it'd end like this, huh, Maria?""
Curated roll, precision 140 RPM. Excellent AE and low recoil.
Very competitive out-of-the-box option.
Non-tiered, non-enhanceable.","","A","Monument of Lost Lights","No"
"","Posterity","Hand Cannon","Energy","Arc","Precision","Fullbore
Hammer-forged
Smallbore","Accurized","Range
Stability","Voltshot
Killing Wind
Rapid Hit","Focused Fury
Opening Shot
Frenzy","Bray Inheritance","Lackluster perk options for PvP.
Primarily look to activate Focused Fury via peeking then engage w/ TTK shift enabled via perk.
Focused Fury, Frenzy, Rampage x1 Ttk shift: 1.00 -> 0.67","","C","Deep Stone Crypt Raid","Yes"
"","Exuviae","Hand Cannon","Kinetic","Stasis","Aggressive","Smallbore
Corkscrew
Polygonal","Accurized
Steady","Range
Stability","Lone Wolf
Keep Away","Precision Instrument
Headstone","Dark Ether Reaper","Non-tiered, but enhanceable.
Lackluster compared to tiered stasis 120s, particularly Loud Lullaby.
Lacks Slideways/Slideshot & Adagio, and has a nearly useless origin for PvP.","","A","Xur / Kell's Fall Legacy Loot Classic Collections Modifier: ON","No"
"","Combined Action","Hand Cannon","Energy","Arc","Aggressive","Smallbore
Corkscrew
Polygonal","Accurized
Steady","Range
Stability","Zen Moment
Perfect Float","Adagio
Kill Clip","Field-Tested","Easy to obtain Adagio 120 option.
Non-tiered, but enhanceable.
108 Weapons required for Adagio 2-tap, or 2h1b base TtK.","","A","Gunsmith Legacy Focusing","No"
"","Kept Confidence","Hand Cannon","Kinetic","Strand","Adaptive","Hammer-forged
Smallbore
Corkscrew","Accurized
Steady","Range
Stability","Killing Wind
Loose Change","Eye of the Storm
Thresh","Head Rush","Sadly subpar perk options & middling stat package on the most beautiful hand cannon.","","B","Xur","Yes"
"","The Steady Hand","Hand Cannon","Kinetic","Kinetic","Aggressive","Crossfire HCS
Hitmark HCS
Truesight HCS","Ricochet
High-Caliber
Armor Piercing","Range
Stability","Slideshot
Moving Target
Zen Moment","Iron Grip
Snapshot Sights
Swashbuckler","None","Decent 120 despite being powercrept.
Non-tiered, non-enhanceable.","","B","Unobtainable (Previously Iron Banner)","No"
"","Nature of the Beast","Hand Cannon","Energy","Arc","Adaptive","Crossfire HCS
Hitmark HCS
Truesight HCS","Accurized
Steady","Range
Stability","Snapshot Sights
Under Pressure
Hip-fire Grip","Rangefinder
Vorpal Weapon","None","Low base stats. No origin.
Sights instead of barrels.
Rare Vorpal Weapon handcannon in Energy Slot.
Non-tiered, non-enhanceable.","","C","Xur","No"
"","Luna's Howl (Original Variant)","Hand Cannon","Energy","Solar","Precision (140 RPM)","Polygonal","Drop Mag","Stability","Zen Moment","Magnificent Howl","None","""They hear the howls and know fear.""
Curated roll, precision 140 RPM. Excellent AE and low recoil.
Very low range hurts this massively.
Non-tiered, non-enhanceable.","","D","Monument of Lost Lights","No"
"","Zaouli's Bane (Pantheon Variant)","Hand Cannon","Energy","Solar","Adaptive","Hammer-forged
Smallbore
Corkscrew","Accurized
Steady","Range
Stability","Explosive Payload
Firefly","Precision Instrument
Meganeura
Incandescent","Elliptical Orbit
Runneth Over","Primarily PvE focused perk options in both slots.
Double AoE via Exp Payload/Firefly + Meganeura/Incan can punish teams laning together.
Elliptical Orbit is a much better Origin option for general PvP use too.","","B","Pantheon Raid","No"
"","The Palindrome (Season of the Chosen Variant)","Hand Cannon","Energy","Void","Adaptive","Hammer-forged
Smallbore
Corkscrew","Ricochet
High-Caliber
Armor Piercing","Range
Stability","Killing Wind
Quickdraw
Bottomless Grief","Rangefinder
Thresh","Vanguard's Vindication
Stunning Recovery","Original Void variant of the Palindrome.
Non-tiered, non-enhanceable.
Uniquely has Bottomless Grief & Rangefinder.","","C","Unobtainable (Previously Grandmaster Nightfall)","No"
"","Epochal Integration (Season of the Deep Variant)","Hand Cannon","Energy","Solar","Adaptive","Smallbore","Ricochet","Handling","Keep Away
Stats For All","Eye of the Storm
Incandescent","Nanotech Tracer Missiles
Harmonic Resonance","Curated Roll. Solid out-of-the-box option.
Low range slightly offset by Keep Away.
Harmonic Resonance DOES buff Conditional Finality handling.
Can pair w/ Briar's Contempt or Koraxis's Distress for further buffs to all 3 weapons.
Nano-missile good for cleanup.
Non-tiered, non-enhanceable.","","B","""Parting the Veil"" quest on Neptune","No"
"","Exalted Truth (Episode: Heresy Variant)","Hand Cannon","Energy","Void","Adaptive","Hammer-forged
Smallbore
Corkscrew","Accurized
Steady","Range
Stability","Slideshot
Keep Away
Withering Gaze
Lone Wolf
Moving Target
Zen Moment","Precision Instrument
Magnificent Howl
Opening Shot
Eye of the Storm
Repulsor Brace","Alacrity
Suros Synergy
One Quiet Moment","VERY stacked perk pools in both columns.
Withering Gaze can punish people who overextend as it applies a 20% slow.
Wither + Repulsor for easy overshields.
Low base AA.
Non-tiered, but enhanceable.","","A","Unobtainable (Previously Trials of Osiris, possibly Xur now?)","No"
"","Judgment (Season of the Wish Variant)","Hand Cannon","Kinetic","Stasis","Adaptive","Hammer-forged
Smallbore
Corkscrew","Accurized
Steady","Range
Stability","Slideshot
Moving Target
Headstone","Opening Shot
Eye of the Storm
Vorpal Weapon","Crossing Over","Vorpal weapon 140 Handcannon.
Competitive perk options in both columns
Headstone res block in Column 1
Origin (non-enhanced) provides Range & Handling above 50% mag, and +1.5-3% damage under 50%.
Non-tiered, but enhanceable.","","A","Unobtainable (Previously Prophecy Dungeon)","No"
"","Unloved (Episode: Heresy Variant)","Hand Cannon","Kinetic","Strand","Heavy Burst","Smallbore
Corkscrew
Polygonal","Ricochet
High-Caliber
Armor Piercing","Range
Stability","Rapid Hit
Dragonfly
Heating Up","Elemental Honing
Paracausal Affinity
Kill Clip","Subjugation","2-round burst handcannon.
Non-tiered variant. Slightly different perks.
Ele Honing TtK shift from neutral.
Ele Hone x2, Kill Clip, Paracausal Affinity, or Frenzy = 0.93 -> 0.53","","B","Unobtainable (Previously Sundered Doctrine Dungeon)","No"
"","The Palindrome (Episode: Heresy Variant)","Hand Cannon","Energy","Arc","Adaptive","Hammer-forged
Smallbore
Corkscrew","Accurized
Steady","Range
Stability","Explosive Payload
Elemental Capacitor
To The Pain","Opening Shot
Magnificent Howl
Snapshot Sights","Wild Card
Vanguard's Vindication
Stunning Recovery","Non-tiered, but enhanceable variant.
Wild Card + Explosive Payload for AoE/Res block.
Elemental Capacitor is a strong perk option unique to this variant.","","A","Unobtainable (Previously Grandmaster Nightfall, possibly Xur now?)","No"
"","D.F.A. (Season of the Haunted Variant)","Hand Cannon","Kinetic","Kinetic","Adaptive","Hammer-forged
Smallbore
Corkscrew","Accurized
Steady","Range
Stability","Fragile Focus
Perpetual Motion
","Opening Shot
Vorpal Weapon","Vanguard's Vindication
Stunning Recovery","Able to hit 100 standing range w/ Fragile Focus.
Kinetic Vorpal Weapon alternative to Rose.","","A","Unobtainable (Previously Grandmaster Nightfall)","No"
"","Spare Rations (Season of the Deep Variant)","Hand Cannon","Kinetic","Kinetic","Adaptive","Hammer-forged
Smallbore
Corkscrew","Ricochet
High-Caliber
Armor Piercing","Range
Stability","Slideshot
Moving Target","Opening Shot
Vorpal Weapon","Disaster Plan","Kinetic, non-lightweight variant of Spare Rations.
Kinetic Vorpal Weapon alternative to Rose.","","A","Unobtainable (Previously Gunsmith Vendor)","No"
"","Luna's Howl (Into The Light Variant)","Hand Cannon","Energy","Solar","Precision (140 RPM)","Full Bore
Hammer-forged
Smallbore","Ricochet
High-caliber
Armor Piercing","Range
Stability","Slideshot
Eye of the Storm
Heal Clip","Magnificent Howl
Precision Instrument
Opening Shot","Indomitability","Unique Precision 140 frame. 
Accurate in-air gunplay.
Non-tiered, but enhanceable.","","A","Unobtainable (Previously Onslaught)","No"
"","Rose (Original Variant)","Hand Cannon","Kinetic","Kinetic","Adaptive","Chambered","Accurized","Range","Outlaw","None","Polymer Grip","Curated roll.
Adaptive frame, NOT Lightweight.
Poor base stats, no intrinsics. Has a fixed Polymer grip.","","D","Unobtainable (Previously Lumina Questline)","No"
"","Rose (Season of the Seraph Variant)","Hand Cannon ","Kinetic","Kinetic","Lightweight","Smallbore
Corkscrew
Hammer-forged","Accurized","Range
Stability","Slideshot
Moving Target
Elemental Capacitor","Vorpal Weapon
Rangefinder
Explosive Payload
Eye of the Storm
Opening Shot","None (Has access to grips instead)","Lightweight/Movement
!!DO NOT DELETE VORPAL WEAPON ROLLS!!
Current/MoT Rose does not have access to Vorpal.
This is arguably the best Vorpal primary for PvP.
Has access to grips instead of origin.","","S","Unobtainable (Previously Comp)","No"
""," Cataphract GL3","Heavy
Grenade Launcher","Heavy","Strand","Adaptive","Volatile Launch
Linear Compensator
Quick Launch","High Explosive 
Spike Grenades
Proximity Grenades","Blast Radius
Velocity","Impulse Amplifier","Full Court
Chain Reaction
Vorpal Weapon","Fleet Footed
Roar of Battle
Omolon Fluid Dynamic","Vorpal GL","","S","Trials of Osiris / Saint-14 Vendor","No"
"","Cry Mutiny","Heavy
Grenade Launcher","Heavy","Solar","Adaptive","Volatile Launch
Linear Compensator
Quick Launch","High Explosive 
Spike Grenades
Proximity Grenades","Blast Radius
Velocity","Impulse Amplifier
Incandescent","Full Court
Vorpal Weapon
Aggregate Charge","Vanguard Determination","Vorpal GL
Double AoE perks.
Incandescent Splash","","S","Vanguard / Solo Ops / Zavala Vendor","No"
"","Edge Transit","Heavy
Grenade Launcher","Heavy","Void","Adaptive","Volatile Launch
Linear Compensator
Quick Launch","High Explosive 
Spike Grenades
Proximity Grenades","Blast Radius
Velocity","Chain Reaction","Full Court
Elemental Honing","Indomitability","Double AoE perks.","","S","Onslaught","No"
"","Wendigo GL3","Heavy
Grenade Launcher","Heavy","Arc","Adaptive","Volatile Launch
Linear Compensator
Quick Launch","High Explosive 
Spike Grenades
Proximity Grenades","Blast Radius
Velocity","Impulse Amplifier
Chain Reaction","Full Court
Rangefinder","Problem Solver","Double AoE perks.","","S","Vanguard Ops / Zavala Vendor","No"
"","Doomsday","Heavy
Grenade Launcher","Heavy","Arc","Adaptive","Volatile Launch
Linear Compensator
Quick Launch","High Explosive 
Spike Grenades
Proximity Grenades","Blast Radius
Velocity","Snapshot Sights","Full Court
Chain Reaction","Gun and Run","Good frame, bad column 1 perks.
No Impulse Amplifier.","","B","Gambit / Drifter Vendor","No"
"","Hullabaloo","Heavy
Grenade Launcher","Heavy","Arc","Compressed Wave","Volatile Launch
Linear Compensator
Quick Launch","High Explosive 
Spike Grenades
Proximity Grenades","Blast Radius
Velocity","Impulse Amplifier
Field Prep","Chain Reaction
Golden Tricorn","Classy Contender","Bad frame, decent perks.
Chain Reaction for AoE","","D","Tenet of Bravery","No"
"","Acosmic","Heavy
Grenade Launcher","Heavy","Void","Rapid-Fire","Volatile Launch
Linear Compensator
Quick Launch","High Explosive 
Spike Grenades
Proximity Grenades","Blast Radius
Velocity","Impulse Amplifier","Chain Reaction","Search Party
Nadir Focus","Bad frame
Struggles to 1HKO
Lacks neutral damage perks to ease 1HKO.","","D","Tenet of Bravery","No"
"","VS Chill Inhibitor","Heavy
Grenade Launcher","Heavy","Stasis","Rapid-Fire","Volatile Launch
Linear Compensator
Quick Launch","High Explosive 
Spike Grenades
Proximity Grenades","Blast Radius
Velocity","Chill Clip
","Explosive Light
Elemental Honing","Bray Legacy","Bad frame
Struggles to 1HKO
Explosive Light & Elemental Honing to help with damage & blast radius issues.","","C","Vesper's Host Dungeon","No"
"","Canis Major","Heavy
Grenade Launcher","Heavy","Solar","Rapid-Fire","Volatile Launch
Linear Compensator
Quick Launch","High Explosive 
Spike Grenades
Proximity Grenades","Blast Radius
Velocity","Impulse Amplifier
Adagio
Rampage","Full Court
Explosive Light
Chain Reaction","Ignoble Deeds","Bad frame, good perks.
Struggles to 1HKO
Full Court & Explosive Light to help with damage and blast radius.","","B","Shattered Throne Dungeon","No"
"","Koraxis's Distress","Heavy
Grenade Launcher","Heavy","Strand","Rapid-Fire","Volatile Launch
Linear Compensator
Quick Launch","High Explosive 
Spike Grenades
Proximity Grenades","Blast Radius
Velocity","Impulse Amplifier
Chain Reaction","Full Court
Paracausal Affinity
Chaos Reshaped
Harmony
Frenzy","Harmonic Resonance","Bad frame, good perks.
Origin DOES buff Conditional Finality handling.
Pairs well w/ Conditional or other Harmonic Resonance weapons, like Rufus's Fury or Epochal Integration.
Struggles to 1HKO
Full Court & other Column 2 perks to help with damage.","","B","Root of Nightmares Raid","Yes"
"","The Ever-Present","Heavy
Grenade Launcher","Heavy","Strand","Rapid-Fire","Volatile Launch
Linear Compensator
Quick Launch","High Explosive 
Spike Grenades
Proximity Grenades","Blast Radius
Velocity","Impulse Amplifier
FIeld Prep","Explosive Light
Elemental Honing
Golden Tricorn
Chain Reaction","Frame of Reference","Bad frame, strong perks, insane Origin trait.
Struggles to 1HKO
Explosive Light, Elemental Honing & other Column 2 perks to help with damage.
Strong origin trait.
Provides extra damage, range, and reload speed. Buff pauses on stow, and timer only progresses while weapon is readied, allowing the buff to be ""backpacked"". 
Dmg buff: x1 = 1.45% / x2 = 2.8%  / x3 = 4.2% / x4 = 5.6% / x5 = 7%","","B","Desert Perpetual Raid","No"
"","Outrageous Fortune","Heavy
Grenade Launcher","Heavy","Solar","Rapid-Fire","Volatile Launch
Linear Compensator
Quick Launch","High Explosive 
Spike Grenades
Proximity Grenades","Blast Radius
Velocity","Impulse Amplifier
Field Prep","Full Court
Explosive Light
Chain Reaction
Binary Orbit","Vanguard Determination
Hakke Breach Armaments
Problem Solver","Bad frame, strong perks, competitive Origin w/ Van. Determination.
Struggles to 1HKO
Full Court, Explosive Light, & other Column 2 perks to help with damage.","","B","Tenet of Bravery","No"
"","Wicked Sister","Heavy
Grenade Launcher","Heavy","Strand","Adaptive","Volatile Launch
Linear Compensator
Quick Launch","High Explosive 
Spike Grenades
Proximity Grenades","Blast Radius
Velocity","Impulse Amplifier
Field Prep
Slice","Full Court
Explosive Light
Chain Reaction","Vanguard's Vindication
Nadir Focus","Great frame, great perks, decent origin options.
Impulse + Full Court / Explosive Light ideally.","","A","Xur","No"
"","Play of the Game","Heavy
Grenade Launcher","Heavy","Arc","Adaptive","Volatile Launch
Linear Compensator
Quick Launch","High Explosive 
Spike Grenades
Proximity Grenades","Blast Radius
Velocity","Rangefinder
Field Prep","Rampage
Quickdraw","None","Play of the Game,
It's all in the name.
Old soldiers never die.","","C","Unobtainable","No"
"","Swarm of the Raven","Heavy
Grenade Launcher","Heavy","Void","Rapid-Fire","Volatile Launch
Linear Compensator
Quick Launch","High Explosive 
Spike Grenades
Proximity Grenades","Blast Radius
Velocity","Impulse Amplifier
Field Prep","Full Court
Adagio
Disruption Break","Skulking Wolf","Bad frame, great perks, great origin.
Only Skulking Wolf heavy GL.
Struggles to 1HKO.
Impulse + Full Court or Adagio to help secure 1HKO.
Disruption Break to secure clean ups/team shots easier.
Enhanceable, not tiered.","","A","Iron Banner / Saladin Vendor","No"
"","Marsilon-D","Heavy
Grenade Launcher","Heavy","Solar","Rapid-Fire","Volatile Launch
Linear Compensator
Quick Launch","High Explosive 
Spike Grenades
Proximity Grenades","Blast Radius
Velocity","Perpetual Motion
Field Prep","Full Court
Explosive Light
Impulse Amplifier","Hakke Breach Armaments","Bad frame, bad column 1 perks.
Column 2 has competing necessary perks.
Struggles to 1HKO","","C","Gunsmith Legacy Focusing","No"
"","Regnant","Heavy
Grenade Launcher","Heavy","Void","Adaptive","Volatile Launch
Linear Compensator
Quick Launch","High Explosive 
Spike Grenades
Proximity Grenades","Blast Radius
Velocity","Rangefinder
Thresh","Explosive Light
Disruption Break","Noble Deeds","Great frame, decent perks but not exceptional.
Lackluster origin for weapon type.
Rangefinder increases velocity WHILE ADS.
Explosive Light to help w/ Blast Radius & damage.
Disruption Break to help team shot & clean ups.","","B","//node.ovrd.AVALON//
Legacy Loot
Classic Collections Modifier: ON","Yes"
"","Dimensional Hypotrochoid","Heavy
Grenade Launcher","Heavy","Stasis","Compressed Wave","Volatile Launch
Linear Compensator
Quick Launch","High Explosive 
Spike Grenades
Proximity Grenades","Blast Radius
Velocity","Field Prep","Chain Reaction
Disruption Break
One For All","Nanotech Tracer Missiles","Bad frame.
Chain Reaction for AoE.
Disruption Break for primary swap / team shots.","","F","Neptune Destination","Yes"
"","Tarnation","Heavy
Grenade Launcher","Heavy","Arc","Rapid-Fire","Volatile Launch
Linear Compensator
Quick Launch","High Explosive 
Spike Grenades
Proximity Grenades","Blast Radius
Velocity","Field Prep
Killing Wind","Explosive Light
Chain Reaction
Thresh","Psychohack","Bad frame, bad perks.
Struggles to 1HKO
Lacks neutral damage buff perk to ease 1HKO.
Explosive Light to buff damage & blast radius.
Origin is basically useless in PvP on this weapon type.","","D","Throne World Destination","Yes"
"","Typhon GL5","Heavy
Grenade Launcher","Heavy","Stasis","Adaptive","Volatile Launch
Linear Compensator
Quick Launch","High Explosive 
Spike Grenades
Proximity Grenades","Blast Radius
Velocity","Impulse Amplifier","Explosive Light
Chill Clip
Frenzy","Omolon Fluid Dynamics","Great frame, good perks, decent origin trait.
Non-tiered, and not enhanceable.","","B","Gunsmith Legacy Focusing","No"
"","Memory Interdict","Heavy
Grenade Launcher","Heavy","Void","Adaptive","Volatile Launch
Linear Compensator
Quick Launch","High Explosive 
Spike Grenades
Proximity Grenades","Blast Radius
Velocity","Impulse Amplifier","Chain Reaction
Rampage
Disruption Break","None","Great frame, decent perks. No origin.
Power crept.
Non-tiered, and not enhanceable.","","C","Xur","No"
"","Blast Battue","Heavy
Grenade Launcher","Heavy","Arc","Adaptive","Volatile Launch
Linear Compensator
Quick Launch","High Explosive 
Spike Grenades
Proximity Grenades","Blast Radius
Velocity","Moving Target
Killing Wind","Chain Reaction
Rampage
Disruption Break","None","Great frame, mid perks, no origin.
Power crept.
Non-tiered, and not enhanceable.","","D","Xur","No"
"","Berenger's Memory","Heavy
Grenade Launcher","Heavy","Void","Rapid-Fire","Volatile Launch
Linear Compensator
Quick Launch","High Explosive 
Spike Grenades
Proximity Grenades","Blast Radius
Velocity","Field Prep","Rampage
Disruption Break","None","Bad frame, bad perks.
Struggles to 1HKO
Disruption Break for primary clean ups / team shots.","","F","Xur","No"
"","Bitter/Sweet","Heavy
Grenade Launcher","Heavy","Arc","Adaptive","Volatile Launch
Linear Compensator
Quick Launch","High Explosive 
Spike Grenades
Proximity Grenades","Blast Radius
Velocity","Reverberation","Explosive Light
Killing Tally
Harmony","Dark Ether Reaper","Great frame, mid perks.
Origin gets nearly 0 value in PvP.
Lacks Impulse Amplifier & Full Court.
Uniquely has Killing Tally on a HGL.","","B","Xur","No"
"","Love and Death","Heavy
Grenade Launcher","Heavy","Solar","Compressed Wave","Volatile Launch
Linear Compensator
Quick Launch","High Explosive 
Spike Grenades
Proximity Grenades","Blast Radius
Velocity","Impulse Amplifier
Incandescent
Impromptu Ammunition","Explosive Light
Elemental Honing
Binary Orbit","Loss","Bad frame, great perks.
Possibly the best Compressed Wave frame available.
Potential use as a AoE tool, especially with Explosive Light to max out the blast radius for a larger wave.
Needs more testing.","","C","Moon Destination","No"
"","Crowd Pleaser","Heavy
Grenade Launcher","Heavy","Void","Adaptive","Volatile Launch
Linear Compensator
Quick Launch","High Explosive 
Spike Grenades
Proximity Grenades","Blast Radius
Velocity","Field Prep
Killing Wind","Chain Reaction
Moving Target
Rampage","Gun and Run","Great frame, bad perks.
Chain Reaction for AoE.","","C","Gambit / Drifter Vendor","No"
"","Boomslang-4fr","LFR","Heavy","Arc","Adaptive Burst","Arrowhead","Accelerated Coils","Charge Time","Rapid Hit
Heating Up
Transcendant Moment","Vorpal Weapon
Successful Warmup
Binary Orbit","Veist Stinger
Vanguard Determination","3-Round Burst LFR.
Vorpal Weapon vs. Supers.","","B","Tenet of Bravery","No"
"","Briar's Contempt","LFR","Heavy","Solar","Adaptive Burst","Arrowhead","Accelerated Coils","Charge Time","Incandescent
Keep Away
Slideshot
Burning Ambition","High-Impact Reserves
Paracausal Affinity
Chaos Reshaped
Aggregate Charge
Harmony
Frenzy","Harmonic Resonance","3-Round Burst LFR.
Naturally lower zoom for ease of use.
Origin DOES buff Conditional Finality handling.
Pairs well w/ Conditional or other Harmonic Resonance weapons, like Rufus's Fury or Epochal Integration
Incandescent for AoE/DoT.
Double damage perks via Burning Ambition/Incandescent in Column 1.","","S","Root of Nightmares Raid","Yes"
"","Mistral Lift","LFR","Heavy","Void","Adaptive Burst","Arrowhead","Accelerated Coils","Charge Time","Firefly
Withering Gaze","Butterfly
Dragonfly
Destabilizing Rounds","Veist Stinger
Dawning Surprise","3-Round Burst LFR.
Double AoE perks for big splash damage on precision kills.","","B","Tenet of Bravery","No"
"","Scintillation","LFR","Heavy","Strand","Adaptive Burst","Arrowhead","Accelerated Coils","Charge Time","Slice
Rapid Hit
Cornered","Hatchling
Surrounded","Vanguard Determination
Veist Stinger
Vanguard Vindication
Problem Solver
Stunning Recovery","3-Round Burst LFR.
Overall weak perk selection except Slice.","","C","Vanguard Ops","No"
"","Stormchaser","LFR","Heavy","Arc","Adaptive Burst","Arrowhead","Accelerated Coils","Charge Time","Rapid Hit
Jolting Feedback","Vorpal Weapon
Elemental Honing
Gear Shift","Bitterspite","3-Round Burst LFR.
Gear Shift & Elemental Honing for neutral damage buffs for body shot ease of use.
Vorpal Weapon vs. Supers","","A","Duality Dungeon","No"
"","Willful Harmatia","LFR","Heavy","Arc","Adaptive Burst","Arrowhead","Accelerated Coils","Charge Time","High-Impact Reserves
Lone Wolf
Slideways
Rapid Hit","Kickstart
Headseeker
Precision Instrument
Jolting Feedback
Offhand Strike","Wild Card
Fleet Footed
Roar of Battle","3-Round Burst LFR.
Best-in-class.
Neutral charge time increase via Kickstart.
Stacked with unique perks.
Only LFR with Kickstart, Headseeker, Lone Wolf, Tap The Trigger, or Offhand Strike.
Double damage perks via High-Impact Reserves in Column 1 & Kickstart, PI, Headseeker, Jolting Feedback in Column 2.","","S","Trials of Osiris / Saint-14 Vendor","No"
"","Reed's Regret","LFR","Heavy","Stasis","Precision","Fluted Barrel
Smallbore
Arrowhead","Accelerated Coils","Charge Time","Triple Tap
Hipfire Grip","Headstone
Successful Warmup
Vorpal Weapon
Harmony","Fleet Footed
Roar of Battle
Veist Stinger","Precision Single shot LFR.
Headstone res block.
Triple Tap for ammo refund.
Vorpal vs. Supers.","","B","Trials of Osiris / Saint-14 Vendor","No"
"","Eyes Unveiled (Pit of Heresy Dungeon variant)","LFR","Heavy","Void","Precision","Fluted Barrel
Smallbore
Arrowhead","Accelerated Coils","Charge Time","Successful Warmup
Butterfly
Demoralize","Elemental Honing
Chain Reaction
Frenzy
Sword Logic
Withering Gaze","Willing Vessel
Heretical Behavior","Precision Single shot LFR.
Good selection of perks for various uses.","","A","Pit of Heresy Dungeon","No"
"","Laser Painter","LFR","Heavy","Strand","Precision","Fluted Barrel
Smallbore
Arrowhead","Accelerated Coils","Charge Time","Moving Target
No Distractions
Fragile Focus","High-Impact Reserves
Golden Tricorn
Harmony
Thresh
Hipfire Grip
Box Breathing
Vorpal Weapon","Veist Stinger
Gun and Run","Precision Single shot LFR.
Lacks charge time perks, but otherwise good selection of perks for various uses.
Thresh for super gen.
Box/Vorpal vs. Supers.","","C","Gambit / Drifter Vendor","No"
"","Line in the Sand","LFR","Heavy","Arc","Precision","Fluted Barrel
Smallbore
Arrowhead","Accelerated Coils","Charge Time","Moving Target
Under Pressure","Opening Shot","Cast No Shadows","Precision Single shot LFR.
Double AA perks for ease of use.
Weak perk selection other than AA perks.
Origin has very little synergy due to this being a long range weapon.","","B","Xur","No"
"","Doomed Petitioner","LFR","Heavy","Void","Adaptive Burst","Arrowhead","Accelerated Coils","Charge Time","Keep Away
Destabilizing Rounds
Threat Detector","Moving Target
Golden Tricorn
Loose Change
Precision Instrument
Surrounded","Dragon's Vengeance","3-Round Burst LFR.
Good origin trait that buffs charge time, handling, and range.
Good selection of perks for various uses.","","A","Starcrossed Legacy Loot
Modifier Classic Collector: ON","Yes"
"","Fire And Forget","LFR","Heavy","Stasis","Adaptive Burst","Arrowhead","Accelerated Coils","Charge Time","Headstone
Range Finder
Field Prep","High-Impact Reserves
Chill Clip
Harmony
Frenzy","Ambush
Veist Stinger","3-Round Burst LFR.
Headstone res block.
Headstone in Column 1 leaves room for good perk pairing.
Field Prep to generate more special ammo.
Chill Clip only activates above @ 3 ammo or higher in mag.","","A","Operation: Seraph's Shield Legacy Loot
Modifier Classic Collections: ON","Yes"
"","Sailspy Pitchglass","LFR","Heavy","Arc","Precision","Fluted Barrel
Smallbore
Arrowhead","Accelerated Coils","Charge Time","Moving Target
Slideways","Swashbuckler
Frenzy
Vorpal Weapon","Right Hook","Precision Single shot LFR.
Only LFR with Swashbuckler.","","B","Xur","Yes"
"","Cataclysmic","LFR","Heavy","Solar","Precision","Fluted Barrel
Smallbore
Arrowhead","Accelerated Coils","Charge Time","Successful Warmup
Slideshot
No Distractions","Elemental Honing
High-Impact Reserves
Box Breathing
Aggregate Charge","Souldrinker","Precision Single shot LFR.
All around good perks.
Origin gets near zero value in PvP.","","A","Vow of the Disciple Raid","Yes"
"","Suspectum-4FR","LFR","Heavy","Stasis","Precision","Fluted Barrel
Smallbore
Arrowhead","Accelerated Coils","Charge Time","Backup Plan
Headstone
No Distractions","Chill Clip
Box Breathing","Veist Stinger","Precision Single shot LFR.
Only currently obtainable LFR w/ Backup Plan for a neutral charge time increase.
Headstone res block.
Box vs. Supers.
Chill Clip allows for easy primary clean ups on body shot.","","A","Gunsmith Legacy Focusing","No"
"","Taipan-4FR","LFR","Heavy","Void","Precision","Fluted Barrel
Smallbore
Arrowhead","Accelerated Coils","Charge Time","Triple Tap
Fragile Focus
Field Prep","Opening Shot
Snapshot Sights
Box Breathing
Repulsor Brace","Veist Stinger","Precision Single shot LFR.
Opening Shot for ease of use.
Triple Tap for ammo refund.
Field Prep to generate special.","","C","Gunsmith Legacy Focusing","Yes"
"","Threaded Needle","LFR","Heavy","Void","Precision","Fluted Barrel
Smallbore
Arrowhead","Accelerated Coils","Charge Time","Rangefinder
Field Prep
Killing Wind","Dragonfly
Thresh
Frenzy
Vorpal Weapon","None","Precision Single shot LFR.
Overall mid perks.
Vorpal vs. Supers.
Thresh for super gen.","","D","Xur","No"
"","Tarantula","LFR","Heavy","Arc","Precision","Fluted Barrel
Smallbore
Arrowhead","Accelerated Coils","Charge Time","Moving Target
Firmly Planted
Field Prep","Dragonfly
Box Breathing
Snapshot Sights","None","Precision Single shot LFR.
Overall mid perks.
Box Breathing vs. Supers.","","D","Xur","No"
"","Corsair's Wrath","LFR","Heavy","Solar","Precision","Fluted Barrel
Smallbore
Arrowhead","Accelerated Coils","Charge Time","Moving Target
Firmly Planted
No Distractions","High-Impact Reserves
Thresh
Quickdraw","None","Precision Single shot LFR.
Thresh for super gen.
Overall mid perks.","","D","Xur","No"
"","Komodo-4FR","LFR","Heavy","Solar","Precision","Polygonal","Accelerated Coils","Charge Time","Moving Target
No Distractions","Eye of the Storm
Box Breathing","None","Precision Single shot LFR.
Curated roll.
Eye of the Storm for general use.
Box Breathing vs. Supers","","C","Monument of Lost Lights","No"
"","Eyes Unveiled (Episode: Heresy Variant)","LFR","Heavy","Void","Precision","Fluted Barrel
Smallbore
Arrowhead","Accelerated Coils","Charge Time","Hipfire Grip
Triple Tap
Field Prep","Discord
Successful Warmup
Chain Reaction
Frenzy
Withering Gaze
","Willing Vessel
Runneth Over","Precision Single shot LFR.
The only Discord HEAVY WEAPON that exists period, providing effectively infinite heavy if used correctly.
Paired w/ Hipfire Grip+Freehand Mod, you can hipfire this while Discord is active with insane accuracy.","","S","Xur","No"
"","A Fine Memorial","Machine Gun","Heavy","Arc","Adaptive","Arrowhead
Extended Barrel
Chambered","Ricochet Rounds
High-Caliber Rounds
Armor Piercing Rounds","Range
Stability","Dynamic Sway Reduction","Sword Logic
Gear Shift","Loss","Lacks Fourth Time's or Triple Tap for ammo sustain. 
Otherwise decent LMG w/ a great Origin trait.","","B","Moon Destination","No"
"","Bane of Sorrow","Machine Gun","Heavy","Void","High-Impact","Arrowhead
Smallbore
Chambered","Ricochet Rounds
High-Caliber Rounds
Armor Piercing Rounds","Range
Stability","Fourth Time's The Charm
Destabilizing Rounds","Killing Tally
One for All
Precision Instrument","Elliptical Orbit","Slower TtK than Adaptive / Rapid-Fire.","","B","Pantheon Raid","No"
"","Bitter End","Machine Gun","Heavy","Arc","Balanced Heat (900 RPM)","Arrowhead
Hammerforged
Extended Barrel","Overclocked
Projection
Particle Repeater","Range
Stability","Delicate Tuning","Killing Tally
One for All","Imperial Allegiance","Functionally a 900 RPM Rapid-Fire frame.
Extra damage via frame & mag.
VERY high stat budget.
Pulls 62 Ammo from Heavy Ammo crates in PvP.","","S","Equilibrium Dungeon","No"
"","Circular Logic","Machine Gun","Heavy","Strand","Adaptive","Smallbore
Hammerforged
Corkscrew","Ricochet Rounds
High-Caliber Rounds
Armor Piercing Rounds","Range
Stability","Fourth Time's The Charm","Killing Tally
Elemental Honing","Nanotech Tracer Missiles","Ele Honing adds ease of use at x2, for 3c1b.","","A","Neptune Destination","No"
"","Commemoration","Machine Gun","Heavy","Void","Adaptive","Arrowhead
Chambered
Extended Barrel","Accurized Rounds","Range
Stability","Fourth Time's The Charm
Zen Moment","Killing Tally
High-Impact Reserves","Bray Inheritance","High-Impact Reserves active on Heavy Ammo Pull.","","S","Deep Stone Crypt Raid","Yes"
"","Hammerhead","Machine Gun","Heavy","Void","Adaptive","Extended Barrel
Chambered
Arrowhead","Ricochet Rounds
High-Caliber Rounds
Armor Piercing Rounds","Range
Stability","Fourth Time's The Charm
Rampage","Killing Tally
Onslaught
One for All","Forge's Kin
Indominitability","Best-in-Class Adaptive Machine Gun.
EXTREMELY HIGH AA @ 90.
Much higher than any other LMG available.
Double Damage perks.
FTTC for ammo.","","S","Arena Ops / Zavala Vendor","No"
"","Thermal Erosion","Machine Gun","Heavy","Solar","Rapid-Fire","Arrowhead
Extended Barrel
Smallbore","Ricochet Rounds
High-Caliber Rounds
Armor Piercing Rounds","Range
Stability","Incandescent
Triple Tap","One for All
Meganeura","Winterized Gear","Rapid-Fire Frame.
Pulls incorrect ammo amount on heavy pull.
22 ammo at base.
Low base stats prevent this from being useful.","","F","Europa Destination","No"
"","Unwavering Duty","Machine Gun","Heavy","Solar","Adaptive","Arrowhead
Smallbore
Hammer-forged","Ricochet Rounds
High-Caliber Rounds
Armor Piercing Rounds","Range
Stability","Fourth Time's The Charm
Rampage
Incandescent","Killing Tally
Onslaught
Tap the Trigger","Fleet Footed
Roar of Battle
Suros Synergy","Double Damage perks.
FTTC for ammo.
Incan for splash.","","S","Trials of Osiris / Saint-14 Vendor","No"
"","Diablerets 06","Machine Gun","Heavy","Strand","Rapid-Fire","Arrowhead
Smallbore
Chambered","Ricochet
Extended","Stability
Range","Rangefinder","Killing Tally","Carrion Munitions","Rapid-Fire Frame.
Pulls incorrect ammo amount from Heavy Crates.
22 ammo per box at base, increases w/ mag size.","","F","Distortions Events","No"
"","Dawn Far Off","Machine Gun","Heavy","Solar","Aggressive","Arrowhead
Smallbore
Chambered","Ricochet
Extended","Stability
Range","Triple Tap","Killing Tally","Dream Work","Pulls incorrect ammo amount from Heavy Crates.
22 ammo per box at base, increases w/ mag size.
At 91 Magazine size (max) receives 39 ammo per crate, but with access to Triple Tap.","","S","Tenet of Bravery","No"
"","Song of Ir Yut","Machine Gun","Heavy","Arc","Adaptive","Arrowhead
Smallbore
Chambered","Ricochet
High-Caliber
Armor Piercing","Range
Stability","Zen Moment
Keep Away
Jolting Feedback","Master of Arms
Sword Logic
Cascade Point","Cursed Thrall","Great for a few quick kills but lacks ammo sustain perks.","","A","Crota's End Raid","Yes"
"","Chain of Command","Machine Gun","Heavy","Stasis","Adaptive","Arrowhead
Smallbore
Chambered","Ricochet
High-Caliber
Armor Piercing","Range
Stability","Headstone","Killing Tally
Meganeura","Wild Card
Vanguard Determination","Triple AoE Perks via Headstone, Meganeura, and Wild Card.
Can easily kill clustered groups with all 3 paired together.
Headstone res block.","","A","Vanguard Solo Ops / Zavala Vendor","No"
"","Seventh Seraph Saw","Machine Gun","Heavy","Arc","High-Impact","Arrowhead
Smallbore
Chambered","Seraph Rounds
Accurized","Stability
Range","Light Touch","Killing Tally
Meganeura","Eyes Up
Rasputin's Arsenal","Bad frame. Bad Column 1.","","F","Cosmodrome Destination","No"
"","Watchful Eye","Machine Gun","Heavy","Arc","Aggressive","Arrowhead
Smallbore
Chambered","Ricochet
Extended","Stability
Range","Dynamic Sway Reduction
Mulligan
Field Prep","Killing Tally
Elemental Honing","Willing Vessel
Runneth Over","Pulls incorrect ammo amount from Heavy Crates.
22 ammo per box at base, increases w/ mag size.","","C","Gunsmith Vendor","No"
"","Terminus Horizon","Machine Gun","Heavy","Arc","High-Impact","Arrowhead
Smallbore
Chambered","Ricochet
High-Caliber
Armor Piercing","Stability
Range","Fourth Time's The Charm
Meganeura","Gear Shift","Tex Balanced Stock","Best High-Impact Frame LMG.
Gear Shift x1 shifts TtK from 0.50->0.33
FTTC loses value if used w/ Gear Shift as it becomes a 3c kill, but can still get refunds on rapid target swaps.
Meganeura is a good secondary option to make for 2-tap clean ups on targets hit by the AoE.","","S","Spire of the Watcher Dungeon","No"
"","Qua Vinctus IV","Machine Gun","Heavy","Strand","High-Impact","Arrowhead
Smallbore
Chambered","Steady
Accurized","Stability
Range","Triple Tap
Slice","Killing Tally
Meganeura","Wild Card
Accelerated Assault
Roar of Battle","Bad frame, good perks & origin.
Wild Card res blocks briefly/does AoE.
Need lots of stability perks to offset horrendous base stability & bounce intensity though.","","B","Crucible / Shaxx Vendor","No"
"","Ulterior Observation","Machine Gun","Heavy","Stasis","Aggressive","Arrowhead
Smallbore
Chambered","Ricochet
Extended","Stability
Range","Headstone
Moving Target
Built To Blast","Killing Tally
Dragon Fly","Exhaustive Research","Pulls incorrect ammo amount from Heavy Crates.
22 ammo per box at base, increases w/ mag size.
Headstone res block. No Triple Tap or FTTC makes this gun ammo inefficient.","","C","Kepler Destination","No"
"","Corrective Measure","Machine Gun","Heavy","Void","Aggressive","Arrowhead
Smallbore
Chambered","Accurized
Steady","Stability
Range","Firefly
Dynamic Sway Reduction","Killing Tally
Butterfly
Elemental Honing","Timelost Magazine","Aggressive frame AoE option.
Firefly + Butterfly can cause large AoE.
Pulls incorrect ammo amount from Heavy Crates.
22 ammo per box at base, increases w/ mag size.
Origin is not useful in PvP.","","B","Vault of Glass Raid","Yes"
"","Qua Furor V","Machine Gun","Heavy","Stasis","Aggressive","Arrowhead
Smallbore
Chambered","Ricochet
Extended","Stability
Range","Triple Tap","Tap The Trigger
Golden Tricorn
Elemental Honing","Wild Card","Pulls incorrect ammo amount from Heavy Crates.
22 ammo per box at base, increases w/ mag size.
Wild Card res blocks briefly/does AoE.
Non-tiered, but enhanceable.","","C","Gunsmith Legacy Focusing","No"
"","Avalanche","Machine Gun","Heavy","Solar","Adaptive","Arrowhead
Smallbore
Chambered","Accurized
Steady","Range
Stability","Dynamic Sway Reduction
Dragonfly","Golden Tricorn
Cascade Point","Dawning Surprise
Suros Synergy","One of the weakest Adaptive frame LMG options.","","D","Unobtainable (Previously Dawning Event)","No"
"","Pro Memoria","Machine Gun","Heavy","Strand","Aggressive","Arrowhead
Smallbore
Chambered","Ricochet
Extended","Stability
Range","To The Pain
Demolitionist
Strategist","Tap The Trigger
Elemental Honing
Desperate Measures","Dealer's Choice","Mid frame, bad perks.
INSANE Origin provides extra Super gen, bonus further increased when paired w/ other Dealer's Choice weapons.
This is extremely pertinent as this is a HEAVY weapon, which means free bonus super gen in the backpack when paired w/ a Dealer's Choice Primary/Special.
Enhanced Dealer's Choice x1 = +0.6%(?), x2 = +2%(?), x3 = +5%(?)
Ace of Spades, Khvostov 7G-0X, and Still Hunt count as weapons for purpose of stacking Origin but do not benefit themselves (i.e., they do not generate bonus super gen on kills with those weapons specifically)
Pulls incorrect ammo amount from Heavy Crates.
22 ammo per box at base, increases w/ mag size.","","A","Pale Heart Destination","Yes"
"","Speleologist","Machine Gun","Heavy","Solar","Rapid-Fire","Arrowhead
Smallbore
Chambered","Accurized
Steady","Stability
Range","Slideways
Firmly Planted","Killing Tally","Radiolaria Transposer","Pulls incorrect ammo amount from Heavy Crates.
22 ammo per box at base, increases w/ mag size.","","F","Encore Exotic Mission 
Classic Collections Modifier: ON","Yes"
"","Marcato-45","Machine Gun","Heavy","Strand","Adaptive","Arrowhead
Smallbore
Chambered","Accurized
Steady","Range
Stability","Triple Tap
Slice","Golden Tricorn
Onslaught","Suros Synergy","Non-tiered, but enhanceable.
Useless Origin trait for PvP.
Triple tap is an inferior option to FTTC, but still good.
Golden Tricorn is a decent alternative to Killing Tally.","","B","Gunsmith Legacy Focusing","No"
"","Qua Xaphan V","Machine Gun","Heavy","Void","High-Impact","Arrowhead
Smallbore
Chambered","Ricochet
High-Caliber
Armor Piercing","Stability
Range","Triple Tap
Dynamic Sway Reduction
Slideways","Rampage
Cascade Point
Thresh","Wild Card
Gun and Run","Bad frame, bad perks.
Non-tiered, but it is enhanceable.
Power crept by most options.
Wild Card blocks res shortly/does AOE.","","D","Drifter Vendor Legacy Focusing","No"
"","The Swarm","Machine Gun","Heavy","Arc","High-Impact","Arrowhead
Smallbore
Chambered","Accurized
Steady","Stability
Range","Rangefinder
Dynamic Sway Reduction","Golden Tricorn
Tap The Trigger","Vanguard's Vindication
Stunning Recovery","Bad frame, bad perks.
Non-tiered, non-enhanceable.
Powercrept by most options.","","F","Xur","No"
"","Retrofit Escapade","Machine Gun","Heavy","Void","Rapid-Fire","Arrowhead
Smallbore
Chambered","Extended
Steady
Accurized","Stability
Range","Fourth Time's the Charm","Tap The Trigger
Golden Tricorn
Rampage","Ambush
Suros Synergy","Pulls incorrect ammo amount from Heavy Crates.
22 ammo per box at base, increases w/ mag size.
At 115 Mag Size (Max) it receives 62 ammo per crate, identical to Bitter End, but with access to FTTC.","","S","Operation: Seraph's Shield Legacy Loot
Modifier Classic Collections: ON","Yes"
"","Quillim's Terminus","Machine Gun","Heavy","Stasis","High-Impact","Arrowhead
Smallbore
Chambered","Accurized
Steady","Stability
Range","Dynamic Sway Reduction
Firmly Planted","Killing Tally
Headstone","Runneth Over","Bad frame, mid perks.
No Triple Tap or FTTC makes this horribly ammo inefficient.
Origin is useless in PvP.
Headstone res block.","","D","King's Fall Raid","Yes"
"","Planck's Stride","Machine Gun","Heavy","Arc","Rapid-Fire","Arrowhead
Smallbore
Chambered","Accurized
Steady
Extended","Stability
Range","Perpetual Motion
Mulligan","Tap The Trigger
Harmony
Eye of the Storm","Right Hook","Bad perks, low stats.
Pulls incorrect ammo amount from Heavy Crates.
22 ammo per box at base, increases w/ mag size.","","F","Xur","Yes"
"","Fixed Odds","Machine Gun","Heavy","Solar","High-Impact","Arrowhead
Smallbore
Chambered","Accurized
Steady","Stability
Range","Under Pressure
No Distractions
Field Prep","Killing Tally","To Excess","Bad frame, mid perks.
No Triple Tap or FTTC makes this horribly ammo inefficient.
Somewhat useful Origin.","","D","Duality Dungeon","Yes"
"","Recurrent Impact","Machine Gun","Heavy","Stasis","Rapid-Fire","Arrowhead
Smallbore
Chambered","Accurized
Steady
Extended","Stability
Range","Perpetual Motion
Firmly Planted
Field Prep","Headstone
Tap The Trigger","Land Tank","Mid frame, bad perks.
Pulls incorrect ammo amount from Heavy Crates.
22 ammo per box at base, increases w/ mag size.
Headstone res block.","","F","Vox Obscura
Legacy Loot
Classic Collections Modifier: ON","Yes"
"","Edgewise","Machine Gun","Heavy","Solar","Rapid-Fire","Polygonal","Light Mag","Stability","Field Prep
Feeding Frenzy","Rampage
Demolitionist","None","Curated roll.
Pulls incorrect ammo amount from crates.
22 ammo per box at base.
Field Prep + Rampage for PvP.
No origin trait. Power crept by many options.","","F","Monument of Lost Lights","No"
"","21% Delirium","Machine Gun","Heavy","Arc","Rapid-Fire","Arrowhead
Smallbore
Chambered","Ricochet
Extended","Stability
Range","Fourth Time's The Charm","Killing Tally","Gun and Run","Pulls incorrect ammo amount from Heavy Crates.
22 ammo per box at base, increases w/ mag size.
At 115 Mag Size (Max) it receives 62 ammo per crate, identical to Bitter End, but with access to FTTC.","","S","Gambit / Drifter Vendor","No"
"","Eleatic Principle","Machine Gun","Heavy","Arc","Rapid-Fire","Arrowhead
Smallbore
Chambered","Ricochet
Extended","Stability
Range","Zen Moment
Moving Target","Tap The Trigger
Golden Tricorn
Harmony","Head Rush","Good for consistent, easy kills, but bad for sustain or chaining.
Pulls incorrect ammo amount from Heavy Crates.
22 ammo per box at base, increases w/ mag size.","","D","Xur","Yes"
"","Shattered Cipher","Machine Gun","Heavy","Void","Rapid-Fire","Arrowhead
Smallbore
Chambered","Accurized
Extended","Stability
Range","Under Pressure
Slideways
Field Prep","Rampage
Zen Moment","None","Pulls incorrect ammo amount from Heavy Crates.
22 ammo per box at base, increases w/ mag size.","","F","Xur","No"
"","Archon's Thunder","Machine Gun","Heavy","Stasis","High-Impact","Arrowhead
Smallbore
Chambered","Accurized
Steady","Stability
Range","Fourth Time's The Charm
High-Impact Reserves
Dynamic Sway Reduction","Killing Tally
Headstone
Tap The Trigger","Skulking Wolf","Only Skulking Wolf LMG.
Bad frame, great perks.
Very low AA makes this hard to utilize though.","","C","Iron Banner / Valus Saladin Vendor","No"
"","Temporal Clause","Machine Gun","Heavy","Solar","Aggressive","Arrowhead
Smallbore
Chambered","Ricochet
Extended","Stability
Range","Fourth Time's The Charm","Killing Tally","Fail-Deadly","Decent frame with great perks and a great origin.
Requires investment in mag size to get full value. Ideally you want 91 mag size.
Pulls incorrect ammo amount from Heavy Crates.
22 ammo per box at base, increases w/ mag size.
At 91 Magazine size (max) receives 39 ammo per crate, but with access to Triple Tap.","","S","Nessus Destination","No"
"","Terminus Horizon (Rite of the Nine Variant)","Machine Gun","Heavy","Arc","High-Impact","Arrowhead
Smallbore
Chambered","Ricochet
High-Caliber
Armor Piercing","Stability
Range","Triple Tap","Killing Tally","Tex Balanced Stock
Gravity Well","Strickly inferior version of the Monument of Triumph variant.","","C","Unobtainable (Previously Rite of the Nine Event)","No"
"","Aisha's Care","Pulse Rifle","Kinetic","Strand","Heavy Burst","Smallbore
Corkscrew
Hammer-forged","Ricochet Rounds
High-Caliber Rounds
Armor Piercing Rounds","Stability
Range","Slice
Zen Moment
Keep Away","Elemental Honing
Desperado
Headseeker","Omolon Fluid
Fleet Footed
Roar of Battle","Long Range 2 burst pulse.
Slice can slow enemy TTK for safety/forgiveness. 
TtK shift at Ele Hone x2, Sword Logic x2, or Kill Clip: 0.83 -> 0.74
Desperado: => 0.54","","S","Trials of Osiris / Saint-14 Vendor","No"
"","All Or Nothing","Pulse Rifle","Kinetic","Strand","Dynamic (540RPM)","Arrowhead
Smallbore
Hammer-forged","Overclocked Heatsink
Projection Fuse","Range
Stability","Delicate Tuning
Slice
Zen Moment
Keep Away","Headseeker
Kill Clip
Desperado","Accelerated Assault","Overclocked + Killclip + Weapons stat 145 = 0.47 TtK","","S","Lawless Frontier","No"
"","Autumn Wind","Pulse Rifle","Kinetic","Kinetic","Rapid-Fire","Arrowhead
Smallbore
Hammer-forged","Ricochet Rounds
High-Caliber Rounds
Armor Piercing","Range
Stability","Rangefinder
Zen Moment
Lone Wolf","Elemental Honing
Headseeker
Kill Clip","Accelerated Assault
Nadir Focus
Roar of Battle","EH 1 stack shifts ttk 0.8 --> 0.73
3stack --> 0.67","","S","Crucible / Shaxx Vendor","No"
"","Belisarius-D","Pulse Rifle","Kinetic","Strand","Aggressive Burst","Arrowhead
Smallbore
Hammer-forged","Ricochet Rounds
High-Caliber Rounds
Armor Piercing Rounds","Stability
Range","Slice
Lone Wolf
Keep Away","Elemental Honing
Headseeker
Desperado","Häkke Breach Armaments
Stock Options","Has access to stock options.
Slice.
Ele Honing ease of use shift at x1 = 7c1b
TtK shift x2: 0.73 -> 0.67 7c","","S","Comp / Shaxx Vendor","No"
"","Blast Furnace (Monument of Triumph Variant)","Pulse Rifle","Kinetic","Kinetic","Aggressive Burst","Smallbore
Polygonal
Corkscrew","Accurized Rounds
Steady Rounds","Stability
Range","Headseeker
Kinetic Tremors
Lone Wolf
Zen Moment
Keep Away","Desperado
Kill Clip
Desperate Measures
Chaos Reshaped
Rampage
Firefly","Forge's Kin
Indomitability","Very strong Aggressive Burst option.
Insane stat package & perk options in both columns. Two good origin traits.
TTK shift via Desperado: 0.73 -> 0.58
Kill Clip, All-Star, Rampage x1, DM x1, or CR x1: => 0.67
CR x2, Rampage x3, DM x3: => 0.60","","S","Arena Ops / Zavala Vendor","No"
"","BxR-55 Battler","Pulse Rifle","Energy","Solar","Legacy PR-55","Arrowhead
Hammer-forged
Full Bore","Ricochet Rounds
Accurized Rounds","Range
Stability","Perpetual Motion
Heating Up
Killing Wind","Kill Clip
Blunt Execution
Incandescent","Hot Swap","""There'll be another time...""
Special Hipfire/Lightweight frame.
Does NOT provide lightweight frame bonuses. Provides MASSIVE hipfire accuracy, aim assist & stability buffs.","","S","Dares of Eternity / Xur's Treasure Hoard","Yes"
"","Chattering Bone (Last Wish Variant)","Pulse Rifle","Kinetic","Kinetic","Lightweight","Arrowhead
Extended
Chambered
Hammer-forged
Smallbore","Accurized Rounds","Range
Stability","Kill Clip","Rampage
Headseeker","Explosive Pact","Lightweight/Movement
Only remaining easy 2 burst Lightweight Frame.
Kill Clip + Rampage for 0.53 TtK","","S","Last Wish Raid","Yes"
"","Darkest Before","Pulse Rifle","Energy","Solar","Rapid-Fire","Arrowhead
Smallbore
Hammer-forged","Ricochet Rounds
High-Caliber Rounds
Armor Piercing Rounds","Range
Stability","Keep Away
Elemental Capacitor
Heal Clip","Elemental Honing
Headseeker
Kill Clip","Crossing Over","EH 1 stack shifts ttk 0.8 --> 0.73
3stack --> 0.67","","S","Prophecy Dungeon","No"
"","Elsie's Rifle","Pulse Rifle","Energy","Void","High-Impact","Arrowhead
Smallbore
Hammer-forged","Ricochet Rounds
High-Caliber Rounds
Armor Piercing Rounds","Range
Stability","Zen Moment
Keep Away","Headseeker
Desperado
Desperate Measures","Indomitability","Neutral 2 burst for 0.67 TtK.
Very high stat package.
Very strong perk selection.","","S","Onslaught","No"
"","Hailing Confusion","Pulse Rifle","Kinetic","Stasis","Adaptive","Arrowhead
Smallbore
Hammer-forged","Ricochet Rounds
High-Caliber Rounds
Armor Piercing Rounds","Range
Stability","Zen Moment
Headstone
Rapid Hit","Kill Clip
Headseeker
Desperado
Meganeura","Winterized Gear","145 weapons paired w/ FROST-EE5 2 burst from neutral.
145 Weapons + Frostees/Stasis Surge x1 enables a neutral TTK shift.
TTK Shift via Frenzy, Focused Fury, or 145 Weapons + Stasis Surge x1: 1.00 -> 0.59
145 Weapons + Frostees/Stasis Surge x1 + Desperado: => 0.45
Headstone res block.","","S","Europa Destination","No"
"","High Tyrant","Pulse Rifle","Energy","Void","Balanced (540RPM)","Arrowhead
Smallbore
Hammer-forged","Overclocked
Projection Fuse","Range
Stability","Delicate Tuning
Rapid Hit
Destabilizing Rounds","Master of Arms
Headseeker
Withering Gaze","Imperial Allegiance","Naturally faster TtK due to being a heat weapon
Base TtK of 0.73 (instead of the usual 0.80s)
2 BURST w/ 195 weapons, Overclocked, and x2 MoA.
Withering Gaze.","","S","Equilibrium Dungeon","No"
"","Horror's Least","Pulse Rifle","Energy","Arc","Rapid-Fire","Hammer-forged
Smallbore
Full Bore","Accurized Rounds","Range
Stability","Zen Moment
Transcendant Moment","Kill Clip
Rampage","Accelerated Assault
Vanguard Determination","Decent, competitive option for rapid fire pulses. Outclassed in the energy slot by High Tyrant.","","A","Tenet of Bravery / Vanguard Ops / Zavala Vendor","No"
"","Joxer's Longsword","Pulse Rifle","Energy","Void","Heavy Burst","Arrowhead
Smallbore
Hammer-forged","Ricochet Rounds
High-Caliber Rounds
Armor Piercing Rounds","Range
Stability","Lone Wolf
Zen Moment","Withering Gaze
Desperado","Accelerated Assault
Nadir Focus
Roar of Battle","Long Range 2 burst pulse.
TTK shift via Desperado: 0.83 -> 0.54
Kill Clip or Adrenaline Junkie x2: => 0.74","","A","Crucible / Shaxx Vendor","No"
"","Last Thursday","Pulse Rifle","Kinetic","Strand","Adaptive","Arrowhead
Smallbore
Hammer-forged","Ricochet Rounds
High-Caliber Rounds
Armor Piercing Rounds","Range
Stability","Moving Target
Rapid Hit","Elemental Honing
Headseeker
Slice","Exhaustive Research","Can achieve neutral 2-burst via 186 weapons + Ele Honing x1.
186 Weapons + Ele Hone x1, Ele Honing x3. Binary Orbit, or Frenzy = 0.59 TtK
Origin is lackluster/borderline useless.","","S","Kepler Destination","No"
"","Nightshade","Pulse Rifle","Kinetic","Strand","Lightweight","Arrowhead
Smallbore
Hammer-forged","Ricochet Rounds
High-Caliber Rounds
Armor Piercing Rounds","Range
Stability","Slice
Keep Away
Moving Target","Headseeker
Kill Clip
Moving Target","Accelerated Assault
Nadir Focus","x2 Moving Target for VERY FAST ADS strafe.
Slice.","","A","Vanguard Ops / Zavala Vendor","No"
"","Nullify","Pulse Rifle","Energy","Solar","Heavy Burst","Arrowhead
Smallbore
Hammer-Forged","Accurized Rounds","Range
Stability","Under-Over
Rapid Hit
Firefly
Heal Clip","Vorpal Weapon
Sword Logic
Chaos Reshaped
Meganeura","Collective Purpose","Long Range 2 burst pulse.
TTK shift via Multikill Clip x3 or Chaos Reshaped x2: 0.83 -> 0.44
Multikill Clip x1, Sword Logic x2 or Chaos Reshaped x1: => 0.74
Vorpal Weapon & Under-Over for Anti-Super.
Firefly + Meganeura can punish teams laning together.","","B","Salvation's Edge Raid","Yes"
"","Redrix's Estoc","Pulse Rifle","Kinetic","Stasis","Legacy PR-55","Hammer-Forged
Smallbore
Full Bore","Accurized Rounds","Range
Stability","Zen Moment
Lone Wolf
Off Hand Strike","Elemental Honing
Headseeker
Kill Clip","None (Has access to Stocks instead)","Special Hipfire/Lightweight frame.
Does NOT provide lightweight frame bonuses. Provides MASSIVE hipfire accuracy, aim assist & stability buffs.
No origin trait. Instead has Stocks for higher possible stat package.
Cool Ranch BXR","","S","Comp / Shaxx Vendor","No"
"","Sacred Provenance","Pulse Rifle","Kinetic","Kinetic","Aggressive Burst","Arrowhead
Smallbore
Hammer-Forged","Ricochet Rounds","Range
Stability","Keep Away
Lone Wolf
Stopping Power","Desperado
Headseeker
Kinetic Tremors","Photoinhibition","Very strong Aggressive Burst option.
Insane stat package & perk options in both columns. Good origin trait.
TTK shift via Desperado: 0.73 -> 0.58
Kill Clip, All-Star, DM x1, or Frenzy: => 0.67
One For All or DM x3: => 0.60
Anti-Overshield & Woven Mail via Origin.","","S","Garden of Salvation Raid","Yes"
"","Smite of Merain","Pulse Rifle","Kinetic","Kinetic","Adaptive","Arrowhead
Smallbore
Hammer-Forged","Accurized Rounds","Range
Stability","Moving Target
Focused Fury
Well-Rounded","Vorpal Weapon
All-Star
Swashbuckler
Adhesive Ordnance","Runneth Over","Vorpal Weapon.
Strange combo of double damage perks via Focused Fury in Column 1.
Can easily achieve TTK shift via Focused Fury, Adhesive Ordnance, or All-Star: 1.00 -> 0.59","","B","King's Fall Raid","Yes"
"","Stars in Shadow","Pulse Rifle","Energy","Solar","High-Impact","Arrowhead
Smallbore
Hammer-Forged","Accurized Rounds
Steady Rounds","Range
Stability","Zen Moment
Keep Away
Lone Wolf","Desperado
Kill Clip
Headseeker","Wild Card
Roar of Battle","Wild Card prevents rez for brief time / deals splash dam.","","A","Tenet of Bravery","No"
"","Stay Frosty","Pulse Rifle","Kinetic","Stasis","Lightweight","Arrowhead
Hammer-Forged
Smallbore","Accurized Rounds","Range
Stability","Lone Wolf
Moving Target
Killing Wind","Headseeker
Desperado
Headstone","Omolon Fluid
Dawning Surprise","Lightweight/Movement.
Kill Chain. Res block via headstone.","","A","Tenet of Bravery","No"
"","Syncopation-53","Pulse Rifle","Kinetic","Stasis","Adaptive","Arrowhead
Hammer-Forged
Smallbore","Ricochet Rounds","Range
Stability","Moving Target
Zen Moment","Headseeker
Vorpal Weapon
Frenzy
Headstone","Suros Synergy","Modern Vorpal Weapon.
145 Weapons + Frostees/Stasis Surge x1 enables a neutral TTK shift.
TTK Shift via Frenzy, Focused Fury, or 145 Weapons + Stasis Surge x1: 1.00 -> 0.59
Headstone res block.","","S","Throne World Destination","Yes"
"","The Martlet","Pulse Rifle","Energy","Void","Lightweight","Hammer-forged
Smallbore
Corkscrew","Accurized Rounds","Range
Stability","Headseeker
Keep Away
Repulsor Brace","Desperado
Kill Clip
Withering Gaze","Fleet Footed
Roar of Battle","Lightweight/Movement.
Kill Chaining.
Withering Gaze.","","S","Trials of Osiris / Saint-14 Vendor","No"
"","The Messenger","Pulse Rifle","Kinetic","Kinetic","High-Impact","Arrowhead
Smallbore
Hammer-forged","Ricochet Rounds
High-Caliber Rounds
Armor Piercing Rounds","Range
Stability","Moving Target
Rangefinder
Stopping Power","Headseeker
Desperado
Lone Wolf","Wild Card
Fleet Footed
Roar of Battle","Wild Card prevents rez for brief time / deals splash dam.","","A","Trials of Osiris / Saint-14 Vendor","No"
"","The Time-Worn Spire","Pulse Rifle","Kinetic","Stasis","Rapid-Fire","Arrowhead
Smallbore
Hammer-forged","Ricochet Rounds
High-Caliber Rounds
Armor Piercing Rounds","Range
Stability","Zen Moment
Lone Wolf
Moving Target
Firefly","Elemental Honing
Headseeker
Kill Clip
Rampage","Skulking Wolf","EH 1 stack shifts ttk 0.8 --> 0.73
3stack --> 0.67
Firefly allows x2 EH without any investment.","","S","Iron Banner / Saladin Vendor","No"
"","Ogma PR6","Pulse Rifle","Energy","Solar","Lightweight","Arrowhead
Smallbore
Hammer-forged","Accurized
Steady","Range
Stability","Perpetual Motion
Heating Up
Demolitionist","Disruption Break
Dragonfly
Adrenaline Junkie","Omolon Fluid Dynamics","Lightweight/movement.
Primarily PvE focused perks.
Disruption Break for team shot gameplay.
TTK shift via Adrenaline Junkie x2: 0.87 -> 0.80
Adrenaline Junkie x5 or One For All: => 0.53","","D","Gunsmith Vendor","No"
"","Cold Denial","Pulse Rifle","Kinetic","Kinetic","High-Impact","Arrowhead
Smallbore
Hammer-forged","Ricochet
High-Caliber
Armor Piercing","Range
Stability","Zen Moment
Tunnel Vision","Desperado
Multikill Clip
Headseeker
Eye of the Storm","Paracausal Fluid","Unique 14 Zoom. Same as most Hand Cannons.
Lower zoom makes this more friendly to use at shorter ranges compared to other pulses.
Origin provides +50 Mobility & +?(large) Handling buff upon dealing damage, giving this a lightweight-type effect.
Very devestating in good hands.","","S","Xur","No"
"","Veles-X (Monument of Triumph Variant)","Pulse Rifle","Energy","Void","Aggressive Burst","Arrowhead
Smallbore
Hammer-forged","Ricochet
High-Caliber
Armor Piercing","Range
Stability","Lone Wolf
Rapid Hit
Repulsor Brace","Desperado
Golden Tricorn
Withering Gaze","Vanguard Determination
Hakke Breach Armaments","4-Round burst pulse.
Withering Gaze can punish overextending players due to Weaken's 20% slow.
TTK shift via Desperado: 0.73 -> 0.58
Kill Clip or Golden Tricorn x1: => 0.67
Golden Tricorn x2: => 0.60","","A","Vanguard Solo Ops / Zavala Vendor","No"
"","Veles-X (Original Variant)","Pulse Rifle","Energy","Void","Aggressive  Burst","Chambered","Flared Magwell","Handling","Tunnel Vision
Repulsor Brace","Golden Tricorn
Kill Clip","One Quiet Moment
Vanguard's Vindication
Gun and Run
Hakke Breach Armaments","Curated roll. 4-Round burst pulse.
Non-tiered, non-enhanceable.
4 Origin options for different uses.
Golden Tricorn x1 or Kill Clip ttk shift: 0.73 -> 0.67
Golden Tricorn x2 => 0.60","","C","Monument of Lost Lights","No"
"","Bygones (Monument of Triumph Variant)","Pulse Rifle","Kinetic","Kinetic","Adaptive","Arrowhead
Smallbore
Hammer-forged","Ricochet
High-Caliber
Armor Piercing","Range
Stability","Stopping Power
Zen Moment
Keep Away
Lone Wolf
Moving Target","Headseeker
Sword Logic
Desperado","Gun and Run","186(?) Weapons makes for easy 2 bursts.
TTK Shift via Stopping Power + 186 Weapons or Sword Logic: 1.00 -> 0.59
Desperado: => 0.70, Desperado + 186 weapons => 0.63","","S","Gambit / Drifter Vendor","No"
"","Bygones (Episode: Revenant Variant)","Pulse Rifle","Kinetic","Kinetic","Adaptive","Arrowhead
Smallbore
Hammer-forged","Ricochet
High-Caliber
Armor Piercing","Range
Stability","Zen Moment
Keep Away
Lone Wolf","Kill Clip
Desperado
Vorpal Weapon","Gun and Run","Cannot 2 burst without Damage Perks/Buff active due to lack of Stopping Power.
TTK Shift via Kill Clip: 1.00 -> 0.59
Desperado: => 0.70, Desperado + 186 weapons => 0.63","","C","Unobtainable (Previously Gambit)","No"
"","Battle Scar","Pulse Rifle","Kinetic","Kinetic","Lightweight","Arrowhead
Smallbore
Hammer-forged","Accurized
Steady","Range
Stability","Keep Away
Perpetual Motion","Headseeker
Adhesive Ordnance
All-Star","Field-Tested
Veteran's Wisdom","Lightweight/movement.
TTK shift via All-Star or High Ground x2: 0.87 -> 0.80
One For All or Adhesive Ordnance: => 0.53
Veteran's Wisdom can exhaust enemies near killed targets.","","B","EDZ Destination","No"
"","Gridskipper (Monument of Triumph Variant)","Pulse Rifle","Energy","Void","Rapid-Fire","Arrowhead
Smallbore
Hammer-forged","Ricochet
High-Caliber
Armor Piercing","Range
Stability","Zen Moment
Lone Wolf
Repulsor Brace","Headseeker
Multikill Clip
Desperate Measures","Splicer Surge","Decent rapid-fire that is powercrept by other options.
TTK shift via Multikill Clip x1, DM x2, or Frenzy: 0.80 -> 0.67
Multikill Clip x3: => 0.47
Origin provides escalating Reload & Handling when dealing damage.","","B","World Drop / Hawthorne Engram / Gunsmith Vendor","No"
"","Gridskipper (Episode: Revenant Variant)","Pulse Rifle","Energy","Void","Rapid-Fire","Arrowhead
Smallbore
Hammer-forged","Ricochet
High-Caliber
Armor Piercing","Range
Stability","Zen Moment
Lone Wolf
Repulsor Brace","Headseeker
Multikill Clip
Desperate Measures","Splicer Surge","Decent rapid-fire that is powercrept by newer options.
TTK shift via Multikill Clip x1, DM x2, or Frenzy: 0.80 -> 0.67
Multikill Clip x3: => 0.47
Origin provides escalating Reload & Handling when dealing damage
Non-tiered, but enhanceable.","","B","Kell's Fall Legacy Loot
Modifier Classic Collector: ON","No"
"","New Purpose","Pulse Rifle","Kinetic","Stasis","High-Impact","Arrowhead
Smallbore
Hammer-forged","Ricochet
High-Caliber
Armor Piercing","Range
Stability","Zen Moment
Headstone
Rapid Hit","Desperado
Headseeker
Meganeura","Bitterspite","VERY effective 340 RPM pulse.
Strong perks in both columns.
TTK shift via Desperado: 0.67 -> 0.48
Swashbuckler x3: => 0.60
Headstone res block.
Double AoE perks can punish teams laning together.
Origin provides massive reload speed buffs based on damage taken.","","S","Duality Dungeon","No"
"","Premonition","Pulse Rifle","Energy","Void","High-Impact","Arrowhead
Smallbore
Hammer-forged","Ricochet
High-Caliber
Armor Piercing","Range
Stability","Zen Moment
Firefly
Rapid Hit
Repulsor Brace","Headseeker
Desperado
Kill Clip
Withering Gaze
Meganeura","Loss","VERY effective 340 RPM pulse.
Strong perks in both columns.
TTK shift via Desperado: 0.67 -> 0.48
Kill Clip or Master of Arms x2: => 0.60
Withering Gaze can punish players who overextend due to Weaken's 20% slow.
Withering + Repulsor for easy overshields.
Double AoE perks can punish teams laning together.
INSANE Origin trait that provides AA, Stability and Handling passively.","","S","Moon Destination","No"
"","Relentless (Rite of the Nine Variant)","Pulse Rifle","Kinetic","Strand","High-Impact","Arrowhead
Smallbore
Hammer-forged","Ricochet
High-Caliber
Armor Piercing","Range
Stability","Keep Away
Slice
Lone Wolf
Firefly","Elemental Honing
Headseeker
Desperado
Paracausal Affinity","Crossing Over
Gravity Well","VERY effective 340 RPM pulse.
Has access to alternate Origin trait Gravity Well.
Grav Well picks up all ammo bricks on ground within 15yds on reload. Can activate ""On ammo pickup"" perks such as Twofold Crown 2pc, or Adhesive Ordnance.
Can self proc Ele Hone x2 via Firefly + Weapon damage, allowing an easy to reach x3 paired w/ abilities.
TTK Shift via Elemental Honing x3 or Para Aff: 0.67 -> 0.60
Desperado: => 0.48
Slice can provide dueling ""protection"" to make room for more mistakes.
Origin (non-enhanced) provides Range & Handling above 50% mag, and +1.5-3% damage under 50%.
Non-tiered, but enhanceable.","","S","Unobtainable (Previously Rite of the Nine Event)","No"
"","Relentless (Monument of Triumph Variant)","Pulse Rifle","Kinetic","Strand","High-Impact","Arrowhead
Smallbore
Hammer-forged","Ricochet
High-Caliber
Armor Piercing","Range
Stability","Keep Away
Slice
Firefly","Elemental Honing
Headseeker
Desperado
Paracausal Affinity","Crossing Over","VERY effective 340 RPM pulse.
Slice can provide dueling ""protection"" to make room for more mistakes.
Can self proc Ele Hone x2 via Firefly + Weapon damage, allowing an easy to reach x3 paired w/ abilities.
TTK Shift via Elemental Honing x3, Adren Junkie x3, or Para Aff: 0.67 -> 0.60
Desperado: => 0.48
Origin provides Range & Handling above 50% mag, and +2-4% damage under 50%","","S","Prophecy Dungeon","No"
"","Relentless (Season of the Wish Variant)","Pulse Rifle","Kinetic","Strand","High-Impact","Arrowhead
Smallbore
Hammer-forged","Ricochet
High-Caliber
Armor Piercing","Range
Stability","Keep Away
Slice
Rapid Hit","Headseeker
Desperado
Zen Moment","Crossing Over","VERY effective 340 RPM pulse.
Slice can provide dueling ""protection"" to make room for more mistakes.
TTK Shift via Desperado: 0.67 -> 0.48
Origin (non-enhanced) provides Range & Handling above 50% mag, and +1.5-3% damage under 50%.
Non-tiered, but enhanceable.","","S","Unobtainable (Previously Prophecy Dungeon)","No"
"","Jorum's Claw","Pulse Rifle","Energy","Solar","Adaptive","Arrowhead
Smallbore
Hammer-forged","Ricochet
High-Caliber
Armor Piercing","Range
Stability","Moving Target
Iron Grip
Encore","Kill Clip
Headseeker
Golden Tricorn","Skulking Wolf
Suros Synergy","Strong Adaptive pulse option.
No neutral TTK shift perks.
TtK shift via Kill Clip OR Golden Tricorn + 145(?) Weapons: 1.00 -> 0.59","","C","Iron Banner / Valus Saladin Vendor","No"
"","Claws of the Wolf","Pulse Rifle","Energy","Void","Rapid-Fire","Arrowhead
Smallbore
Hammer-forged","Ricochet
High-Caliber
Armor Piercing","Range
Stability","Headseeker
Elemental Capacitor
Repulsor Brace","Kill Clip
Disruption Break
Zen Moment","Skulking Wolf","Skulking Wolf Rapid-fire Pulse.
Disruption Break for Team Shot gameplay.
TTK shift via Kill Clip or Rampage x2: 0.80 -> 0.67
Rampage x1: => 0.73","","A","Iron Banner / Valus Saladin Vendor","No"
"","Yesteryear","Pulse Rifle","Energy","Void","Adaptive","Arrowhead
Smallbore
Hammer-forged","Ricochet
High-Caliber
Armor Piercing","Range
Stability","Slideways
Perpetual Motion
Well-Rounded","Desperado
Golden Tricorn
Multikill Clip","Suros Synergy
Gun and Run","Mid frame, lackluster column 1 perks, and no perks to neutral shift TtK.
TtK shift via Rampage x1, Golden Tricorn x1, Multikill Clip x1: 1.00 -> 0.92
Desperado: => 0.70
Desperado + 145 Weapons: = 0.63
Focused Fury OR Multikill Clip + 145 Weapons, Tricorn x1 + 145 Weapons: = 0.59","","C","Gambit / Drifter Vendor","No"
"","The Third Axiom","Pulse Rifle","Energy","Arc","Adaptive","Arrowhead
Smallbore
Hammer-forged","Ricochet
High-Caliber
Armor Piercing","Range
Stability","Zen Moment
Moving Target
Rangefinder
Slideways","Headseeker
Disruption Break
Vorpal Weapon","Vanguard Determination","No neutral TTK shift perk.
Very stacked perk pool in both columns.
Disruption Break for team shot gameplay.
Modern Vorpal Weapon option.","","C","Vanguard / Zavala Vendor","No"
"","Cruel Mercy (Monument of Triumph Variant)","Pulse Rifle","Energy","Arc","Heavy Burst","Arrowhead
Smallbore
Hammer-forged","Ricochet
High-Caliber
Armor Piercing","Range
Stability","Lone Wolf
Keep Away
Dragonflyt","Desperado
Kill Clip
Headseeker","Omolon Fluid Dynamics
Vanguard Determination
Problem Solver","Long Range 2 burst pulse.
TTK shift via Desperado: 0.83 -> 0.54
Kill Clip, Frenzy or Adrenaline Junkie x2: => 0.74","","A","Vanguard / Zavala Vendor","No"
"","Vantage Point","Pulse Rifle","Energy","Arc","Adaptive","Arrowhead
Smallbore
Hammer-forged","Accurized
Steady","Range
Stability","Lone Wolf
Keep Away
To The Pain","Desperado
Headseeker
Focused Fury","Dark Ether Reaper","Bad frame, and no perks to neutral shift TtK.
TtK shift via Desperado: 1.00 -> 0.70
Desperado + 145 Weapons: => 0.63
Swashbuckler x1: => 0.92
Focused Fury, One For All, or Swashbuckler x3: => 0.59","","C","Kell's Fall Legacy Loot
Modifier Classic Collector: ON","No"
"","Scalar Potential","Pulse Rifle","Energy","Arc","Rapid-Fire","Arrowhead
Smallbore
Hammer-forged","Accurized
Steady","Range
Stability","Keep Away
Loose Change","Headseeker
Golden Tricorn
High Ground","Dragon's Vengeance","Decent Rapid-fire pulse option.
Lacks exceptional Column 1 options.
TTK shift via Golden Tricorn x1, Focused Fury, or High Ground x3: 0.80 -> 0.67
High Ground x1: => 0.73
Low base stats, decent origin which provides Range & Handling passively & frequently.","","B","Starcrossed Legacy Loot
Modifier Classic Collector: ON","Yes"
"","Adhortative","Pulse Rifle","Energy","Solar","Adaptive","Arrowhead
Smallbore
Hammer-forged","Ricochet
High-Caliber
Armor Piercing","Range
Stability","Heal Clip
Loose Change","Headseeker
Disruption Break
Moving Target
Golden Tricorn","Nano-Munitions","Primarily PvE focused perk options.
Lacks neutral TTK shift perks necessary to make Adaptive pulses competitive.
Disruption Break can be useful for team shot scenarios.","","D","Starcrossed Legacy Loot
Modifier Classic Collector: ON","Yes"
"","Oversoul Edict","Pulse Rifle","Energy","Arc","Rapid-Fire","Arrowhead
Smallbore
Hammer-forged","Ricochet
High-Caliber
Armor Piercing","Range
Stability","Keep Away
Eye of the Storm
Perpetual Motion","Gear Shift
Sword Logic
Headseeker","Cursed Thrall","Exceptional Rapid-Fire Pulse but low base range & awkward base recoil direction.
Gear Shift TTK Shift from neutral.
TTK shift via Gear Shift x1, Sword Logic x2, Swash/Adren x3, High Ground x3: 0.80 -> 0.67
Swash/Adren x1, High Ground x1: => 0.73
Gear Shift x5: => 0.47","","A","Crota's End Raid","Yes"
"","Different Times","Pulse Rifle","Kinetic","Strand","Rapid-Fire","Arrowhead
Smallbore
Hammer-forged","Ricochet
High-Caliber
Armor Piercing","Range
Stability","Moving Target
Heating Up","Headseeker
Golden Tricorn
Multikill Clip","Unsated Hunger","Decent Rapid-fire pulse option.
Lacks exceptional Column 1 options.
Low base stats, origin only activates when ALL abilities are on cooldown.","","B","Xur","Yes"
"","Outlast","Pulse Rifle","Energy","Solar","Rapid-Fire","Arrowhead
Smallbore
Hammer-forged","Ricochet
High-Caliber
Armor Piercing","Range
Stability","Keep Away
Rangefinder","Kill Clip
Dragonfly
Opening Shot","Disaster Plan","Decent rapid-fire that is powercrept by newer options.
TTK shift via Kill Clip: 0.80 -> 0.67
Origin providees +15 Range and +15% Flinch Resist for next shot/burst fired after picking up ammo.
Non-tiered, non-enhanceable.","","B","Xur","No"
"","Phyllotactic Spiral","Pulse Rifle","Energy","Arc","High-Impact","Arrowhead
Chambered
Smallbore","Ricochet
High-Caliber
Armor Piercing","Range
Stability","Keep Away
Rapid Hit","Headseeker
Desperado
Kill Clip","Nanotech Tracer Missiles","VERY strong High-Impact pulse option.
Craftable for easy perfect roll. Origin can very often tip a fight in your favor.
Desperado works very well in conjunction with the Origin.
","","S","Neptune Activities","Yes"
"","Disparity","Pulse Rifle","Energy","Stasis","Aggressive Burst","Arrowhead
Chambered
Smallbore","Accurized
Steady","Range
Stability","Moving Target
Eye of the Storm
Rapid Hit","Headseeker
Desperado
Kill Clip
Headstone
Swashbuckler","Ambush
Hakke Breach Armaments","VERY strong aggressive burst pulse option.
Ambush Origin provides +20 range & handling on combat start.
Stasis synergy w/ Cadmus Ridge Lancecap & Frostees.
TtK shift via Desperado: 0.73->0.58
Kill Clip: => 0.67
Swashbuckler: => 0.60","","S","Operation: Seraph's Shield Legacy Loot
Modifier Classic Collections: ON","Yes"
"","Forge's Pledge","Pulse Rifle","Energy","Solar","Adaptive","Arrowhead
Smallbore
Hammer-forged","Accurized
Steady","Range
Stability","Zen Moment
Tunnel Vision
Heating Up","Multikill Clip
Rampage","Skulking Wolf","Weak frame, mostly weak perk options.
Non-tiered, non-enhanceable.","","F","Iron Banner / Valus Saladin Vendor","No"
"","Insidious","Pulse Rifle","Energy","Arc","Aggressive Burst","Arrowhead
Smallbore
Corkscrew","Accurized
Steady","Range
Stability","Frenzy
Rapid Hit
Dragonfly","Chaos Reshaped
Rampage
Vorpal Weapon","Soul Drinker","Double damage perks via Frenzy in Column 1.
TtK shift via Frenzy + Chaos Reshaped x1: 0.73 -> 0.60
Frenzy + CR x2: => 0.53
Modern Vorpal Weapon option. Can easily 2 burst most supers.","","A","Vow of the Disciple Raid","Yes"
"","Infinite Paths 8","Pulse Rifle","Energy","Arc","Lightweight","Arrowhead
Smallbore
Hammer-forged","Accurized
Steady","Range
Stability","Moving Target
Dragonfly","Kill Clip
Zen Moment
Swashbuckler","Radiolaria Transposer","Lightweight/movement.
Origin provides occasional AoE/Area Denial via Vex Pool.
TTK shift via Kill Clip or Swashbuckler x2: 0.87->0.80
Swashbuckler x5: => 0.53","","C","World Drop / Hawthorne Engram / Gunsmith Vendor","No"
"","Jian 7 Rifle","Pulse Rifle","Energy","Arc","Adaptive","SLO-10 Post
SLO-21 Post
SLO-12 Post","Ricochet
High-Caliber
Armor Piercing","Range
Stability","Disruption Break
Zen Moment","Swashbuckler
Rampage
Dragonfly","None","Bad frame, good perks.
Lacks neutral TTK shift perks necessary to make the frame exceptional.
Disruption Break for teamshot gameplay.
TTK shift via Swashbuckler x3 or Rampage x2: 1.00 -> 0.59
Swashbuckler x1 or Rampage x1: => 0.92","","C","Xur / Dares of Etenity Loot Pool","No"
"","Last Perdition","Pulse Rifle","Energy","Void","Adaptive","Arrowhead
Smallbore
Hammer-forged","Accurized
Steady","Range
Stability","Moving Target
Rangefinder","Headseeker
Kill Clip
Zen Moment","Roar of Battle","Bad frame, good perks.
Lacks neutral TTK shift perks necessary to make the frame exceptional.
TTK shift via Kill Clip or Rampage x2: 1.00 -> 0.59
Rampage x1: => 0.92","","C","Lord Shaxx Vendor Legacy Focusing","No"
"","Jurassic Green","Pulse Rifle","Energy","Solar","Rapid-Fire","Arrowhead
Smallbore
Hammer-forged","Accurized
Steady","Range
Stability","Lone Wolf
Keep Away
Rangefinder","Headseeker
Kill Clip
Desperate Measures","Search Party
Field-Tested","Decent Rapid-Fire pulse but powercrept by new options.
Low base stats, and lacks neutral TTK shift perk options.
Good origin traits can make up for low base stats.
TTK shift via Kill Clip, DM x2, Frenzy, or Adren Junkie x3: 0.80 -> 0.67
DM x1 or Adren Junkie x1: => 0.73
Non-tiered, but enhanceable.","","B","Unobtainable (Previously Festival of the Lost activities)","No"
"","Redrix's Broadsword","Pulse Rifle","Kinetic","Kinetic","High-Impact","Arrowhead
Smallbore
Corkscrew","Ricochet
High-Caliber
Armor Piercing","Stability","Outlaw","Desperado","None","""Grown ass man casting spells. Pick up the...""
Randomized barrels & magazines. Masterwork is always stability.
Still deadly, but massively powercrept by new options.
Non-tiered, non-enhanceable.","","C","Monument of Lost Lights","No"
"","Blast Furnace (Into the Light Variant)","Pulse Rifle","Kinetic","Kinetic","Aggressive Burst","Smallbore
Polygonal
Corkscrew","Accurized
Steady","Stability
Range","Headseeker
Kinetic Tremors
Keep Away
Zen Moment","Desperado
Kill Clip
Frenzy
Rampage
Desperate Measures","Indomitable","Very strong Aggressive Burst option.
Insane stat package & perk options in both columns. Good Origin.
TTK shift via Desperado: 0.73 -> 0.58
Kill Clip, Rampage x1, DM x1, or Frenzy: => 0.67
One For All, Rampage x3, DM x3: => 0.60","","S","Unobtainable (Previously Onslaught)","No"
"","Inaugural Address","Pulse Rifle","Energy","Void","Adaptive","Chambered
Polygonal
Fluted","None","Range
Stability","Outlaw
Ambitious Assassin","Kill Clip","None","Curated roll.
Non-tiered, non-enhanceable.
No magazines or origin traits.","","D","Unobtainable (Previously Leviathan Raid)","No"
"","Chattering Bone (Pantheon Variant)","Pulse Rifle","Kinetic","Kinetic","Lightweight","Arrowhead
Extended
Chambered
Hammer-forged
Smallbore","Accurized
Steady","Range
Stability","Kill Clip
Rapid Hit","Headseeker
Chaos Reshaped
Binary Orbit
Kinetic Tremors","Ellipitcal Orbit
Explosive Pact","Lightweight/Movement
Kill Clip + Chaos Reshaped x1/Binary Orbit = 2 Burst @ 0.53.
KC+CR x2 => 0.47
Better origin trait option than Last Wish variant, but lacks Rampage for easier 2 burst.","","S","Pantheon Raid","No"
"","Haliaetus","Rocket Launcher","Heavy","Strand","High-Impact","Volatile Launch
Quick Launch
Linear Comp","Black Powder
High Velocity
Impact Casing","Blast Radius
Velocity","Impulse Amplifier
Cluster Bomb","Elemental Honing
Binary Orbit
Aggregate Charge","Bray Legacy","Small energy gains via Origin trait.","","A","Tenet of Bravery","No"
"","Roar of the Bear","Rocket Launcher","Heavy","Solar","High-Impact","Volatile Launch
Quick Launch
Linear Comp","Black Powder
High Velocity
Impact Casing","Blast Radius
Velocity","Impulse Amplifier
Explosive Light","Cluster Bomb
Chain Reaction
Vorpal Weapon","Skulking Wolf","Vorpal Weapon.
Skulking Wolf Heavy.","","S","Iron Banner / Saladin Vendor","No"
"","Sleepless","Rocket Launcher","Heavy","Arc","High-Impact","Volatile Launch
Quick Launch
Linear Comp","Black Powder
High Velocity
Impact Casing","Blast Radius
Velocity","Impulse Amplifier
Wellspring","Chain Reaction
Elemental Honing
Demolitionist","Advanced Reflexes","Extra damage, handling & mobility via Origin trait.","","A","Dreaming City Destination","No"
"","Tomorrow's Answer","Rocket Launcher","Heavy","Void","High-Impact","Volatile Launch
Quick Launch
Linear Comp","Black Powder
High Velocity
Impact Casing","Blast Radius
Velocity","Impulse Amplifier","Cluster Bomb
Chain Reaction
Explosive Light","Wild Card
Fleet Footed
Roar of Battle","AoE damage/res denial via Origin trait.","","S","Trials of Osiris / Saint-14 Vendor","No"
"","The When and Where","Rocket Launcher","Heavy","Stasis","Adaptive","Volatile Launch
Quick Launch
Linear Comp","Black Powder
High Velocity
Impact Casing","Blast Radius
Velocity","Impulse Amplifier","Explosive Light
Elemental Honing
Reaper's Tithe","Frame of Reference","Adaptive Frame w/ nearly 100 Blast Radius.
Strong origin trait.
Provides extra damage, range, and reload speed. Buff pauses on stow, and timer only progresses while weapon is readied, allowing the buff to be ""backpacked"". 
Dmg buff: x1 = 1.45% / x2 = 2.8%  / x3 = 4.2% / x4 = 5.6% / x5 = 7%","","S","Desert Perpetual Raid","No"
"","The Hothead","Rocket Launcher","Heavy","Arc","Adaptive","Volatile Launch
Quick Launch
Linear Comp","Black Powder
High Velocity
Impact Casing","Blast Radius
Velocity","Impulse Amplifier","Explosive Light
Elemental Honing
Aggregate Charge","Vanguard Determination
Problem Solver","Adaptive Frame w/ nearly 100 Blast Radius.","","S","Vanguard Pinnacle Ops / Zavala Vendor","No"
"","Bellowing Giant","Rocket Launcher","Heavy","Void","Adaptive","Volatile Launch
Quick Launch
Linear Comp","Black Powder
High Velocity
Impact Casing","Blast Radius
Velocity","Tracking Module
Impromptu Ammunition
Quickdraw","Cluster Bomb
Reaper's Tithe
Aggregate Charge","Forge's Kin","Adaptive Frame w/ nearly 100 Blast Radius.
Origin trait increases ammo gen & reload speed on final blow for all equipped Black Armory weapons for a brief period.","","B","Arena Ops / Zavala Vendor","No"
"","Apex Predator","Rocket Launcher","Heavy","Solar","Adaptive","Volatile Launch
Quick Launch
Linear Comp","Black Powder
High Velocity
Impact Casing","Blast Radius
Velocity","Cluster Bomb
Chain Reaction
Incandescent","Explosive Light
Reaper's Tithe
Surrounded","Explosive Pact","Adaptive Frame w/ nearly 100 Blast Radius.","","B","Last Wish Raid","Yes"
"","Crux Celeritas IV","Rocket Launcher","Heavy","Strand","Aggressive","Volatile Launch
Quick Launch
Linear Comp","Black Powder
High Velocity
Impact Casing","Blast Radius
Velocity","Impulse Amplifier","Explosive Light
Elemental Honing
Reaper's Tithe","Wild Card
Featherweight","Aggressive Frame w/ Impulse + Explosive Light.
Exp Light provides 100 Blast Radius to offset low Blast on frame.","","C","Sparrow Racing League","No"
"","Subzero Salvo","Rocket Launcher","Heavy","Arc","Precision","Volatile Launch
Quick Launch
Linear Comp","Black Powder
High Velocity
Impact Casing","Blast Radius
Velocity","Impulse Amplifier","Explosive Light
Gear Shift","Winterized Gear","Precision Frame w/ Impulse + Explosive Light.
Exp Light provides 100 Blast Radius to offset low Blast on frame.","","C","Europa Destination","No"
"","Hezen Vengeance","Rocket Launcher","Heavy","Solar","Aggressive","Volatile Launch
Quick Launch
Linear Comp","Black Powder
High Velocity
Impact Casing","Blast Radius
Velocity","Impulse Amplifier
Cluster Bomb
Incandescent","Explosive Light
Elemental Honing
Binary Orbit","Timelost Magazine","Aggressive Frame w/ Impulse + Explosive Light.
Exp Light provides 100 Blast Radius to offset low Blast on frame.","","C","Vault of Glass Raid","Yes"
"","Cold Comfort","Rocket Launcher","Heavy","Stasis","Aggressive","Volatile Launch
Quick Launch
Linear Comp","Black Powder
High Velocity
Impact Casing","Blast Radius
Velocity","Impulse Amplifier","Explosive Light
Reaper's Tithe
Elemental Honing","Restoration Ritual","Aggressive Frame w/ Impulse + Explosive Light.
Exp Light provides 100 Blast Radius to offset low Blast on frame.","","C","Ghosts of the Deep Dungeon","No"
"","Crowning Duologue","Rocket Launcher","Heavy","Strand","Precision","Volatile Launch
Quick Launch
Linear Comp","Black Powder
High Velocity
Impact Casing","Blast Radius
Velocity","Impulse Amplifier","Reverberation
Chain Reaction
Cluster Bomb","Dream Work
Hakke Breach Armaments","Precision Frame w/ Impulse + Reverberation.
Reverberation grants +100 blast Radius for 5 seconds after a kill.
Useless Origins.","","D","Tenet of Bravery","No"
"","Bad Omens","Rocket Launcher","Heavy","Void","Aggressive","Volatile Launch
Quick Launch
Linear Comp","Black Powder
High Velocity
Impact Casing","Blast Radius
Velocity","Tracking Module
Auto-Loader Holster","Explosive Light
Cluster Bomb
Elemental Honing","Gun and Run","Bad frame, no Impulse Amplifier.
Explosive Light provides 100 Blast Radius to offset low Blast on frame.","","D","Gambit / Drifter Vendor","No"
"","Heretic","Rocket Launcher","Heavy","Arc","Aggressive","Volatile Launch
Quick Launch
Linear Comp","Black Powder
High Velocity
Impact Casing","Blast Radius
Velocity","Impulse Amplifier
Cluster Bomb","Explosive Light
Gear Shift
Binary Orbit","Loss","Aggressive Frame w/ Impulse + Explosive Light.
Exp Light provides 100 Blast Radius to offset low Blast on frame.
Gear Shift for neutral damage buff.","","B","Altars of Sorrow Event on Moon","No"
"","Cynosure","Rocket Launcher","Heavy","Strand","Adaptive","Volatile Launch
Quick Launch
Linear Comp","Black Powder
High Velocity
Impact Casing","Blast Radius
Velocity","Tracking Module
Field Prep
Slice","Explosive Light
Chain Reaction
Aggregate Charge","Vanguard Determination
Suros Synergy","Adaptive frame w/ nearly 100 Blast Radius, no Impulse Amplifier.","","C","Vanguard Ops / Zavala Vendor","No"
"","Micromort","Rocket Launcher","Heavy","Arc","Precision","Volatile Launch
Quick Launch
Linear Comp","Black Powder
High Velocity
Impact Casing","Blast Radius
Velocity","Impulse Amplifier
Cluster Bomb","Chain Reaction
Paracausal Affinity
Binary Orbit","Nail, Meet Hammer
Hakke Breach Armaments","Precision Frame w/ Impulse, no Explosive Light.
Medium Blast Radius at 74 max w/ Impulse.","","B","Tenet of Bravery","No"
"","Folded Root","Rocket Launcher","Heavy","Void","Aggressive","Volatile Launch
Quick Launch
Linear Comp","Black Powder
High Velocity
Impact Casing","Blast Radius
Velocity","Cluster Bomb
Danger Zone
Reverberation","Chain Reaction
Frenzy","Tenacity","Bad frame, no Impulse Amplifier or Explosive Light.","","F","Tenet of Bravery","No"
"","Pyroclastic Flow","Rocket Launcher","Heavy","Solar","Precision","Volatile Launch
Quick Launch
Linear Comp","Black Powder
High Velocity
Impact Casing","Blast Radius
Velocity","Cluster Bomb
Danger Zone
Field Prep","Explosive Light
Surrounded
Aggregate Charge","Fail-Deadly","Precision Frame, no Impulse. Exp Light
 provides 100 Blast Radius to offset low Blast on Frame.
Double Surrounded perks for Kamikaze plays.","","C","Nessus Destination","No"
"","Heretic's Fervor","Rocket Launcher","Heavy","Stasis","Aggressive","Volatile Launch
Quick Launch
Linear Comp","Black Powder
High Velocity
Impact Casing","Blast Radius
Velocity","Tracking Module
Field Prep
Quick Draw","Explosive Light
Reverberation
Harmony","Dark Ether Reaper","Aggressive Frame, no Impulse.
Exp Light provides 100 Blast Radius to offset low Blast on frame.","","C","Xur","No"
"","Code Duello","Rocket Launcher","Heavy","Solar","High-Impact","Volatile Launch
Quick Launch
Linear Comp","Black Powder
High Velocity
Impact Casing","Blast Radius
Velocity","Impulse Amplifier","Cluster Bomb
Chain Reaction","None","Aggressive Frame w/ Impulse + Cluster Bomb / Chain Reaction.
No Origin.","","B","Xur","No"
"","Faith-Keeper","Rocket Launcher","Heavy","Void","Precision","Volatile Launch
Quick Launch
Linear Comp","Black Powder
High Velocity
Impact Casing","Blast Radius
Velocity","Impulse Amplifier","Explosive Light
Reverberation
Frenzy","Radiolaria Transposer","Precision Frame w/ Impulse & Explosive Light.
67 Blast Radius at Max.
Exp Light provides 100 Blast Radius to offset low Blast on frame.","","C","Encore Exotic Mission 
Classic Collections Modifier: ON","Yes"
"","Semiotician","Rocket Launcher","Heavy","Strand","High-Impact","Volatile Launch
Quick Launch
Linear Comp","Black Powder
High Velocity
Impact Casing","Blast Radius
Velocity","Impulse Amplifier","Explosive Light
Harmony
Danger Zone","Head Rush","Good frame, good perks, decent Origin trait.
Craftable for easy access.","","A","Xur","Yes"
"","Bump In The Night","Rocket Launcher","Heavy","Stasis","Aggressive","Volatile Launch
Quick Launch
Linear Comp","Black Powder
High Velocity
Impact Casing","Blast Radius
Velocity","Tracking Module
Field Prep","Chain Reaction
Frenzy","Extrovert","Bad frame, bad perks, mid Origin.","","D","Presage
Legacy Loot
Modifier Classic Collections: ON","Yes"
"","Red Herring","Rocket Launcher","Heavy","Void","Adaptive","Volatile Launch
Quick Launch
Linear Comp","Black Powder
High Velocity
Impact Casing","Blast Radius
Velocity","Tracking Module
Cluster Bomb
Field Prep","Explosive Light
Elemental Honing
Golden Tricorn","Psychohack","Adaptive w/ no Impulse Amplifier. Explosive Light.
87 Blast at Max.
Exp Light provides 100 Blast Radius to offset low Blast on frame.","","C","Throne World Destination","Yes"
"","Ascendancy","Rocket Launcher","Heavy","Solar","Precision","Volatile Launch
Quick Launch
Linear Comp","Black Powder
High Velocity
Impact Casing","Blast Radius
Velocity","Impulse Amplifier","Explosive Light
Cluster Bomb
Reaper's Tithe","Vanguard Determination","Precision w/ Impulse Amplifier & Explosive Light.
74 Blast Radius at max w/ Impulse & Exp. Light.
Exp Light provides 100 Blast Radius to offset low Blast on frame.","","B","Vanguard Solo Ops / Zavala Vendor","No"
"","Palmyra-B","Rocket Launcher","Heavy","Stasis","Precision","Volatile Launch
Quick Launch
Linear Comp","Black Powder
High Velocity
Impact Casing","Blast Radius
Velocity","Impulse Amplifier","Explosive Light
Chain Reaction","Hakke Breach Armaments","Precision w/ Impulse Amplifier & Explosive Light.
67 Blast at Max w/ Impulse & Explosive Light.
Exp Light provides 100 Blast Radius to offset low Blast on frame.","","B","Gunsmith Legacy Focusing","Yes"
"","Crux Termination IV","Rocket Launcher","Heavy","Arc","Aggressive","Volatile Launch
Quick Launch
Linear Comp","Black Powder
High Velocity
Impact Casing","Blast Radius
Velocity","Slideshot","Explosive Light","Wild Card","Aggressive Frame w/ No Impulse. Explosive Light.
Exp Light provides 100 Blast Radius to offset low Blast on frame.","","D","Gunsmith Legacy Focusing","No"
"","Braytech Osprey","Rocket Launcher","Heavy","Void","High-Impact","Volatile Launch
Quick Launch
Linear Comp","Black Powder
High Velocity
Impact Casing","Blast Radius
Velocity","Cluster Bomb
Field Prep","Chain Reaction
Golden Tricorn","Vanguard's Vindication
Stunning Recovery","Good frame. but no Impulse Amplifier.
Cluster + Chain Reaction for AoE.","","B","Xur","No"
"","Blowout","Rocket Launcher","Heavy","Arc","Adaptive","Volatile Launch
Quick Launch
Linear Comp","Black Powder
High Velocity
Impact Casing","Blast Radius
Velocity","Impulse Amplifier","Explosive Light
Cluster Bomb
Chain Reaction
DIsruption Break","One Quiet Moment
Suros Synergy","Adaptive Frame w/ Impulse Amplifier & Explosive Light.
80 Blast at max w/ Impulse & Exp. Light.
Non-enhanceable, non-tiered.","","B","Shaxx Vendor Legacy Focusing","No"
"","Royal Entry","Rocket Launcher","Heavy","Void","Precision","Volatile Launch
Quick Launch
Linear Comp","Black Powder
High Velocity
Impact Casing","Blast Radius
Velocity","Impulse Amplifier","Cluster Bomb
Chain Reaction
Thresh","Vanguard's Vindication","Precision w/ Impulse Amplifier. No Explosive Light.
60 Blast Radius at max.
Lack of Blast Radius diminishes use.","","D","Zavala Vendor Legacy Focusing","No"
"","Sins of the Past","Rocket Launcher","Heavy","Arc","High-Impact","Linear Comp
Confined
Smart Drift","None","Blast Radius
Velocity","Cluster Bombs
Ambitious Assassin","Auto-Loading Holster","None","S Tier for style points. 
It's drip or drown in this bitch, and bois, we're at the bottom of the Mariana Trench.
Real ones remember when this could be ANY element.","","D","Unobtainable (Previously Leviathan Raid)","No"
"","Hoosegow","Rocket Launcher","Heavy","Arc","Adaptive","Volatile Launch
Quick Launch
Linear Comp","Black Powder
High Velocity
Impact Casing","Blast Radius
Velocity","Tracking Module
Field Prep
Pulse Monitor","Cluster Bomb
Rangefinder
Quickdraw","None","Hoosegow Gang rise up.","","F","Xur","No"
"","Butler RS/2","Rocket Launcher","Heavy","Arc","High-Impact","Confined Launch
Smart Drift","High Velocity","None","None","None","None","BUTLER!!","","F","Collections","No"
"","Mint Retrograde (Edge of Fate Variant)","Rocket Pulse Rifle","Kinetic","Strand","Micro-Missile","Hard Launch
Volatile Launch
Linear Comp","High-Explosive
High-Velocity","Velocity
Blast Radius","Hatchling","Slice
Elemental Honing
Chain Reaction
Master of Arms","Vanguard Determination
Problem Solver","Special Ammo Rocket-Pulse Rifle frame.
PvE bois please do not use this in PvP, they are super turbo garbage.","","F","Vanguard Ops / Zavala Vendor","No"
"","Mint Retrograde (Monument of Triumph Variant)","Rocket Pulse Rifle","Kinetic","Strand","Micro-Missile","Hard Launch
Volatile Launch
Linear Comp","High-Explosive
High-Velocity","Velocity
Blast Radius","Impulse Amplifier","Elemental Honing
Chain Reaction
Master of Arms","Accelerated Assault
Vanguard Determination
Problem Solver","Special Ammo Rocket-Rifle frame.
PvE bois please do not use this in PvP, they are super turbo garbage.","","D","Vanguard Ops / Zavala Vendor","No"
"","Psi Aeterna IV","Rocket Pulse Rifle","Energy","Arc","Micro-Missile","Hard Launch
Volatile Launch
Linear Comp","High-Explosive
High-Velocity","Velocity
Blast Radius","Blast Distributor
Reverberation","Elemental Honing","Wild Card
Accelerated Assault
Vanguard Determination","Special Ammo Rocket-Rifle frame.
PvE bois please do not use this in PvP, they are super turbo garbage.","","F","Tenet of Bravery","No"
"","Veillantif-D","Rocket Pulse Rifle","Energy","Solar","Micro-Missile","Hard Launch
Volatile Launch
Linear Comp","High-Explosive
High-Velocity","Velocity
Blast Radius","Blast Distributor
Slideways
Perpetual Motion","Incandescent
Desperate Measures
Sword Logic","Featherweight
Hakke Breach Armaments","Special Ammo Rocket-Rifle frame.
PvE bois please do not use this in PvP, they are super turbo garbage.","","F","Sparrow Racing League","No"
"","Indebted Kindness (Monument of Triumph Variant)","Rocket Sidearm","Energy","Arc","Micro-Missile","Hard Launch
Volatile Launch
Linear Comp","High-Explosive
High-Velocity
","Velocity
Blast Radius","Impulse Amplifier","Gear Shift
Chain Reaction
Surrounded","Sundering","Special Ammo Rocket-sidearm frame.
PvE bois please do not use this in PvP, they are super turbo garbage.","","F","Warlord's Ruin Dungeon","No"
"","Indebted Kindness (Original Variant)","Rocket Sidearm","Energy","Arc","Micro-Missile","Hard Launch
Volatile Launch
Linear Comp","High-Explosive
High-Velocity","Velocity
Blast Radius","Impulse Amplifier
Offhand Strike","Surrounded","Sundering","Special Ammo Rocket-sidearm frame.
PvE bois please do not use this in PvP, they are super turbo garbage.","","F","Unobtainable (Warlord's Ruin Dungeon previously)","No"
"","Lotus-Eater (Monument of Triumph Variant)","Rocket Sidearm","Energy","Void","Micro-Missile","Hard Launch
Volatile Launch
Linear Comp","High-Explosive
High-Velocity","Velocity
Blast Radius","Repulsor Brace
Dimensional Shift","Withering Gaze
Cascade Point","Vanguard Determination
Problem Solver","Special Ammo Rocket-sidearm frame.
Withering Gaze + Repulsor/Dimensional for Overshield.
PvE bois please do not use this in PvP, they are super turbo garbage.","","F","Vanguard Ops / Zavala Vendor","No"
"","Lotus-Eater (Episode: Heresy Variant)","Rocket Sidearm","Energy","Void","Micro-Missile","Hard Launch
Volatile Launch
Linear Comp","High-Explosive
High-Velocity","Velocity
Blast Radius","Repulsor Brace","Withering Gaze","Vanguard's Vindication
Stunning Recovery","Special Ammo Rocket-sidearm frame.
Withering Gaze + Repulsor for Overshield.
PvE bois please do not use this in PvP, they are super turbo garbage..","","F","Unobtainable (Previously GM Nightfalls)","No"
"","The Call","Rocket Sidearm","Kinetic","Strand","Micro-Missile","Hard Launch
Volatile Launch
Linear Comp","High-Explosive
High-Velocity","Velocity
Blast Radius","Slice
Impulse Amplifier","Aggregate Charge
Golden Tricorn
Chaos Reshaped","Dealer's Choice","Special Ammo Rocket-sidearm frame.
Slice.
PvE bois please do not use this in PvP, they are super turbo garbage.","","D","Pale Heart Destination","Yes"
"","Aberrant Action","Rocket Sidearm","Energy","Solar","Micro-Missile","Hard Launch
Volatile Launch
Linear Comp","High-Explosive
High-Velocity","Velocity
Blast Radius","Threat Detector
Heal Clip","Swashbuckler
Incandescent
Golden Tricorn","Radiolaria Transposer","Special Ammo Rocket-sidearm frame.
PvE bois please do not use this in PvP, they are super turbo garbage.","","F","Encore Exotic Mission 
Classic Collections Modifier: ON","Yes"
"","Returned Memory","Rocket Sidearm","Energy","Solar","Micro-Missile","Hard Launch
Volatile Launch
Linear Comp","High-Explosive
High-Velocity","Velocity
Blast Radius","Impulse Amplifier","Desperate Measures
Incandescent","Wild Card
Tenacity
Roar of Battle","Special Ammo Rocket-sidearm frame.
PvE bois please do not use this in PvP, they are super turbo garbage.
Wild Card for Res Block.","","F","Tenet of Bravery","No"
"","Tinasha's Mastery","Rocket Sidearm","Kinetic","Stasis","Micro-Missile","Hard Launch
Volatile Launch
Linear Comp","High-Explosive
High-Velocity","Velocity
Blast Radius","Impulse Amplifier","Chill Clip
Desperate Measures
Surrounded","Skulking Wolf","Special Ammo Rocket-sidearm frame.
Only Skulking Wolf Rocket Sidearm.
Chill Clip applies slow on hit, allow for primary-swap clean up or team shot.
PvE bois please do not use this in PvP, they are super turbo garbage.","","D","Iron Banner / Saladin Vendor","No"
"","High Albedo (Monument of Triumph Variant)","Rocket Sidearm","Kinetic","Kinetic","Micro-Missile","Hard Launch
Volatile Launch
Linear Comp","High-Explosive
High-Velocity","Velocity
Blast Radius","Impulse Amplifier","All-Star
Recombination","Winterized Gear","Special Ammo Rocket-sidearm frame.
PvE bois please do not use this in PvP, they are super turbo garbage.","","F","Europa Destination","No"
"","Unfall","Rocket Sidearm","Energy","Arc","Together Forever (Micro-Missile)","Hard Launch
Volatile Launch
Linear Comp","High-Explosive
High-Velocity","Velocity
Blast Radius","Disruption Break
Impulse Amplifier","Master of Arms
Binary Orbit","Vanguard Determination","Functionally Special Ammo Rocket-sidearm frame.
Best Rocket Sidearm for PvP.
Disruption Break for team play.
PvE bois please do not use this in PvP, they are super turbo garbage.","","D","Tenet of Bravery","No"
"","Aisha's Embrace","Scout Rifle","Energy","Void","Rapid-Fire","Arrowhead
Smallbore
Hammer-forged","Accurized","Range
Stability","Vorpal Weapon
Keep Away
Eye of the Storm","Precision Instrument
Withering Gaze","Fleet-Footed
Roar of Battle","Fleet-footed grants movement speed on damage/kill which can allow for Lightweight-esque movement.
Modern energy slot Vorpal Weapon option.
PI w/ 110 Weapons
TtK shift from 0.93->0.69","","S","Trials of Osiris / Saint-14 Vendor","No"
"","Fang of Ir-Yut","Scout Rifle","Kinetic","Strand","Rapid-Fire","Arrowhead
Smallbore
Hammer-Forged","Ricochet Rounds
High-Caliber Rounds
Armor Piercing Rounds","Range
Stability","Keep Away
Slice
Rapid Hit","Precision Instrument
Sword Logic
Golden Tricorn","Cursed Thrall","PI w/ 110 Weapons stat for 4-tap.
TtK shift from 0.93->0.69","","S","Crota's End Raid","Yes"
"","Inbound Surveillance","Scout Rifle","Kinetic","Kinetic","High-Impact","Arrowhead
Smallbore
Hammer-forged","Accurized
Steady","Range
Stability","Keep Away
Rapid Hit
Stopping Power","Precision Instrument
Explosive Payload
Kinetic Tremors","Nail, Meet Hammer","EXTREME FLINCH via Stopping Power + Explosive Payload.
","","B","World Drop / Gunsmith Vendor / Hawthorne Engrams","No"
"","Last Rite","Scout Rifle","Kinetic","Kinetic","Aggressive","Arrowhead
Smallbore
Hammer-forged","Accurized
Steady","Range
Stability","Stopping Power
Hipfire Grip
Keep Away","Vorpal Weapon
Offhand Strike
Explosive Payload","Vanguard Determination","Mediocre frame.
Vorpal Weapon.
Hipfire build w/ RDM exotics","","B","Solo Ops / Zavala Vendor","No"
"","Long Arm","Scout Rifle","Energy","Arc","Aggressive","Arrowhead
Smallbore
Hammer-forged","Accurized
Steady","Stability
Range","Rapid Hit
Hip Fire Grip","Chaos Reshaped
Precision Instrument
Explosive Payload","Tex Balanced Stock","Medicore frame and perks.
Essentially a worse 120 Handcannon.","","D","Spire of the Watcher Dungeon","No"
"","No Feelings","Scout Rifle","Energy","Arc","Precision","Arrowhead
Smallbore
Hammer-forged","Accurized
Steady","Range
Stability","Volt Shot
Keep Away
Rapid Hit","Gear Shift
Box Breathing","Forge's Kin","Neutral TtK shift via Gear Shift or Box Breathing.
1.00->0.67","","S","Arena Ops / Zavala Vendor","No"
"","Randy's Throwing Knife","Scout Rifle","Kinetic","Kinetic","Rapid-Fire","Arrowhead
Smallbore
Hammer-forged","Ricochet
High-Caliber
Armor Piercing","Range
Stability","Zen Moment
Keep Away
Under Over
Lone Wolf","Precision Instrument
Box Breathing
Cascade Point","Accelerated Assault
Roar of Battle","PI w/ 110 Weapons stat for 4-tap.
TtK shift from 0.93->0.69","","S","Crucible / Shaxx Vendor","No"
"","The Guiding Sight","Scout Rifle","Kinetic","Strand","High-Impact","Smallbore
Corkscrew
Polygonal","Accurized
Steady","Stability
Range","Slice
Moving Target","Cascade Point
Precision Instrument","Skulking Wolf","TtK shift 1.00->0.48 via Cascade","","B","Iron Banner / Saladin Vendor","No"
"","The Scholar","Scout Rifle","Kinetic","Strand","High-Impact","Arrowhead
Smallbore
Chambered","Ricochet
High-Caliber
Armor Piercing","Stability
Range","Slice
Lone Wolf
Keep Away","Precision Instrument
Explosive Payload
No Distractions","Wild Card
Fleet Footed
Roar of Battle","Long range Slice.
Res prevention via Wild Card","","B","Trials of Osiris / Saint-14 Vendor","No"
"","Timeworn Wayfarer","Scout Rifle","Energy","Solar","Aggressive","Arrowhead
Smallbore
Chambered","Accurized
Steady","Range
Stability","Keep Away
Heal Clip
To The Pain","Eye of the Storm
Desperate Measures
Incandescent","Radiolaria Transposer","Mediocre frame & perks.
AoE via Incandescent","","D","Encore Exotic Mission 
Classic Collections Modifier: ON","Yes"
"","Transfiguration","Scout Rifle","Kinetic","Kinetic","High-Impact","Arrowhead
Smallbore
Chambered","Accurized
Steady","Stability
Range","Rampage
Adhesive Ordnance","Kill Clip","Explosive Pact","2 tap via Kill Clip + Rampage x1/Adhesive Ordnance.
0.80->0.40","","S","Last Wish Raid","Yes"
"","Unworthy","Scout Rifle","Energy","Arc","Rapid-Fire","Smallbore
Hammer-forged
Chambered","Ricochet
High-Caliber
Armor Piercing","Range
Stability","Keep Away
Rapid Hit
Firefly","Precision Instrument
Gear Shift","Subjugation","Gear Shift x1 for neutral TtK shift via Amplified or Precision Instrument + 108 Weapons Stat.
0.93->0.69","","S","Sundered Doctrine Dungeon","No"
"","Voltaic Shade","Scout Rifle","Energy","Arc","Balanced (260RPM)","Arrowhead
Smallbore
Chambered","Overclocked Heatsink","Range
Stability","Delicate Tuning
Keep Away
Rapid Hit","Precision Instrument","Imperial Allegiance","Functionally a 260 RPM Rapid-Fire frame.
PI+Overclocked for 4-tap.
TtK shift from 0.93->0.69","","S","Equilibrium Dungeon","No"
"","Red Tape","Scout Rifle","Kinetic","Stasis","Lightweight","Arrowhead
Smallbore
Hammer-forged","Accurized
Steady","Range
Stability","Lone Wolf
Keep Away
Demolitionist","Headstone
Focused Fury
Adrenaline Junkie","Dark Ether Reaper","Lightweight/movement.
Mid frame, bad perks.
Headstone res block.
TTK shift via Focused Fury, Adrenaline Junkie x3, Rampage x2, or One For All: 0.90 -> 0.60
Best way to use this is to poke w/ Focused Fury then engage for kill once active.
Origin is functionally useless in PvP.","","C","World Drop / Hawthorne Engram / Gunsmith Vendor Focusing","No"
"","Hung Jury SR4 (Into The Light Variant)","Scout Rifle","Kinetic","Kinetic","Precision","Smallbore
Arrowhead
Corkscrew","Accurized
Steady","Range
Stability","Kinetic Tremors
No Distractions
Rapid Hit","Box Breathing
Cascade Point
Precision Instrument","Indomitability","Bad frame, great perks.
Neutral TTK shift via Box Breathing: 1.00 -> 0.67
TTK shift via Cascade Point: => 0.60
Enhanced Kinetic Tremors activates in 5 hits for forgiveness.","","A","Unobtainable (Previously Onslaught)","No"
"","Night Watch","Scout Rifle","Kinetic","Kinetic","Lightweight","Arrowhead
Smallbore
Hammer-forged","Accurized
Steady","Range
Stability","Rapid Hit
Snapshot Sights","Moving Target
Explosive Payload
Rampage","Gun and Run","Lightweight/movement.
Mid frame, bad perks.
Does not massively benefit from damage perks.
TTK shift via Rampage x2 or Multikill Clip x2: 0.90 -> 0.60","","D","Gambit / Drifter Vendor","No"
"","Nameless Midnight","Scout Rifle","Kinetic","Kinetic","Precision","Arrowhead
Smallbore
Hammer-forged","Accurized
Steady","Range
Stability","Zen Moment
No Distractions
Shoot To Loot","Headseeker (???)
Kill Clip
All-Star","Accelerated Assault
Nadir Focus
Vanguard Determination","Bad frame, good perks.
Uniquely has Headseeker on a Scout rifle.
TTK shift via Kill Clip or All-Star: 1.00 -> 0.67","","C","Vanguard Fireteam Ops / Zavala Vendor","No"
"","Admetus-D (Monument of Triumph Variant)","Scout Rifle","Energy","Solar","High-Impact","Arrowhead
Chambered
Smallbore","Ricochet
High-Caliber
Armor Piercing","Stability
Range","Lone Wolf
Keep Away
Heal Clip","Elemental Honing
Precision Instrument
Kill Clip","Hakke Breach Armaments","Solar variant.
Very strong 150 scout option.
Lost void perks to gain Solar perks & Kill Clip.
TtK shift via Ele Hone x4 + 195 weapons OR Ele Hone x5 + 117 Weapons: 0.80->0.40
Origin is only useful for shooting turrets/crystals/barricades.
Unironically worse than the original despite being tiered.","","A","Gunsmith Vendor","No"
"","Glissando-47","Scout Rifle","Kinetic","Strand","Precision","Arrowhead
Chambered
Smallbore","Ricochet
High-Caliber
Armor Piercing","Range
Stability","Keep Away
No Distractions
Discord","Box Breathing
Cascade Point
Harmony","Suros Synergy","Bad frame, good perks.
Box Breathing enables TTK shift from neutral.
TTK shift via Box Breathing, Harmony, or One For All: 1.00 -> 0.67
Cascade Point: => 0.60
Origin provides significant anti-flinch & handling on reload.","","A","Gunsmith Vendor","No"
"","Patron of Lost Causes","Scout Rifle","Kinetic","Kinetic","Lightweight","Arrowhead
Chambered
Smallbore","Accurized
Steady","Range
Stability","Rapid Hit
To The Pain
Discord","Kinetic Tremors
Focused Fury
Vorpal Weapon","Cast No Shadows","Lightweight/movement.
Mid frame, decent perks.
Enhanced Kinetic Tremors activates on 5 hits for forgiveness.
Focused Fury provides TTK shift: 0.90->0.60","","C","Gunsmith Vendor","No"
"","Vouchsafe","Scout Rifle","Energy","Void","Lightweight","Arrowhead
Chambered
Smallbore","Accurized
Steady","Range
Stability","Keep Away
Rapid Hit
Repulsor Brace","Precision Instrument
Withering Gaze
Dragonfly","Advanced Reflexes","Lightweight/movement.
Mid frame, decent perks.
Unfortunately the frame does not benefit much from the perks available.
Withering Gaze can punish overextending enemies via Weaken's 20% slow.","","D","Dreaming City Destination","No"
"","Live Fire","Scout Rifle","Energy","Stasis","Precision","Arrowhead
Chambered
Smallbore","Ricochet
High-Caliber
Armor Piercing","Range
Stability","Rapid Hit
Perfect Float
Heating Up","Headstone
No Distractions
Rampage","Field-Tested","Bad frame, bad perks.
Headstone res block.
TTK shift via Rampage x2: 1.00 -> 0.67","","D","Gunsmith Vendor","No"
"","Oxygen SR3 (Renegades Variant)","Scout Rifle","Energy","Solar","Precision","Arrowhead
Smallbore
Hammer-forged","Accurized
Steady","Range
Stability","Rapid Hit
To The Pain
Heal Clip","Box Breathing
Binary Orbit
Meganeura","Omolon Fluid Dynamics
Accelerated Assault
Problem Solver","Bad frame, bad perks in Column 1.
Box Breathing enables TTK shift from neutral.
TTK shift via Box Breathing, Binary Orbit, or One For All: 1.00 -> 0.67","","B","Tenet of Bravery","No"
"","Oxygen SR3 (Original Vanguard Variant)","Scout Rifle","Energy","Solar","Precision","Polygonal","Accurized","Range","Stats For All","Meganeura","None","Curated roll.
Lackluster perks, no origin.
Non-tiered, non-enhanceable.","","D","Monument of Lost Lights","No"
"","Forced Memorializer","Scout Rifle","Kinetic","Kinetic","Precision","Arrowhead
Smallbore
Hammer-forged","Accurized
Steady","Range
Stability","Lone Wolf
Explosive Payload
Rapid Hit","Elemental Honing
Multikill Clip
Kinetic Tremors","Vanguard Determination
Problem Solver","Bad frame, great perks.
All around good stat package & somewhat useful origin.
TTK Shift from neutral via Elemental Honing.
TtK shift via Ele Honing x2 or Multikill Clip x1: 1.00 -> 0.67","","B","Tenet of Bravery","No"
"","Sublimation","Scout Rifle","Energy","Arc","High-Impact","Arrowhead
Smallbore
Hammer-forged","Accurized
Steady","Stability
Range","Moving Target
Rapid Hit
Demolitionist","Precision Instrument
Adagio
Explosive Payload","Exhaustive Research","Decent 150 Scout Option.
Explosive Payload to flinch enemies.
Can achieve 2-tap via Adagio + 195 Weapons stat.
TTK Shift via Adagio + 195 Weapons: 0.80 -> 0.48
Useless Origin trait.","","B","Kepler Activites","No"
"","Jurisprudent","Scout Rifle","Kinetic","Stasis","High-Impact","Arrowhead
Smallbore
Hammer-forged","Accurized
Steady","Stability
Range","Lone Wolf
Built To Blast
Rapid Hit","Headstone
No Distractions
Explosive Payload","Bray Legacy","Decent 150 Scout option.
Headstone res block. Explosive Payload to flinch enemies.
Can achieve 2-tap via Adrenaline Junkie x5 + 150 weapons.
TTK Shift via Adren x5 + 150 Weapons: 0.80 -> 0.40","","B","Tenet of Bravery","No"
"","Doom of Chelchis","Scout Rifle","Energy","Void","Precision","Arrowhead
Smallbore
Hammer-forged","Accurized
Steady","Range
Stability","Firefly
Rangefinder
Vorpal Weapon","Meganeura
Withering Gaze
Frenzy","Runneth Over","Bad frame, mid perks.
Vorpal in Column 1.
Double AoE via Firefly + Meganeura/Dragonfly to punish teams laning together.
Withering Gaze can punish people who overextend due to Weaken's 20% slow.
Focused Fury isn't a good option due to abnormally large magazine.","","C","King's Fall Raid","Yes"
"","Vision of Confluence","Scout Rifle","Energy","Solar","Precision","Arrowhead
Smallbore
Hammer-forged","Accurized
Steady","Range
Stability","Zen Moment
Butterfly
Incandescent","Elemental Honing
Master of Arms
Firefly","Timelost Magazine","Bad frame, great perks.
Origin passively builds more super energy on weapon kills.
Elemental Honing x3 can neutral shift TTK.
TTK shfit via Ele Hone x3, Master of Arms x1, Paracausal Affinity, or Kill Clip: 1.00 -> 0.67
Double AoE perks to punish teams laning together.","","B","Vault of Glass Raid","Yes"
"","Taraxippos","Scout Rifle","Kinetic","Strand","Lightweight","Arrowhead
Smallbore
Hammer-forged","Accurized
Steady","Range
Stability","Lone Wolf
Keep Away
Zen Moment","Kill Clip
Eye of the Storm
Explosive Payload","Omolon Fluid Dynamics
Classy Contender","Lightweight/movement.
Mid frame, great perks.
TTK shift via Kill Clip: 0.90 -> 0.60","","C","Tenet of Bravery","No"
"","The Prophet","Scout Rifle","Kinetic","Stasis","Aggressive","Arrowhead
Chambered
Smallbore","Accurized
Steady","Stability
Range","Keep Away
Hip-fire Grip
Rapid Hit","Kill Clip
Cascade Point
Headstone","Alacrity
Tex Balanced Stock
One Quiet Moment","Non-exotic DMT
The only 120 Scout to ever have Kill Clip or Cascade Point.
Kill Clip + 110 Weapons enables 2-tap TtK shift: 1.00 -> 0.50
Cascade Point => 0.60
Non-tiered, but enhanceable.","","S","Unobtainable (Previously Trials of Osiris)","No"
"","Brya's Love","Scout Rifle","Energy","Void","Precision","Arrowhead
Smallbore
Hammer-forged","Accurized
Steady","Range
Stability","Keep away
Rapid Hit
No Distractions","Precision Instrument
Golden Tricorn
Frenzy","Head Rush","TTK shift via Frenzy or Golden Tricorn x1: 1.00 -> 0.67
Adagio:=> 0.80
Precision Instrument does not affect TTK or forgiveness at all.","","D","Xur","Yes"
"","Imperative","Scout Rifle","Kinetic","Kinetic","High-Impact","Arrowhead
Smallbore
Hammer-forged","Accurized
Steady","Stability
Range","Keep Away
No Distractions
Rapid Hit","Opening Shot
Explosive Payload
Kinetic Tremors","Nano-Munitions","Surprisingly good 150 Scout option.
Explosive Payload can flinch enemy Scout/Sniper users, and Kinetic Tremors activates on 4 hits for forgiveness in case you land body shots.
Origin passively builds ""emergency"" ammo while near allies, which is loaded upon reaching 0 ammo in mag.
This can be good for applying pressure steadily without needing to reload.","","A","Starcrossed Legacy Loot
Modifier Classic Collector: ON","Yes"
"","Tarnished Mettle","Scout Rifle","Energy","Arc","Lightweight","Arrowhead
Smallbore
Hammer-forged","Accurized
Steady","Range
Stability","Moving Target
Rapid Hit","Focused Fury
Eye of the Storm
Dragonfly","Right Hook","Lightweight/movement.
TTK shift via Multikill Clip x2, Focused Fury, or Swash x3: 0.90 -> 0.60
Primarily useful for poking via Focused Fury then converting to 3-tap.
Origin is counter-conducive to Scout Rifle gameplay, but does provide Range & AA on melee hit.","","B","Xur","Yes"
"","Pointed Inquiry","Scout Rifle","Energy","Void","High-Impact","Arrowhead
Smallbore
Hammer-forged","Ricochet
High-Caliber
Armor Piercing","Stability
Range","Rapid Hit
Repulsor Brace
Firmly Planted","Precision Instrument
Focused Fury
Dragonfly","Psychohack","Lacks exceptional perks, but is a good frame.
Origin is functionally useless in PvP.
No TTK shifts available.","","B","Savathun's Throne World Destination","Yes"
"","Staccato-46","Scout Rifle","Energy","Solar","Precision","Arrowhead
Smallbore
Hammer-forged","Accurized
Steady","Range
Stability","Well-Rounded
Under Pressure","Explosive Payload
Dragonfly
Focused Fury","Suros Synergy","Bad frame, bad perks.
Focused Fury or Rampage x2 TTK shift: 1.00 -> 0.67","","D","Gunsmith Vendor","No"
"","Trustee","Scout Rifle","Energy","Solar","Rapid-Fire","Arrowhead
Smallbore
Hammer-forged","Accurized
Steady","Stability
Range","Keep Away
Rapid Hit
Perpetual Motion","Meganeura
Focused Fury
High-Impact Reserves","Bray Inheritance","Mostly PvE focused perks in both columns.
Lacks Precision Instrument, Elemental Honing or similar perks to neutral shift TTK.
TTK shift via Focused Fury, Swash x2 or High-Impact Reserves + 150 weapons: 0.93 -> 0.69","","D","Deep Stone Crypt Raid","Yes"
"","Royal Chase","Scout Rifle","Energy","Void","Precision","Arrowhead
Smallbore
Hammer-forged","Accurized
Steady","Range
Stability","Slideways
No Distractions","Multikill Clip
Dragonfly
Thresh","None","Bad frame, bad perks, no origin.
Non-tiered, non-enhanceable.","","F","Xur / Dares of Etenity Loot Pool","No"
"","Perses-D","Scout Rifle","Energy","Stasis","High-Impact","Arrowhead
Smallbore
Hammer-forged","Accurized
Steady","Stability
Range","Rapid Hit
Perpetual Motion
Tunnel Vision","Opening Shot
Headstone
Vorpal Weapon","Hakke Breach Armaments","Lacks exceptional perks, but is a good frame.
Vorpal Weapon, headstone res block.
Non-tiered, non-enhanceable.","","C","Gunsmith Legacy Focusing","No"
"","Tears of Contrition","Scout Rifle","Kinetic","Kinetic","Precision","Arrowhead
Smallbore
Hammer-forged","Accurized
Steady","Range
Stability","No Distractions
Well-Rounded
Perpetual Motion","Opening Shot
Focused Fury
Vorpal Weapon","Extrovert","Bad frame, bad perks.
Vorpal Weapon.
Focused Fury TTK shift: 1.00 -> 0.67
Origin is non-conducive to Scout Rifle gameplay.","","D","Presage Legacy Loot
Modifier Classic Collections: ON","Yes"
"","Pleiades Corrector","Scout Rifle","Energy","Solar","Lightweight","Arrowhead
Smallbore
Hammer-forged","Ricochet
High-Caliber
Armor Piercing","Range
Stability","Field Prep
Genesis","Multikill Clip
Eye of the Storm
Elemental Capacitor","None","Lightweight/movement.
Mid frame, bad perks.
TTK shift via Multikill Clip x2: 0.90 -> 0.60","","D","Xur / Dares of Etenity Loot Pool","No"
"","Eternal Blazon","Scout Rifle","Energy","Arc","Lightweight","Jolt PS
Spark PS
Candle PS","Ricochet
High-caliber
Armor Piercing","Range
Stability","Slideshot
Rapid Hit","Kill Clip
Disruption Break
Thresh","None","Lightweight/movement.
Mid frame with decent perk options.
Disruption Break for team shot play.
TTK Shift via Kill Clip: 0.90 -> 0.60
No Origin.
Non-tiered, non-enhanceable.","","C","Xur / Dares of Etenity Loot Pool","No"
"","Servant Leader","Scout Rifle","Kinetic","Kinetic","Rapid-Fire","Arrowhead
Smallbore
Hammer-forged","Accurized
Steady","Range
Stability","Rapid Hit
No Distractions
Tunnel Vision","Kill Clip
Multikill Clip
Frenzy","Field-Tested
Gun and Run","No Precision Instrument or Elemental Honing for neutral TTK shift.
TTK shift via multiple perks.
Kill Clip, Multikill Clip x1, Frenzy, Harmony, One For All, Rampage x1, or Adren Junkie x2: 0.93 -> 0.69
Multikill Clip x3: => 0.46
Non-tiered, non-enhanceable.","","D","Gambit / Drifter Vendor","No"
"","Niflheim Frost","Scout Rifle","Kinetic","Kinetic","Precision","Chambered
Polygonal
Full Bore","Appended Mag
Drop Mag","Range
Stability","Kill Clip
Opening Shot","None","None","Curated roll.
Non-tiered, non-enhanceable. No origin.
Powercrept massively but still usable.","","D","Unobtainable (Previously Mars Activities)","No"
"","Braytech RWP MK. II","Scout Rifle","Energy","Solar","High-Impact","Smallbore","Tactical Mag","Range
Stability","Zen Moment","Triple Tap","None","Curated roll.
Non-tiered, non-enhanceable. No origin.
Powercrept massively but still usable.","","C","Unobtainable (Previously Polaris Lance Questline)","No"
"","Hung Jury SR4 (Monument of Triumph Variant)","Scout Rifle","Kinetic","Kinetic","Precision","Smallbore
Arrowhead
Corkscrew","Accurized
Steady","Range
Stability","No Distractions
Kinetic Tremors","Box Breathing
Cascade Point
Firefly
","Indomitability","Weakest base scout frame.
Perks can cover for weaknesses somewhat. Tremors activates on 5 hits, guaranteeing a kill on all body shots.
No Distractions + Box Breathing for neutral TtK shift: 1.00 -> 0.67
Cascade Point: => 0.60","","B","Unobtainable (Previously Onslaught)","No"
"","Hung Jury SR4 (Season of Defiance Variant)","Scout Rifle","Kinetic","Kinetic","Precision","Smallbore
Arrowhead
Corkscrew","Accurized
Steady","Range
Stability","No Distractions
Rapid Hit","Box Breathing
Firefly","Omolon Fluid Dynamics
Vanguard's Vindication
Stunning Recovery","Lackluster perk combinations and weakest base scout frame.
No Distractions + Box Breathing for neutral TtK shift: 1.00 -> 0.67","","C","Unobtainable (Previously Grandmaster Nightfalls)","No"
"","Admetus-D (Episode: Heresy Variant)","Scout Rifle","Energy","Void","High-Impact","Arrowhead
Chambered
Smallbore","Ricochet
High-caliber
Armor Piercing","Stability
Range","Lone Wolf
Keep Away
Repulsor Brace","Withering Gaze
Precision Instrument
Elemental Honing","Hakke Breach Armaments","Very strong 150 scout option.
Withering Gaze can punish people on lanes as it applies Weaken's 20% slow.
Repulsor + Withering Gaze for easy overshields.
TtK shift via Ele Hone x4 + 195 weapons OR Ele Hone x5 + 117 Weapons: 0.80->0.40
Origin is only useful for shooting turrets/crystals/barricades.
Non-tiered, but enhanceable.","","A","Gunsmith Legacy Focusing","No"
"","A Sudden Death","Shotgun","Energy","Void","Aggressive","Corkscrew
Barrel Shroud
Full Choke","Accurized","Range
Handling","Threat Detector
One-Two Punch
Discord","Closing Time
Opening Shot
Trench Barrel","Crossing Over","VERY strong Origin for a shotgun. 
Top half of mag gains significantly increased range & handling.
Bottom half reduces required pellets from for body shot 1hko from 9->8.
1-2Punch+Trench vs. Supers
Discord","","S","Prophecy Dungeon","No"
"","Astral Horizon","Shotgun","Kinetic","Kinetic","Aggressive","Corkscrew
Barrel Shroud
Full Choke","Accurized","Range
Handling","Threat Detector
Slideshot
Snapshot Sights","Closing Time
Opening Shot
Vorpal Weapon","Wild Card
Roar of Battle
Fleet Footed","Vorpal vs Supers.
Wild Card blocks rezzes for a short time.","","B","Trials of Osiris / Saint-14 Vendor","No"
"","Blasphemer","Shotgun","Kinetic","Kinetic","Pinpoint Slug","Fluted Barrel
Corkscrew
Hammer-forged","Accurized","Range
Handling","Threat Detector
Quickdraw","Opening Shot
Closing Time
Swashbuckler","Loss","High AA slug.
INSANE Origin trait that provides AA, Stability and Handling passively.","","S","Altars of Sorrow Event on Moon","No"
"","Bonechiller","Shotgun","Energy","Void","Pinpoint Slug","Fluted Barrel
Corkscrew
Hammer-forged","Accurized","Range
Handling","Threat Detector
Lone Wolf","Opening Shot","Winterized Gear","High AA slug.
Low handling.","","A","Europa Destination","No"
"","Compass Rose (Monument of Triumph Variant)","Shotgun","Energy","Solar","Precision","Corkscrew
Barrel Shroud
Smallbore","Accurized","Range
Handling","Threat Detector
Slickdraw
Slideshot","Opening Shot
Snapshot Sights
Trench Barrel","Nadir Focus
Dream Work","Vorpal, Trench, or 1-2Punch vs. Supers
Slickdraw precision frame shotgun.","","S","Tenet of Bravery","No"
"","Deadlock (Monument of Triumph Variant)","Shotgun","Kinetic","Stasis","Precision","Corkscrew
Barrel Shroud
Smallbore","Accurized","Range
Handling","Threat Detector
Lone Wolf
Quickdraw
Offhand Strike
Slideshot","Opening Shot
Closing Time
Snapshot Sights
Fragile Focus
Master of Arms
Vorpal Weapon
One-Two Punch","None
(Has access to Stocks instead)","Highest possible stat package of any Precision frame shotgun.
No origin, instead has access to stocks for bonus stats.
Vorpal or 1-2Punch vs. Supers
Only Precision Frame Pellet shotgun with Offhand Strike.","","S","Comp / Shaxx Vendor","No"
"","Felwinter's Lie (Monument of Triumph Variant)","Shotgun","Energy","Solar","Shot Package","Corkscrew
Full Choke
Rifled Barrel w/ Slickdraw ONLY","Accurized","Range
Handling","Threat Detector
Slickdraw
Lone Wolf","Opening Shot
Closing Time
Iron Reach
Trench Barrel","Skulking Wolf","Shot package frame. Functionally Aggressive Frame, with additional buff while ADS for 2.5% tighter pellet spread choke. Stacks w/ Full Choke.
Skulking Wolf Aggressive frame","","S","Iron Banner / Saladin Vendor","No"
"","Fortissimo-11","Shotgun","Kinetic","Kinetic","Pinpoint Slug","Fluted Barrel
Corkscrew
Hammer-forged","Accurized","Range
Handling","Threat Detector
Perpetual Motion
Pulse-Monitor","Opening Shot
Moving Target
Elemental Capacitor","Vanguard Determination","Vorpal Weapon.
Ele Cap w/ Arc, Stasis, or Strand","","S","Vanguard / Zavala Vendor","No"
"","Found Verdict","Shotgun","Energy","Arc","Aggressive","Corkscrew
Barrel Shroud
Full Choke","Accurized","Range
Handling","Threat Detector
Discord
Aggregate Charge","Opening Shot
Trench Barrel
Elemental Honing","Timelost Magazine","Ele Hone reduces pellets needed for 1HKO.
x2->8 Pel. x3->7 Pel.","","S","Vault of Glass Raid","Yes"
"","Fractethyst","Shotgun","Kinetic","Stasis","Precision","Corkscrew
Barrel Shroud
Smallbore","Accurized","Range
Handling","Lone Wolf
Quickdraw
One-Two Punch","Opening Shot
Closing Time
Trench Barrel","Ignoble Deeds","Trench, or 1-2Punch vs. Supers","","A","Shattered Throne Dungeon","No"
"","Gunnora's Axe (Monument of Triumph Variant)","Shotgun","Energy","Solar","Pinpoint Slug","Hammer Forged
Corkscrew
Fluted","Ricochet
High-Caliber
Armor Piercing","Range
Handling","Lone Wolf
Moving Target
Threat Detector","Opening Shot
Closing Time","Skulking Wolf","Only Skulking Wolf Slug shotgun","","S","Iron Banner / Saladin Vendor","No"
"","Hawthorne's Field-Forged Shotgun","Shotgun","Kinetic","Stasis","Lightweight","Smoothbore
Corkscrew
Barrel Shroud","Accurized","Range
Handling","Threat Detector
Lone Wolf
Slideshot","Opening Shot
Closing Time
Discord","Field-Tested","Lightweight/Movement
Discord","","A","Tenet of Bravery","No"
"","Heritage","Shotgun","Kinetic","Kinetic","Pinpoint Slug","Fluted Barrel
Corkscrew
Hammer-forged","Accurized","Range
Handling","Threat Detector
Slideshot
Hipfire Grip","Moving Target
Snapshot Sights
Offhand Strike","Bray Inheritance","Highest Aim Assist AND Handling slug shotgun in game.
TD+Snap for TURBO ADS.
Hipfire via HFG+OHS","","S","Deep Stone Crypt Raid","Yes"
"","Imperial Decree","Shotgun","Kinetic","Kinetic","Aggressive","Corkscrew
Barrel Shroud
Full Choke","Accurized","Range
Handling","Threat Detector
Slideshot","Opening Shot
Snapshot Sights
Trench Barrel","To Excess","Trench vs. Supers","","A","Presage
Legacy Loot
Modifier Classic Collections: ON","Yes"
"","Last Man Standing","Shotgun","Energy","Solar","Aggressive","Corkscrew
Barrel Shroud
Full Choke","Accurized","Range
Handling","Threat Detector
Opening Shot
Slideshot","Closing Time
Trench Barrel
Discord","Gun and Run","Threat + Discord shotgun.
Origin can somewhat replace holster mods.
Trench or 1-2Punch vs. Supers","","A","Gambit / Drifter Vendor","No"
"","Legato-11","Shotgun","Energy","Solar","Pinpoint Slug","Fluted Barrel
Corkscrew
Hammer-forged","Accurized","Range
Handling","Lone Wolf
To The Pain
Killing Wind","Closing Time
Vorpal Weapon
Offhand Strike","Suros Synergy","Vorpal vs. Supers","","B","Gunsmith Legacy Focusing","No"
"","Matador 64 (Monument of Triumph Variant)","Shotgun","Energy","Arc","Precision","Barrel Shroud
Corkscrew","Accurized","Range
Handling","Threat Detector
Lone Wolf","Closing Time
Opening Shot
Gearshift","Unburied Treasure","Origin: +10 range & +5% accuracy on weapon ready.
Max value for 0.5s->Decays to 0/0 at 3.5s.","","S","Grasp of Avarice Dungeon","No"
"","Mida-Macro Tool","Shotgun","Energy","Arc","MIDA Synergy","Corkscrew
Barrel Shroud
Smallbore","Accurized","Range
Handling","Threat Detector
Lone Wolf
Discord","Opening Shot
Closing Time
Trench Barrel","Roar of Battle","Functionally precision frame shotgun.
Slightly slower unique ready animation. (1 frame slower at 100 handling w/ no scalar)
Provides Lightweight bonus w/ Mida Multi-tool Equipped.
","","A","Tenet of Bravery","No"
"","Mindbender's Ambition (Monument of Triumph Variant)","Shotgun","Energy","Solar","Aggressive","Corkscrew
Barrel Shroud
Full Choke","Accurized","Range
Handling","Threat Detector
Snapshot Sights
Slideways","Fragile Focus
Vorpal Weapon
One-Two Punch","Vanguard Determination","Vorpal Weapon or 1-2Punch vs. Supers","","A","Vanguard / Zavala Vendor","No"
"","Nessa's Oblation","Shotgun","Energy","Void","Pinpoint Slug","Fluted Barrel
Corkscrew
Hammer-forged","Accurized","Range
Handling","Dragonfly","Opening Shot
Vorpal Weapon","Harmonic Resonance","Worst slug shotgun for PvP.
All left perks are mid/bad.
Origin DOES buff Conditional Finality handling (but don't do that since that would be double special in PvP.)
Pairs well w/ Conditional or other Harmonic Resonance weapons, like Rufus's Fury, Briar's Contempt or Mykel's Reverence.","","D","Root of Nightmares Raid","Yes"
"","Precipial","Shotgun","Energy","Void","Precision","Corkscrew
Barrel Shroud
Smallbore","Accurized","Range
Handling","Threat Detector
Lone Wolf
One-Two Punch","Opening Shot
Discord
Vorpal Weapon","Exhaustive Research","VERY HIGH Handling + Range stats.
Bad origin trait.","","S","Kepler Destination","No"
"","Prophet of Doom","Shotgun","Energy","Arc","Precision","Corkscrew
Barrel Shroud
Smallbore","Accurized","Range
Handling","Threat Detector
Slideways","Closing Time
Opening Shot
Trench Barrel","Photoinhibition","Origin provides 18%(?) bonus damage versus targets with Overshields AND Woven Mail. NOT FROST ARMOR.
Even 1 point of Overshield provides the damage bonus to ALL pellet hits in a single damage instance.
Effectively overpunishing low overshielded enemies.
EXTREMELY HIGH HANDLING w/ Threat + Closing Time.","","S","Garden of Salvation Raid","No"
"","Python","Shotgun","Energy","Void","Aggressive","Corkscrew
Barrel Shroud
Full Choke","Accurized","Range
Handling","Threat Detector
Slideshot","Opening Shot
Trench Barrel
One-Two Punch","Gun and Run","Trench or One-Two Punch vs. Supers","","C","Gambit / Drifter Vendor","No"
"","Retold Tale (Monument of Triumph Variant)","Shotgun","Energy","Void","Precision","Corkscrew
Barrel Shroud
Smallbore","Accurized","Range
Handling","Threat Detector
Quickdraw
Lone Wolf","Closing Time
Snapshot Sights
One-Two Punch","Advanced Reflexes","Great frame, great perks, insane origin trait.
Origin provides +5% damage, +40 Handling, and +30 Mobility for 7.5s after ADSing within 1s of taking damage.
This effectively removes 1 pellet from the necessary amount to kill.","","S","Dreaming City Destination","No"
"","Riiswalker","Shotgun","Kinetic","Kinetic","Lightweight","Smoothbore
Corkscrew
Barrel Shroud","Accurized","Range
Handling","Slickdraw
Discord
Slideshot","Iron Reach
Opening Shot
Vorpal Weapon","Skulking Wolf","Lightweight/Movement
Only Skulking Wolf Lightweight.","","S","Iron Banner / Saladin Vendor","No"
"","Someday","Shotgun","Kinetic","Kinetic","Precision","Corkscrew
Barrel Shroud
Smallbore","Accurized","Range
Handling","Threat Detector
Slickdraw
One-Two Punch","Opening Shot
Closing Time
Vorpal Weapon","Dealer's Choice","Best-in-Class stat package w/ an insane Origin.
Craftable for easy perfect roll out of the box.
Only currently available Slickdraw Precision in Kinetic Slot.
INSANE Origin provides extra Super gen, bonus further increased when paired w/ other Dealer's Choice weapons.
This is extremely pertinent as this is a SPECIAL weapon, which means free bonus super gen in the backpack when paired w/ a Dealer's Choice Primary/Heavy.
Enhanced Dealer's Choice x1 = +0.6%(?), x2 = +2%(?), x3 = +5%(?)
Ace of Spades, Khvostov 7G-0X, and Still Hunt count as weapons for purpose of stacking Origin but do not benefit themselves (i.e., they do not generate bonus super gen on kills with those weapons specifically)","","S","Pale Heart Destination","Yes"
"","Supercluster","Shotgun","Kinetic","Strand","Pinpoint Slug","Fluted Barrel
Corkscrew
Hammer-forged","Accurized","Range
Handling","Threat Detector
Slideshot
Slice","Fragile Focus
Surrounded
Vorpal Weapon","Dragon's Vengeance","Vorpal Weapon.
Surrounded enables 1HKO body shot","","A","Starcrossed Legacy Loot
Modifier Classic Collector: ON","Yes"
"","Swordbreaker","Shotgun","Kinetic","Strand","Lightweight","Smoothbore
Corkscrew
Barrel Shroud","Accurized","Range
Handling","Threat Detector
Fragile Focus
Elemental Capacitor","Opening Shot
Surrounded
Chaos Reshaped","Cursed Thrall","Surrounded & Chaos Reshaped reduce pellets needed for 1HKO
10->8 Pellets","","A","Crota's End Raid","Yes"
"","The Inquisitor (Monument of Triumph Variant)","Shotgun","Energy","Arc","Pinpoint Slug","Fluted Barrel
Corkscrew
Hammer-forged","Accurized","Range
Handling","Threat Detector
Lone Wolf
Perpetual Motion","Opening Shot
Snapshot Sights
Closing Time
Vorpal Weapon","Fleet Footed
Roar of Battle
Suros Synergy","Highest AE Slug Shotgun via Lone Wolf + Fleet Footed.
VERY FAST ADS via 
Threat/Lone + Snap/Closing","","S","Trials of Osiris / Saint-14 Vendor","No"
"","Unvoiced","Shotgun","Energy","Void","Pinpoint Slug","Fluted Barrel
Corkscrew
Hammer-forged","Accurized","Range
Handling","Lone Wolf
Killing Wind","Closing Time
Vorpal Weapon","Subjugation","Vorpal Weapon
Fast ADS via Lone Wolf + Closing Time","","A","Sundered Doctrine Dungeon","No"
"","Wastelander M5","Shotgun","Kinetic","Kinetic","Lightweight","Smoothbore
Corkscrew
Barrel Shroud","Accurized","Range
Handling","Slideshot
Perpetual Motion","Opening Shot
Fragile Focus
Vorpal Weapon","Hot Swap","Lightweight/Movement
Vorpal Weapon
Slightly slower unique ready animation. (1 frame slower at 100 handling w/ no scalar)","","C","Dares of Eternity / Xur's Treasure Hoard","Yes"
"","Deadpan Delivery","Shotgun","Energy","Arc","Aggressive","Corkscrew
Barrel Shroud
Smallbore","Accurized","Range
Handling","Slickdraw
Elemental Capacitor","Trench Barrel
Killing Wind
One Two Punch","Vanguard's Vindication
Nadir Focus","One of two aggressive frames w/ Slickdraw, the other being Felwinter's Lie.
Lacks a strong column 2 perk.
Non-tiered, non-enhanceable.","","B","Xur","No"
"","Seventh Seraph CQC-12","Shotgun","Energy","Solar","Lightweight","Smoothbore
Corkscrew
Barrel Shroud","Accurized","Range
Handling","Threat Detector
Quickdraw
Discord
Disruption Break
Slideshot","Closing Time
Snapshot Sights
Trench Barrel
One-Two Punch","Eyes Up
Rasputin's Arsenal","Lightweight/Movement
One of the best Lightweight frame shotguns in-game.
Strong perk pool and origins.","","S","Cosmodrome Destination","No"
"","Retrofuturist","Shotgun","Energy","Void","Lightweight","Smoothbore
Corkscrew
Barrel Shroud","Accurized","Range
Handling","Quickdraw
Slickdraw","Snapshot Sights
Trench Barrel","Roar of Battle
Nadir Focus","Lightweight/Movement
Lack of Range perks makes this a B tier choice.","","B","Crucible / Shaxx Vendor","No"
"","Reckless Endangerment","Shotgun","Kinetic","Kinetic","Lightweight","Smoothbore
Corkscrew
Barrel Shroud","Accurized","Range
Handling","Lone Wolf
Perpetual Motion","Opening Shot
Trench Barrel
Snapshot Sights","Vanguard Determination","Lightweight/Movement
Double ADS handling perks can provide near instant ADS.
Useful origin.","","A","Vanguard Solo Ops / Zavala Vendor","No"
"","Starscape Null","Shotgun","Energy","Solar","Lightweight","Smoothbore
Corkscrew
Barrel Shroud","Accurized","Range
Handling","Incandescent","Trench Barrel
One-Two Punch
Elemental Honing","Frame of Reference","Lightweight/Movement
Bad Column 1 perks.
Only Lightweight frame shotgun w/ Elemental Honing & Frame of Reference. Both of which can reduce pellet count needed for 1HKO.
INSANE ORIGIN TRAIT.
Provides extra damage, range, and reload speed. Buff pauses on stow, and timer only progresses while weapon is readied, allowing the buff to be ""backpacked"". 
Dmg buff: x1 = 1.45% / x2 = 2.8%  / x3 = 4.2% / x4 = 5.6% / x5 = 7%","","B","Desert Perpetual Raid","No"
"","Without Remorse","Shotgun","Energy","Solar","Lightweight","Smoothbore
Corkscrew
Barrel Shroud","Accurized","Range
Handling","Threat Detector
Hip-fire Grip","Fragile Focus
Elemental Capacitor
One-Two Punch
Vorpal Weapon","Extrovert","Lightweight/Movement
Very strong perk options for handling in both columns, allowing for Hip-fire Grip or Fragile Focus to be used depending on play style.
Vorpal vs. Supers","","A","Presage
Legacy Loot
Modifier Classic Collections: ON","Yes"
"","Xenoclast IV","Shotgun","Energy","Arc","Lightweight","Smoothbore
Corkscrew
Barrel Shroud","Accurized","Range
Handling","Slideways
Slideshot
Hip-fire Grip","Eye of the Storm
Disruption Break
Trench Barrel","Vanguard Determination","Lightweight/Movement
Eye of the Storm on a pellet shotgun is interesting, but mostly just aids this as an emergency swap option. Lacks meaningful range or neutral handling perks.
Disruption Break can be good for primary clean-ups or team gameplay.","","B","Zavala Vendor Focusing","No"
"","Ded Gramarye IV","Shotgun","Energy","Arc","Lightweight","Smoothbore
Corkscrew
Barrel Shroud","Accurized","Range
Handling","Threat Detector
Discord
Slickdraw","DIsruption Break
Chain Reaction
Surrounded","Wild Card","Lightweight/Movement
Wild Card prevents res briefly/does AoE.
Double AoE perks via Chain Reaction + Wild Card
Discord for ammo refunds.
Overall, a competitive Lightweight pellet option.","","A","Gunsmith Vendor Focusing","No"
"","Threat Level","Shotgun","Kinetic","Kinetic","Rapid-Fire","Smoothbore
Corkscrew
Barrel Shroud","Accurized","Range
Handling","One-Two Punch","Trench Barrel
Elemental Honing
Chaos Reshaped","Elliptical Orbit
Forge's Kin","Bad frame.
Primarily PvE focused perks & frame type.
Neutral damage buffs to reduce pellet count needed for 1HKO, but strictly still just worse than all other frames.","","D","Pantheon","No"
"","The Deicide","Shotgun","Energy","Arc","Rapid-Fire","Smoothbore
Corkscrew
Barrel Shroud","Accurized","Range
Handling","Threat Detector
Discord
Slideshot","Trench Barrel
Elemental Capacitor
One-Two Punch","Fail-Deadly
Nadir Focus","Bad frame.
Primarily PvE focused perks & frame type.
Trench Barrel can reduce pellet count necessary for 1HKO but still strictly worse than other frame options.","","D","Nessus Destination","No"
"","Basso Ostinato","Shotgun","Energy","Void","Rapid-Fire","Smoothbore
Corkscrew
Barrel Shroud","Accurized","Range
Handling","Discord","Closing Time
Trench Barrel
One-Two Punch","Nanotech Tracer Missiles","Bad frame, low base stats.
Primarily PvE focused perks & frame type.
Lacks perks strong enough to offset the disadvantages of the frame/stats.","","D","Neptune Destination","No"
"","One Small Step","Shotgun","Kinetic","Stasis","Rapid-Fire","Smoothbore
Corkscrew
Barrel Shroud","Accurized","Range
Handling","Grave Robber","Trench Barrel
Binary Orbit","Loss","Bad frame, bad perks, low base stats.
Lacks handling and range perks.
INSANE Origin trait that provides AA, Stability and Handling passively.","","D","Moon Destination","No"
"","Perfect Paradox","Shotgun","Kinetic","Kinetic","Rapid-Fire","Smoothbore
Corkscrew
Barrel Shroud","Accurized","Range
Handling","Threat Detector
Slideshot","Trench Barrel
All-Star
One-Two Punch","Cast No Shadows","""I'm still trying.""
Bad frame.
Primarily PvE focused perks & frame type.
Trench Barrel & All-Star can reduce pellet count needed for 1HKO for ease of use.","","D","World Drops / Gunsmith Vendor / Hawthorne Engrams","No"
"","Arcane Embrace","Shotgun","Energy","Arc","Heavy Burst","Fluted Barrel
Corkscrew
Hammer-forged","Accurized","Range
Handling","Lone Wolf","Precision Instrument","Search Party","2-Slug Burst. DO NOT USE.
Very bad body shot damage and unable to 1HKO, requiring both slugs to land at least 1c1b to kill.","","F","Tenet of Bravery","No"
"","Trachinus","Shotgun","Kinetic","Stasis","Rapid Fire Slug","Fluted Barrel
Corkscrew
Hammer-forged","Accurized","Range
Handling","Killing Wind
Transcendant Moment","Headstone
Chill Clip
Encore","Tenacity
Veist Stinger","Only Rapid-Fire Slug frame besides the Chaperone.
Unfortunately notably weaker to most pinpoint slugs though.
Low base stats and lackluster perks.
Notably high base AA though @ 72.","","D","Tenet of Bravery","No"
"","Sojourner's Tale","Shotgun","Energy","Solar","Pinpoint Slug","Fluted Barrel
Corkscrew
Hammer-forged","Accurized","Range
Handling","Moving Target
Discord
Quickdraw
Offhand Strike","Opening Shot","Splicer Surge","Double AA perks, but low base AA, handling & range.
The ONLY Discord Pinpoint Slug shotgun in the game though, which can make for some very strong plays.
Non-tiered, but enhanceable.","","A","Xur","No"
"","Scavenger's Fate","Shotgun","Energy","Void","Precision","Corkscrew
Barrel Shroud
Smallbore","Accurized","Range
Handling","Lone Wolf
Discord
Perpetual Motion","Closing Time
Vorpal Weapon","Dark Ether Reaper","Good frame, decent perks.
Useless origin trait in PvP.
Mostly powercrept by Precipial, which does everything this gun does but better.
Non-tiered, but enhanceable.","","B","Xur / Kell's Fall Legacy Loot Classic Collections Modifier: ON","No"
"","Hand In Hand (Legendary variant)","Shotgun","Energy","Arc","Aggressive","Rifled
Smallbore
Corkscrew","Accurized","Range
Handling","Fragile Focus
Slideshot
Hipfire Grip","Elemental Capacitor
Trench Barrel","Field-Tested","Surprisingly good with the right roll & setup. Good Origin trait.
Rifled + Accurized + Fragile Focus + Arc Ele Cap can bring this gun to 76 range & 100 Handling which is VERY strong on an aggressive frame.
Non-tiered, non-enhanceable.","","A","Gunsmith Legacy Focusing","No"
"","Until Its Return","Shotgun","Kinetic","Strand","Rapid-Fire","Smoothbore
Corkscrew
Barrel Shroud","Accurized","Range
Handling","Threat Detector","Trench Barrel
Vorpal Weapon
Cascade Point","Unsated Hunger","Bad frame.
Primarily PvE focused perks & frame type.","","D","Xur","Yes"
"","Ikelos_SG_v1.0.3","Shotgun","Energy","Solar","Rapid-Fire","Smoothbore
Corkscrew
Barrel Shroud","Accurized","Range
Handling","Threat Detector","Trench Barrel
Vorpal Weapon
Cascade Point","Rasputin's Arsenal","Bad frame.
Primarily PvE focused perks & frame type.","","D","Operation: Seraph's Shield Legacy Loot
Modifier Classic Collections: ON","Yes"
"","The Comedian","Shotgun","Energy","Void","Aggressive","Corkscrew
Barrel Shroud
Smallbore","Accurized","Range
Handling","Hip-fire Grip
Ensemble","Trench Barrel
Vorpal Weapon","Vanguard's Vindication
Stunning Recovery","Possibly the worst Aggressive frame shotgun to have ever existed for PvP.
Bad perks, bad base stats.
Trench Barrel/Vorpal are the only saving graces.
Non-tiered, non-enhanceable.","","F","Xur (Previously Grandmaster Nightfalls)","No"
"","No Reprieve","Shotgun","Kinetic","Stasis","Pinpoint Slug","Fluted Barrel
Corkscrew
Hammer-forged","Accurized","Range
Handling","Steady Hands","Snapshot Sights
Headstone
Swashbuckler","Right Hook","Worst of all Kinetic slot Pinpoint Slugs.
No good Column 1 or 2 perks.
Headstone res block.","","D","Xur","Yes"
"","Dead Weight","Shotgun","Energy","Arc","Rapid-Fire","Smoothbore
Corkscrew
Barrel Shroud","Accurized","Range
Handling","Perpetual Motion
Well-Rounded
Ensemble","Trench Barrel
Vorpal Weapon
One-Two Punch","Field-Tested
Gun and Run","Bad frame, low base stats.
Primarily PvE focused perks & frame type.
Lacks most meaningful perks for PvP pellet shotguns.","","F","Drifter Vendor Legacy Focusing","No"
"","First In, Last Out","Shotgun","Energy","Arc","Pinpoint Slug","Fluted Barrel
Corkscrew
Hammer-forged","Accurized","Range
Handling","Slideshot
Hip-fire Grip","Opening Shot
Eye of the Storm
Vorpal Weapon","None","Lowest base stats of all Pinpoint Slug shotguns.
No meaningful handling perks. No Origin.
Non-tiered, non-enhanceable.","","C","Xur","No"
"","Ragnhild-D","Shotgun","Kinetic","Kinetic","Aggressive","Rifled
Corkscrew
Barrel Shroud","Accurized","Range
Handling","Steady Hands
Perpetual Motion
Ensemble","Elemental Capacitor
One-Two Punch","Hakke Breach Armaments","Surprisingly competitive aggressive frame.
Lacks Range perks, but can reach high/100 handling through available options.
Recommend using Arc Ele Cap w/ Rifled for best results.
Steady Hands makes for quick swaps after kills.","","A","Gunsmith Legacy Focusing","Yes"
"","Dust Rock Blues","Shotgun","Kinetic","Kinetic","Precision","Corkscrew
Barrel Shroud
Smallbore","Accurized","Range
Handling","Threat Detector
Slideshot
Moving Target","Snapshot Sights","None","""Father, is it over?""
Still a very competitive option w/ Threat or Slide + Snapshot.","","B","Unobtainable (Previously Forsaken World Drop)","No"
"","Toil and Trouble","Shotgun","Kinetic","Kinetic","Aggressive","Corkscrew
Barrel Shroud
Smallbore","Accurized","Range
Handling","Threat Detector","Snapshot Sights","None","Low base stats and lack of range perks make 1HKO distance very short, severely reducing this weapon's effectiveness.","","C","Dares of Eternity Loot Pool","No"
"","Pure Recollection","Shotgun","Energy","Void","Heavy Burst","Fluted Barrel
Corkscrew
Hammer-forged","Ricochet
High-Caliber
Armor Piercing","Range
Handling","Threat Detector
Lone Wolf","Closing Time
Headseeker","Roar of Battle
Suros Synergy","2-Slug Burst. DO NOT USE.
Very bad body shot damage and unable to 1HKO, requiring both slugs to land at least 1c1b to kill.","","F","Tenet of Bravery","No"
"","Mindbender's Ambition (Forsaken variant)","Shotgun","Energy","Solar","Aggressive","Corkscrew
Barrel Shroud
Smallbore","Accurized","Range
Handling","Threat Detector
Snapshot Sights
Slideshot","Quickdraw
Moving Target","None","""No king rules forever, my son...""
Curated roll has Opening Shot + Rampage.
Still a very competitive option w/ Threat or Slide + Quickdraw.","","B","Unobtainable (Previously The Hallowed Lair Nightfall)","No"
"","Parcel of Stardust","Shotgun","Kinetic","Kinetic","Lightweight","Smoothbore
Corkscrew
Barrel Shroud","Accurized","Range
Handling","Opening Shot
Threat Detector
Snapshot Sights","Quickdraw
Moving Target","None","Lightweight/Movement
Non-tiered, non-enhanceable.","","B","Unobtainable (Previously Gambit)","No"
"","Deadlock (Episode: Revenant Variant)","Shotgun","Kinetic","Stasis","Precision","Corkscrew
Barrel Shroud
Smallbore","Accurized","Range
Handling","Threat Detector
Lone Wolf
Slickdraw","Opening Shot
Closing Time
Trench Barrel","None","No Origin. Has access to stocks instead.
This variant has access to Slickdraw & Trench Barrel, unlike the current iteration.
Non-tiered, but enhanceable.","","S","Xur (Previously Comp)","No"
"","Felwinter's Lie (Original Variant)","Shotgun","Energy","Solar","Shot Package","Full Choke","Accurized","Range","Slideshot
Surplus","Opening Shot
Vorpal Weapon","None","""Time is a flat circle.""
Functionally aggressive frame with instrinsic bonus.
Shot package reduces pellet spread while ADS by 2.5%
Power crept massively by other aggressive frames.
Lacks meaningful handling perks.","","C","Monument of Lost Lights","No"
"","Gunnora's Axe (Season of the Lost Variant)","Shotgun","Energy","Arc","Pinpoint Slug","Hammer-forged
Corkscrew
Fluted","Ricochet
High-Caliber
Armor Piercing","Range
Handling","Threat Detector
Moving Target
Slickdraw","Opening Shot
Iron Reach
Eye of the Storm","Skulking Wolf
Suros Synergy","Skulking Wolf slug shotgun.
Weaker variant of the Monument of Triumph version.
Arc instead of Solar.
Non-tiered, non-enhanceable.","","A","Unobtainable (Previously Iron Banner)","No"
"","Allied Demand","Sidearm","Kinetic","Kinetic","Adaptive","Hammer-forged
Smallbore
Full Bore","Ricochet
High-Caliber
Armor Piercing","Range
Stability","Rangefinder","Multikill Clip
Iron Reach
Eye of the Storm","Skulking Wolf","Skulking Wolf sidearm.
Under-Over vs. Supers/Overshields.","","S","Iron Banner / Saladin Vendor","No"
"","Brass Attacks","Sidearm","Energy","Void","Heavy Burst","Hammer-forged
Smallbore
Full Bore","Ricochet
High-Caliber
Armor Piercing","Range
Stability","Slideways
Threat Detector
Killing Wind","One For All
Rampage","Land Tank","Lacking substantial PvP perks.","","D","World Drop / Gunsmith Vendor / Hawthorne Engrams","No"
"","Breachlight","Sidearm","Kinetic","Strand","Heavy Burst","Hammer-forged
Smallbore
Full Bore","Accurized
Steady","Range
Stability","Slice
Threat Detector
Perpetual Motion","Desperate Measures
Swashbuckler
Vorpal Weapon","Cast No Shadows","Slice & Vorpal sidearm.
Desperate/Swash for melee.","","A","Xur ","No"
"","Compact Defender","Sidearm","Energy","Void","Dynamic (360RPM)","Hammer-forged
Smallbore
Full Bore","Overclocked Heatsink
Projection Fuse","Range
Stability","Delicate Tuning
Rangefinder
Hipfire Grip","Kill Clip
Desperate Measures
Precision Instrument","Accelerated Assault
Air-Cooled Core","Functionally Lightweight Frame.
Lightweight/Movement bonus.
Best-in-class range via perks.
Kill perks for chaining.","","S","Lawless Frontier","No"
"","Controlling Vision","Sidearm","Kinetic","Kinetic","Adaptive","Hammer-forged
Smallbore
Full Bore","Ricochet
High-Caliber
Armor Piercing","Range
Stability","Fragile Focus
Slideways
Encore","Surrounded
Offhand Strike
Threat Detector","Field-Tested","Surrounded enables TtK shift.
0.60->0.40","","B","Gunsmith Legacy Focusing","No"
"","Drang (Reclamation Variant)","Sidearm","Energy","Solar","Together Forever (Adaptive 300RPM)","Hammer-forged
Smallbore
Full Bore","Accurized","Range
Stability","Moving Target
Disruption Break
Heal Clip","Master of Arms
Eye of the Storm
Binary Orbit","Vanguard Determination
Roar of Battle","Higher base zoom @ 13.
Functionally Adaptive 300 RPM frame. 
Weapon kills overcharge Sturm Exotic Handcannon w/ high damage bullets
Moving Target to break enemy AA.
Disruption Break for team play.
MoA & BO add ease of use. 4c->3c1b","","S","Tenet of Bravery","No"
"","Drang (Baroque)","Sidearm","Energy","Solar","Together Forever (Adaptive 300RPM)","Hammer-forged
Smallbore
Full Bore","Accurized","Range
Stability","Moving Target
Disruption Break
Eye of the Storm","Vorpal Weapon
Zen Moment
Incandescent","To Excess","Higher base zoom @ 13.
Functionally Adaptive 300 RPM frame. 
Weapon kills overcharge Sturm Exotic Handcannon w/ high damage bullets
Moving Target to break enemy AA.
Disruption Break for team play.
Vorpal Weapon vs. Super.
Incandescent ticks which break enemy shields APPLIES DISRUPTION BREAK.","","S","Crafted / Presage Legacy Loot
Enable Modifier: Classic Collector ON","Yes"
"","Empirical Evidence","Sidearm","Kinetic","Kinetic","Heavy Burst","Hammer-forged
Smallbore
Full Bore","Ricochet
High-Caliber
Armor Piercing","Range
Stability","Lone Wolf
Perpetual Motion
Tunnel Vision","Adagio
Swashbuckler
Kinetic Tremors","Psychohack","Kill Chain","","A","Throne World Destination","Yes"
"","Faustus Decline","Sidearm","Kinetic","Stasis","Lightweight","Hammer-forged
Smallbore
Full Bore","Ricochet
High-Caliber
Armor Piercing","Range
Stability","Rangefinder
Lone Wolf
Hipfire Grip","Kill Clip
Swashbuckler
Offhand Strike","Bray Legacy","Lightweight/Movement
Kill Chain.
Hipfire w/ RDM Exotics","","A","Tenet of Bravery","No"
"","Fimbulwinter Snitch","Sidearm","Energy","Arc","Precision","Hammer-forged
Smallbore
Full Bore","Ricochet
High-Caliber
Armor Piercing","Range
Stability","Rangefinder
Lone Wolf
Rapid Hit","Kill Clip
Precision Instrument","Dawning Surprise","Kill Clip ttk Shift.
0.70->0.46","","S","Tenet of Bravery","No"
"","Forgiveness","Sidearm","Energy","Arc","Heavy Burst","Hammer-forged
Smallbore
Full Bore","Ricochet
High-Caliber
Armor Piercing","Range
Stability","Zen Moment
Tap The Trigger
Lone Wolf
Voltshot
Offhand Strike","Kill Clip
Headseeker
Surrounded
Precision Instrument","Fleet Footed
Roar of Battle
","Best-in-class Sidearm. Very high stat package.
AE Sidearm via Lone Wolf + Fleet Footed.
Kill Clip + Surrounded TtK shift = 0.73->0.44","","S","Trials of Osiris / Saint-14 Vendor","No"
"","Liminal Vigil (Monument of Triumph Variant)","Sidearm","Kinetic","Stasis","Heavy Burst","Hammer-forged
Smallbore
Full Bore","Ricochet
High-Caliber
Armor Piercing","Range
Stability","Zen Moment
Lone Wolf
Headstone
Offhand Strike","Kill Clip
Headseeker
Rangefinder
Desperado","Tex Balanced Stock","Kill Clip TtK shift = 0.73->0.44
Desperado TtK shift =>0.48
Headstone blocks enemy res.","","S","Spire of the Watcher Dungeon","No"
"","Lonesome","Sidearm","Kinetic","Kinetic","Precision","Hammer-forged
Smallbore
Full Bore","Ricochet
High-Caliber
Armor Piercing","Range
Stability","Zen Moment
Rapid Hit","Kill Clip
Swashbuckler","Gun and Run","Kill Clip & Swash x5 = ttk Shift.
0.70->0.46","","S","Gambit / Drifter Vendor","No"
"","Mykel's Reverance","Sidearm","Kinetic","Strand","Rapid-Fire","Hammer-forged
Smallbore
Full Bore","","Range
Stability","Slice
Perpetual Motion
Elemental Capacitor
Thresh","Paracausal Affinity
Swashbuckler
Tap the Trigger
Binary Orbit","Harmonic Resonance","Slice
TtK shifts via PA, Swash, BO = 0.67->0.53
Super gen via Thresh
Origin provides Handling & Reload speed when paired w/ other Harmonic Resonance weapons.","","S","Root of Nightmares Raid","Yes"
"","Peacebond","Sidearm","Kinetic","Stasis","Adaptive Burst","Hammer-forged
Smallbore
Full Bore","Accurized
Steady","Range
Stability","Rangefinder
Lone Wolf
Zen Moment
Moving Target
Headstone","Kill Clip
Desperate Measures
Headseeker","Skulking Wolf","Skulking Wolf
TtK shift via Kill Clip: 0.73->0.43
 Desperate Measures=>0.50
Headstone blocks enemy res.","","S","Iron Banner / Saladin Vendor","No"
"","The Keening","Sidearm","Energy","Arc","Adaptive","Hammer-forged
Smallbore
Full Bore","Ricochet
High-Caliber
Armor Piercing","Range
Stability","Slideshot
Moving Target
Voltshot
Lone Wolf","Vorpal
Multi Kill Clip
Zen Moment","Accelerated Assault","Multikill Clip only adds ease of use until x3 stacks.
TtK shift at x3 = 0.60->0.40
Vorpal","","B","Crucible / Shaxx Vendor","No"
"","The Last Dance","Sidearm","Energy","Arc","Adaptive Burst","Hammer-forged
Smallbore
Full Bore","Ricochet
High-Caliber
Armor Piercing","Range
Stability","Moving Target
Threat Detector
Quickdraw","Kill Clip
Rangefinder
Tap the Trigger
Zen Moment","Vanguard Determination","TtK shift via Kill Clip = 0.73->0.43","","A","Vanguard / Zavala Vendor","No"
"","Seventh Seraph SI-2","Sidearm","Energy","Void","Lightweight","Hammer-forged
Smallbore
Full Bore","Accurized
Seraph Rounds","Range
Stability","Disruption Break
Lone Wolf
Destabilizing Rounds
Dimensional Shift","Surrounded
Repulsor Brace
Frenzy","Eyes Up
Rasputin's Arsenal","Lightweight/Movement.
Great column 1 perks, Mid Column 2 perks.
Destab/Repulsor combo.
Disruption Break for team play.
2 strong Origins for PvP.
Low base range can be covered by Accurized Rounds.","","A","Cosmodrome Destination","No"
"","Heliocentric QSC","Sidearm","Energy","Solar","Lightweight","Hammer-forged
Smallbore
Full Bore","Accurized","Range
Stability","Rangefinder
Moving Target
Heal Clip","Kill Clip
Precision Instrument
Surrounded","Nadir Focus","Lightweight/Movement.
Great perks in both columns, and a strong origin.
Held back by low base range.","","A","World Drop / Gunsmith Vendor / Hawthorne Engrams","No"
"","Punching Out","Sidearm","Energy","Solar","Rapid-Fire","Hammer-forged
Smallbore
Full Bore","Ricochet
High-Caliber
Armor Piercing","Range
Stability","Rangefinder
Heal Clip
Overflow","Kill Clip
Swashbuckler
Binary Orbit","Vanguard Determination
Suros Synergy","Great perks in both columns.
Held back by very low base range & no Accurized Round option.","","A","Vanguard Ops / Zavala Vendor","No"
"","Insurmountable","Sidearm","Energy","Void","Precision","Hammer-forged
Smallbore
Full Bore","Accurized","Range
Stability","Lone Wolf
Threat Detector
Repulsor Brace","Desperate Measures
Surrounded
Destabilizing Rounds","Dark Ether Reaper","Great perks in both columns.
Great base stats.
Origin either does not function in PvP or has insanely low activation rate.","","A","World Drop / Gunsmith Vendor / Hawthorne Engrams","No"
"","Division","Sidearm","Energy","Arc","Heavy Burst","Hammer-forged
Smallbore
Full Bore","Accurized","Range
Stability","Hipfire Grip
Encore
To The Pain","Kill Clip
Sword Logic
Offhand Strike
Swashbuckler
Eye of the Storm","Willing Vessel
Runneth Over","Weak column 1, strong column 2.
Great base stats, with access to accurized.
Double Hipfire perks for RDM Exotics gameplay.","","A","Xur","No"
"","Buzzard (Monument of Triumph Variant)","Sidearm","Kinetic","Kinetic","Adaptive","Hammer-forged
Smallbore
Full Bore","Ricochet
High-Caliber
Armor Piercing","Range
Stability","Encore
Perpetual Motion
Pulse Monitor","Multikill Clip
Rangefinder
Kinetic Tremors
Swashbuckler
Vorpal Weapon","Vanguard Determination
Problem Solver","Weak column 1, strong column 2.
Kinetic Tremors artificially inflates range.","","B","Vanguard Ops / Zavala Vendor","No"
"","Evening SI4","Sidearm","Energy","Solar","Adaptive Burst","Hammer-forged
Smallbore
Full Bore","Accurized","Range
Stability","Lone Wolf
Offhand Strike
Heal Clip","Headseeker
Sword Logic
Desperate Measures","Omolon Fluid Dynamics
Vanguard Determination","Decent Columns 1 & 2 perks, but lacking S tier sidearm perks.
Good origins.","","B","Tenet of Bravery","No"
"","Spoiler Alert","Sidearm","Kinetic","Kinetic","Lightweight","Hammer-forged
Smallbore
Full Bore","Ricochet
High-Caliber
Armor Piercing","Range
Stability","Killing Wind
Threat Detector
Under Pressure","Swashbuckler
Frenzy
High-Impact Reserves","Vanguard Determination","Lightweight/Movement.
Mid perks and stat package.
Good origin for high up time class abilities.","","B","Gunsmith Legacy Focusing","No"
"","Senuna SI6","Sidearm","Kinetic","Stasis","Adaptive Burst","Hammer-forged
Smallbore
Full Bore","Ricochet
High-Caliber
Armor Piercing","Range
Stability","Under Pressure
Slickdraw","Headseeker
Golden Tricorn
Headstone","Omolon Fluid Dynamics","Surprisingly competitive burst sidearm.
Headstone res block.","","B","Gunsmith Legacy Focusing","No"
"","Fioritura-59","Sidearm","Energy","Void","Rapid-Fire","Hammer-forged
Smallbore
Full Bore","Ricochet
High-Caliber
Armor Piercing","Range
Stability","Zen Moment
Killing Wind
Hipfire Grip
Threat Detector","Kill Clip
Golden Tricorn
Swashbuckler
Moving Target
Offhand Strike","Suros Synergy","Surprisingly competitive Rapid-Fire frame sidearm.
Stacked perk pool in both columns.
Double Hipfire perks for RDM exotics playstyle.","","A","Gunsmith Legacy Focusing","No"
"","Boudica-C","Sidearm","Kinetic","Kinetic","Precision","Hammer-forged
Smallbore
Full Bore","Ricochet
High-Caliber
Armor Piercing","Range
Stability","Moving Target
Hipfire Grip
Threat Detector","Multikill Clip
Swashbuckler
Surrounded","Hakke Breach Armaments","Decent all arounder Precision frame sidearm.
Origin trait has very little use in PvP.","","C","Gunsmith Legacy Focusing","No"
"","Brigand's Law","Sidearm","Energy","Arc","Rapid-Fire","Hammer-forged
Smallbore
Full Bore","Accurized","Range
Stability","Killing Wind
Threat Detector
Hipfire Grip","Swashbuckler
Rangefinder
Surrounded","Right Hook","Decent all arounder Rapid-Fire frame sidearm.
Origin trait activates on melee and gives +10 range and +10 aim assist, which is very useful in sidearm engagements.","","A","Xur","Yes"
"","The Vision","Sidearm","Energy","Arc","Adaptive Burst","Farpoint SAS
Target SAS
Tactic SAS","Accurized","Range
Stability","Killing Wind
Pulse Monitor","Kill Clip
Disruption Break
Swashbuckler","None","Surprisingly competitive burst sidearm.
Lacks a solid Column 1 perk.
Disruption Break for team play.","","B","Xur","No"
"","Vestian Dynasty","Sidearm","Energy","Arc","Precision","Extended Barrel
Chambered","Armor Piercing
Alloy Magazine","Range
Stability","Kill Clip","Dragonfly","None","Curated Roll.","","C","Unobtainable (Previously Forsaken Campaign)","No"
"","18 Kelvins","Sidearm","Energy","Arc","Adaptive","Hammer-forged
Smallbore
Fluted Barrel","Accurized Rounds
Tactical Mag","Range
Stability","None","Kill Clip
Opening Shot","None","Curated Roll.
Surprisingly very competitive.","","B","Unobtainable (Previously Mars Destination)","No"
"","Buzzard (Original Variant)","Sidearm","Kinetic","Kinetic","Adaptive","Extended Barrel","Alloy Magazine","Stability","Outlaw
Fourth Time's The Charm","Swashbuckler
Osmosis","None","Curated Roll.","","C","Monument of Lost Lights","No"
"","Drang (Original Variant)","Sidearm","Energy","Solar","Together Forever (Adaptive 300RPM)","Smallbore","Accurized Rounds","Range
Stability","Rampage","Moving Target","None","Functionally an Adaptive 300 RPM frame.
Higher base zoom @ 13.
Weapon kills overcharge Sturm Exotic Handcannon w/ high damage bullets.
Curated roll.
Weaker version of both the Baroque & Re-issued variants.","","B","Monument of Lost Lights","No"
"","High Albedo (Beyond Light Variant)","Sidearm","Kinetic","Kinetic","Adaptive Burst","Hammer-forged
Smallbore
Full Bore","Accurized","Range
Stability","Killing Wind
Slideways
Threat Detector","Headseeker
High-Impact Reserves","None","Good frame, good perks.
Power crept.","","C","Unobtainable (Previously Europa Destination)","No"
"","Liminal Vigil (Rite of the Nine Variant)","Sidearm","Kinetic","Stasis","Heavy Burst","Hammer-forged
Smallbore
Full Bore","Accurized","Range
Stability","Headstone
Lone Wolf
Tap The Trigger","Kill Clip
Desperate Measures
Surrounded
Rangefinder","Tex Balanced Stock
Gravity Well","Good frame, good perks.
Unique Origin trait option.","","A","Unobtainable (Previously Rite of the Nine Event)","No"
"","Liminal Vigil (Original Variant)","Sidearm","Kinetic","Stasis","Heavy Burst","Hammer-forged
Smallbore
Full Bore","Ricochet
High-Caliber
Armor Piercing","Range
Stability","Headstone
Tap The Trigger
Threat Detector","Kill Clip
Swashbuckler
Surrounded
Rangefinder","Tex Balanced Stock","Good frame, good perks.","","B","Unobtainable (Previously Spire of the Watcher)","No"
"","A Swift Verdict","Sidearm","Energy","Void","Precision","Farpoint SAS
Target SAS
Tactic SAS","Ricochet
High-Caliber
Armor Piercing","Range
Stability","Slideshot
Killing Wind
Threat Detector","Kill Clip
Disruption Break
Rangefinder
Surrounded
Zen Moment","None","Good frame, good perks.
Insanely stacked perk pool for sidearm.
Disruption Break for Team Play.","","A","Unobtainable (Previously Prophecy Dungeon)","No"
"","Buzzard (Season of Defiance Variant)","Sidearm","Kinetic","Kinetic","Adaptive","Hammer-forged
Smallbore
Full Bore","Ricochet
High-Caliber
Armor Piercing","Range
Stability","Encore
Perpetual Motion
","Rangefinder
Kinetic Tremors
Swashbuckler","Vanguard's Vindication
Stunning Recovery","Good frame, mid column 1 perks.","","B","Unobtainable (Previously GM Nightfalls)","No"
"","The Fool's Remedy","Sidearm","Energy","Solar","Rapid-Fire","Farpoint SAS
Target SAS
Tactic SAS","Ricochet
High-Caliber
Armor Piercing","Range
Stability","Moving Target
Hipfire Grip","Kill Clip
Rangefinder
Eye of the Storm","None","Decent frame, great perks.
Surprisingly solid workhorse of the limited Rapid-Fire frames options available.","","B","Unobtainable (Previously Iron Banner)","No"
"","Traveler's Judgment 5 (Original Variant)","Sidearm","Energy","Arc","Adaptive Burst","Farpoint SAS
Target SAS
Tactic SAS","Accurized
Armor Piercing
Steady","Range
Stability","None","Headseeker","None","Curated Roll.
1 Column perk. No origin.
Surprisingly still performs well though.","","C","Unobtainable (Previously Mercury Destination)","No"
"","Traveler's Judgment 5 (Season of Dawn Variant)","Sidearm","Energy","Arc","Adaptive Burst","Farpoint SAS
Target SAS
Tactic SAS","Accurized","Range
Stability","Rapid Hit
Hipfire Grip","Headseeker
Disruption Break
Tap The Trigger
Surrounded","None","Disruption Break for team play.
Hipfire Grip for RDM Exotics gameplay.","","A","Unobtainable (Previously Sundial Event / Season of Dawn Activities)","No"
"","Farewell","Sidearm","Kinetic","Kinetic","Lightweight","Hammer-forged
Smallbore
Full Bore","Accurized","Range
Stability","Rangefinder
Moving Target","Multikill Clip
Frenzy
Vorpal Weapon","None","Lightweight/Movement.
Very low base range.
Power crept.
No origin. Non-tiered, non-enhanceable.","","C","Xur","No"
"","Antedate","SMG","Energy","Arc","Adaptive","Hammer-forged
Smallbore
Full Bore","Ricochet
High-Caliber
Armor Piercing","Range
Stability","Rangefinder
Zen Moment","Target Lock
Master of Arms
Paracausal Affinity","Frame of Reference","INSANE origin trait.
Provides extra damage, range, and reload speed. Buff pauses on stow, and timer only progresses while weapon is readied, allowing the buff to be ""backpacked"". 
Dmg buff: x1 = 1.45% / x2 = 2.8%  / x3 = 4.2% / x4 = 5.6% / x5 = 7%
Neutral TtK Shift via Target Lock = 0.73->0.67
TtK shift via MoA x1/PA =>0.67
MoA x2 => 0.60","","S","Desert Perpetual Raid","No"
"","Every Waking Moment","SMG","Energy","Void","Precision","Hammer-forged
Smallbore
Full Bore","Ricochet
High-Caliber
Armor Piercing","Range
Stability","Rangefinder
Keep Away
Lone Wolf","Kill Clip
Sword Logic
Binary Orbit","Loss","TtK Shift via Kill Clip & BO = 0.80->0.60
Sword Logic x2 =>0.70
INSANE Origin trait that provides AA, Stability and Handling passively.","","A","Moon Destination","No"
"","Imminence","SMG","Kinetic","Strand","Lightweight","Hammer-forged
Smallbore
Full Bore","Accurized
Steady","Range
Stability","Slice
Fragile Focus
Dynamic Sway Reduction","Target Lock
Kill Clip
Paracausal Affinity
Chaos Reshaped","Collective Purpose","Slice. 
Lightweight/Movement
Highest range lightweight SMG.
Neutral TtK shift via Target Lock = 0.73->0.67
Kill Clip & PA =>0.60
Chaos Reshaped x2 =>0.53
Origin: Provides stacking Range & Handling near allies.
x1 = +5 R /+5 H
x2 = +7.5(?) R / 15
x3 = +? / +? (Upward scaling)","","S","Salvation's Edge Raid","Yes"
"","M-17 ""Fast Talker""","SMG","Kinetic","Stasis","Balanced (900RPM)","Hammer-forged
Smallbore
Full Bore","Overclocked
Projection Fuse","Range
Stability","Delicate Tuning
Dynamic Sway Reduction
Killing Wind","Target Lock
Master of Arms
Kill Clip
Sword Logic
Tap the Trigger","Accelerated Assault","Functionally Lightweight Frame.
Lightweight/Movement bonus.
Best-in-class range via perks.
Neutral TtK shift via Target Lock=0.73->0.67
Kill Clip=>0.53
MoA x1=>0.60
MoA x2=>0.53
Sword Logic x2=>0.60","","S","Lawless Frontier","No"
"","Mida Mini-Tool","SMG","Energy","Solar","MIDA Synergy","Hammer-forged
Smallbore
Full Bore","Ricochet
High-Caliber
Armor Piercing","Range
Stability","Perpetual Motion
Heal Clip
Hipfire Grip","Master of Arms
Offhand Strike","Vanguard Determination","Functionally Adaptive Frame.
Move speed bonus paired w/ Mida Multi-Tool
Hipfire Gameplay w/ RDM Exotics","","B","Tenet of Bravery","No"
"","Multimach CCX","SMG","Kinetic","Kinetic","Lightweight","Hammer-forged
Smallbore
Full Bore","Accurized
Steady","Range
Stability","Rangefinder
Moving Target
Dynamic Sway Reduction
Stopping Power","Target Lock
Kill Clip
Kinetic Tremors
Master of Arms","Skulking Wolf","Lightweight/Movement
Best in slot zoom.
Kinetic Skulking Wolf SMG.
Higher base zoom @ 15, tied for highest possible zoom of all SMGs w/ Rangefinder.
Neutral TtK shift via Target Lock=0.73->0.67
Kill Clip, MoA x1, MoA x2=>0.60
Kinetic Tremors ACTIVATES @ 11 hits guarantees kill at 0.73s
Stopping Power + Target Lock may cause 0.60s TtK shift from neutral. Need to test.","","S","Iron Banner / Saladin Vendor","No"
"","No Survivors (Monument of Triumph Variant)","SMG","Energy","Solar","Aggressive","Hammer-forged
Smallbore
Full Bore","Ricochet
High-Caliber
Armor Piercing","Range
Stability","Rangefinder
Heal Clip","Target Lock
Master of Arms
Zen Moment","Restoration Ritual","One of the few aggressive frames where Target Lock reduces TtK from neutral still.
Target Lock neutral TtK shift = 0.75->0.67
MoA x1=>0.67 
MoA x2=>0.58","","S","Ghosts of the Deep Dungeon","No"
"","Out of Bounds","SMG","Energy","Arc","Lightweight","Hammer-forged
Smallbore
Full Bore","Ricochet
High-Caliber
Armor Piercing","Range
Stability","Dynamic Sway Reduction
Moving Target
Voltshot","Kill Clip
Golden Tricorn
Rangefinder","Accelerated Assault
Omolon Fluid
Roar of Battle","Lightweight/Movement.","","A","Crucible / Shaxx Vendor","No"
"","Seraphine Haze","SMG","Kinetic","Stasis","Aggressive","Hammer-forged
Smallbore
Full Bore","Accurized
Steady","Range
Stability","Dynamic Sway Reduction
Hipfire Grip","Target Lock
Desperate Measures","Tenacity
Vanguard Determination
Problem Solver","One of the few aggressive frames where Target Lock reduces TtK from neutral still.
Target Lock neutral TtK shift / DM x1 or x2 = 0.75->0.67
DM x3 => 0.58
Tenacity adds 0.5% damage, 5 Handling, and 5 stability per stack.
Total of +10% dmg, 50 handling, 50 stability.","","S","Tenet of Bravery","No"
"","Seventh Seraph VY-7","SMG","Energy","Arc","Precision","Hammer-forged
Smallbore
Full Bore","Accurized
Seraph Rounds","Range
Stability","Lone Wolf
Disruption Break","Gear Shift
Onslaught
Frenzy","Eyes Up
Rasputin's Arsenal","Disruption Break for Team Play.
Gear Shift for Neutral TtK shift. 
x1=0.80->0.70
x3=>0.60","","S","Cosmodrome Destination","No"
"","Shayura's Wrath","SMG","Energy","Void","Precision","Hammer-forged
Smallbore
Full Bore","Ricochet
High-Caliber
Armor Piercing","Range
Stability","Zen Moment
Keep Away
Lone Wolf
Dynamic Sway Reduction","Kill Clip
Target Lock
Master of Arms
Tap the Trigger
Rangefinder","Nadir Focus
Fleet Footed
Roar of Battle","Best in slot zoom.
Higher base zoom @ 15, tied for highest possible zoom of all SMGs w/ Rangefinder.
Target Lock adds ease of use, no TtK shift at base.
Kill Clip TtK shift=0.80->0.60
MoA x1=>0.70
MoAx2=>0.60","","S","Trials of Osiris / Saint-14 Vendor","No"
"","Submission","SMG","Kinetic","Kinetic","Lightweight","Hammer-forged
Smallbore
Full Bore","Accurized
Steady","Range
Stability","Kinetic Tremors
Perpetual Motion","Target Lock
Swashbuckler
Chaos Reshaped","Souldrinker","Lightweight/Movement
Tremors+Target Lock = the most consistent SMG in the game.
Origin trait heals a small amount on reload based on % of mag hits tagets.
100% of mag = 50 HP.","","S","Vow of the Disciple Raid","Yes"
"","The Immortal","SMG","Kinetic","Strand","Aggressive","Hammer-forged
Smallbore
Full Bore","Ricochet
High-Caliber
Armor Piercing","Range
Stability","Rangefinder
Keep Away
Slice
Dynamic Sway Reduction","Elemental Honing
Target Lock
Kill Clip
Master of Arms
Lone Wolf","Field-Tested
Fleet Footed
Roar of Battle","Ele Honing TtK shift @ x2 0.75->0.67
x4=>0.58
Target Lock adds ease of use, no TtK shift at base due to mag size.
MoA x1=>0.67
MoA x2=>0.58
Slice.
Lone Wolf + Fleet Footed for in-air gunplay.","","S","Trials of Osiris / Saint-14 Vendor","No"
"","Unending Tempest","SMG","Kinetic","Stasis","Precision","Hammer-forged
Smallbore
Full Bore","Accurized
Steady","Range
Stability","Dynamic Sway Reduction
Moving Target
Lone Wolf","Master of Arms
Target Lock
Chaos Reshaped
Headstone
Rangefinder
Tap the Trigger","Accelerated Assault
Nadir Focus
Roar of Battle","Target Lock adds Ease of Use, no TtK shift.
MoA/CRx1=0.80->0.70
MoA/CRx2=>0.60
Headstone res block.
","","A","Crucible / Shaxx Vendor","No"
"","Vikala SMG-4","SMG","Energy","Void","Balanced (900RPM)","Hammer-forged
Smallbore
Full Bore","Overclocked
Projection Fuse","Range
Stability","Delicate Tuning
Moving Target
Slideways","Thermal Atomization
Chaos Reshaped
Rangefinder","Omolon Fluid Dynamics
Featherweight","Functionally Lightweight frame.
Lightweight/Movement.
Low base stats and lack of strong Column 2 perks reduce overall ranking.","","C","Sparrow Racing","No"
"","Yeartide Apex","SMG","Energy","Solar","Lightweight","Hammer-forged
Smallbore
Full Bore","Ricochet
High-Caliber
Armor Piercing","Range
Stability","Lone Wolf
Heal Clip
Transcendant Moment","Target Lock
Chaos Reshaped
Binary Orbit","Tex Balanced Stock
Dream Work","Lightweight/Movement.
Target Lock neutral TtK shift=0.73->0.67","","B","Tenet of Bravery","No"
"","Mirror Imago","SMG","Kinetic","Strand","Adaptive","Smallbore
Hammer-forged
Full-bore","Accurized
Steady","Range
Stability","Moving Target
To The Pain","Target Lock
Sword Logic
Swashbuckler","Willing Vessel
Runneth Over","One of the best adaptive frame SMGs.
Neutral TTK shift via Target Lock or Swash x1: 0.80 -> 0.73
Target Lock + 180(?) Weapons, Swash x2, or Sword Logic x2: => 0.67
Swash x4 or Swash x3 + 115 Weapons: => 0.60
Swash x5 + 118 Weapons: => 0.53","","A","Xur (Previously Heresy Activities)","No"
"","Adjudicator (Monument of Triumph Variant)","SMG","Kinetic","Kinetic","Precision","Smallbore
Hammer-forged
Full Bore","Accurized
Steady","Range
Stability","Dynamic Sway
Threat Detector
Perpetual Motion","Target Lock
Rampage
Swashbuckler","Crossing Over","Good frame, high base stats.
Base 13 zoom, lower than usual. :(
TTK shift from neutral via Target Lock + 155 Weapons
TTK shift via Target Lock + 155 Weapons, Rampage x1, Swash x1 +  125 Weapons, Swash x2, Frenzy, or All-Star: 0.80 -> 0.70
Rampage x3, Rampage x2 + 138 Weapons, or Swash x4: => 0.60
Onslaught x1: => 0.75, x2 => 0.71, x3 => 0.67","","B","Prophecy Dungeon","No"
"","The Title (Monument of Triumph Variant)","SMG","Energy","Void","Aggressive","Smallbore
Hammer-forged
Extended Barrel","Ricochet
High-Caliber
Armor Piercing","Range
Stability","Threat Detector
Perpetual Motion","Elemental Honing
Swashbuckler
Rangefinder","Classy Contender
Hakke Breach Armaments","Base 15 Zoom.
Lackluster Column 1 perks.
TtK shift via Elemental Honing x2 and Swash x1: 0.75 -> 0.67
Ele Hone x4 or Swash x3 :=>0.58 
Ele Hone x5 + 138 Weapons or Swash x5 + Weapons 169 Weapons: => 0.50","","A","Tenet of Bravery","No"
"","Unforgiven","SMG","Energy","Void","Aggressive","Smallbore
Hammer-forged
Extended Barrel","Ricochet
High-Caliber
Armor Piercing","Range
Stability","Destabilizing Rounds
Demolitionist","Desperate Measures
Rampage
Chaos Reshaped","Bitterspite","Lackluster Column 1 perks, no Target Lock or Ele Honing for neutral TTK shift.
Strangely high recoil intensity.
TTK shift via Desperate Measures x1, Rampage x1, Adren Junkie x2 or Chaos Reshaped x1: 0.75 -> 0.67
DM x3, CR x2, Rampage x2 or Adren Junkie x4: => 0.58
Probably the worst of the Tiered Aggressive SMGs.","","C","Duality Dungeon","No"
"","DEADHORSE 04","SMG","Kinetic","Stasis","Adaptive","Smallbore
Hammer-forged
Extended Barrel","Accurized
Steady","Range
Stability","Rangefinder
Lone Wolf","Target Lock
Surrounded
One For All","Carrion Munitions","Strong Adaptive frame SMG option.
Neutral TTK shift via Target Lock: 0.80 -> 0.73
Target Lock + 180(?) Weapons: => 0.67
One For All or Surrounded: => 0.53","","A","Distortions Events","No"
"","Prolonged Engagement","SMG","Kinetic","Stasis","Lightweight","Smallbore
Hammer-forged
Extended Barrel","Ricochet
High-Caliber
Armor Piercing","Range
Stability","Dynamic Sway
Perpetual Motion","Target Lock
Desperate Measures
Multikill Clip","Accelerated Assault
Veist Stinger
Vanguard Determination","Lightweight/movement.
This gun is actually so dumb when paired w/ Bakris or Frostees.
Neutral TTK shift via Target Lock or DM x1: 0.73 -> 0.67
DM x2, Harmony, or Multikill Clip x1: => 0.60
Multikill Clip x2 or DM x3: => 0.53
Multikill Clip x3: => 0.47
Multikill x3 + Accelerated Assault + 162 Weapons: => 0.40
Multikill x3 + Accelerated Assault + 162 Weapons + Light Shift x2: => 0.33
Multikill x3 + Accelerated Assault + 176 Weapons + Light Shift x3 + Stasis Surge x2: => 0.27
SUPER UNREALISTIC TO ACTUALLY OCCUR BUT IT CAN ACTUALLY HAPPEN EASIER THAN YOU MIGHT THINK LOL","","S","Vanguard Fireteam Ops / Zavala Vendor Focusing","No"
"","Parabellum","SMG","Energy","Solar","Adaptive","Smallbore
Hammer-forged
Extended Barrel","Accurized
Steady","Range
Stability","Killing Wind
Heal Clip
Discord","Collective Action
Adagio
Incandescent","Field-Tested
Veteran's Wisdom","Primarily PvE focused gun.
Mid frame, bad perks in both columns.
Collection Action TTK shift from neutral: 0.80 -> 0.67
Don't recommend using it.","","C","EDZ Destination","No"
"","Death Adder","SMG","Energy","Solar","Lightweight","Smallbore
Hammer-forged
Full Bore","Accurized
Steady","Range
Stability","Zen Moment
Dynamic Sway
Hip-fire Grip","Rangefinder
Binary Orbit
Moving Target","Veist Stinger","Lightweight/movement.
One of the weaker Lightweight SMGs stat & perk wise.
Base 13 zoom, lower than normal for an SMG.
TTK shift via Binary Orbit: 0.73 -> 0.60
Binary Orbit + 140 Weapons: -> 0.53","","C","World Drop / Hawthorne Engrams / Gunsmith Vendor","No"
"","Boondoggle Mk. 55","SMG","Kinetic","Kinetic","Aggressive","Smallbore
Hammer-forged
Extended Barrel","Ricochet
High-Caliber
Armor Piercing","Range
Stability","Hip-fire Grip
Encore
To The Pain","Swashbuckler
Tap The Trigger
Offhand Strike","Tex Balanced Stock","Mostly just useful for hipfire gunplay, paired with RDM-type exotics.
TTK shift via Swash x2: 0.75 -> 0.67
Swash x4: => 0.58
Swash x5 + 168 Weapons: => 0.50
Non-tiered, but enhanceable.","","C","Gunsmith Legacy Focusing","No"
"","Gunburn","SMG","Kinetic","Kinetic","Lightweight","Smallbore
Hammer-forged
Extended Barrel","Accurized
Steady","Range
Stability","Lone Wolf
Threat Detector","Target Lock
Kinetic Tremors
Binary Orbit","Search Party
Veist Stinger","Lightweight/movement.
Lower base stats than some other S tier lightweight options.
Neutral TTK shift via Target Lock: 0.73 -> 0.67
Binary Orbit: => 0.60
One For All or Binary Orbit + 140 Weapons: => 0.53","","B","Tenet of Bravery","No"
"","Qua Nilus II","SMG","Kinetic","Strand","Adaptive","Smallbore
Hammer-forged
Extended Barrel","Accurized
Steady","Range
Stability","Slice
Dynamic Sway
Encore","Swashbuckler
Binary Orbit
Surrounded","Wild Card
Vanguard Determination","Good Adaptive SMG option but lacks good TTK shift perks.
Slice.
TTK shift via Swash x1: 0.80 -> 0.73
Swash x2 or Harmony: => 0.67
Swash x4 or Binary Orbit: => 0.60
Swash x5 + 118 Weapons or Surrounded: => 0.53","","B","Tenet of Bravery","No"
"","Peculiar Charm","SMG","Kinetic","Kinetic","Aggressive Burst","Smallbore
Hammer-forged
Corkscrew","Accurized
Steady","Range
Stability","Stopping Power
Rangefinder
Lone Wolf","Master of Arms
Headseeker
Desperado","None (Has access to Stocks instead)","4-Round burst SMG.
Master of Arms x1 or All-Star: 0.80 -> 0.60
Master of Arms x2: => 0.53
Desperado: => 0.62","","A","Competitive Crucible / Lord Shaxx Vendor","No"
"","Whatchamacallit","SMG","Energy","Arc","Aggressive Burst","Arrowhead
Smallbore
Hammer-forged","Accurized
Steady","Range
Stability","Headseeker
Keep Away","Gear Shift
Sword Logic
Rangefinder","Accelerated Assault
Vanguard Determination
Hakke Breach Armaments
Problem Solver","VERY STRONG 4-Round burst SMG.
Neutral TTK shift via Gear Shift or Mask of Bakris Light Shift.
Light Shift x1, Gear Shift x1, Sword Logic x2, or Frenzy: 0.80 -> 0.60
Gear Shift x1 + Light Shift x1 OR Gear Shift x3: => 0.53
Gear Shift x5 + 134 Weapons + Accelerated Assault OR Gear Shift x5 + Light Shift x1 => 0.47
Gear Shift x5 + Light Shift x3: => 0.40
Very easy to build stacks with Bakris/Gear Shift.","","S","Vanguard Pinnacle Ops / Zavala Vendor","No"
"","The Recluse (Monument of Triumph Variant)","SMG","Energy","Void","Lightweight","Smallbore
Hammer-forged
Full Bore","Ricochet
High-Caliber
Armor Piercing","Range
Stability","Dynamic Sway
Dimensional Shift
Repulsor Brace","Target Lock
Master of Arms
Chaos Reshaped","Indomitable","Lightweight/movement.
Base 13 zoom, lower than most SMGs.
Neutral TTK shift via Target Lock, Collective Action or DM x1: 0.73 -> 0.67
CR x1, DM x2 or Master of Arms x1: => 0.60
Surrounded, CR x2 or DM x3: => 0.53","","A","Onslaught","No"
"","The Recluse (Original Crucible Variant)","SMG","Energy","Void","Lightweight","Polygonal","Ricochet","Range","Feeding Frenzy","Master of Arms","None","""The Recluse Upon the Mountaintop.""
Lightweight/movement.
Curated roll. Non-tiered, non-enhanceable.
13 zoom and low base range make this unfortunately weak in the current sandbox.","","D","Monument of Lost Lights","No"
"","Bug-Out Bag","SMG","Energy","Void","Adaptive","Smallbore
Hammer-forged
Extended Barrel","Ricochet
High-Caliber
Armor Piercing","Range
Stability","Perpetual Motion
Threat Detector","Target Lock
Collective Action
Tap The Trigger","Gun and Run","Decent frame with multiple options for neutral TTK shifts.
Lackluster Column 1 perks.
Neutral TTK shift via Target Lock or Adrenaline Junkie x1: 0.80 -> 0.73
Target Lock + 180(?) Weapons, Adren Junkie x2, Collective Action, or Frenzy: => 0.67
Adrenaline Junkie x4 or Adren Junkie x3 + 115 Weapons: => 0.60
Adrenaline Junkie x5 + 118 Weapons: => 0.53","","B","Gambit / Drifter Vendor","No"
"","Perfect Pitch (Monument of Triumph Variant)","SMG","Energy","Solar","Precision","Smallbore
Hammer-forged
Extended Barrel","Ricochet
High-Caliber
Armor Piercing","Range
Stability","Keeping Away
Dynamic Sway
To The Pain","Target Lock
Rampage
Rangefinder","Vanguard Determination","Good frame, high base stats.
Base 15 zoom.
TTK shift from neutral via Target Lock + 155 Weapons
TTK shift via Target Lock + 155 Weapons, Rampage x1, Harmony: 0.80 -> 0.70
Rampage x3, Rampage x2 + 138 Weapons or Focused Fury: => 0.60
Onslaught x1: => 0.75, x2 => 0.71, x3 => 0.67","","A","Vanguard Solo Ops / Zavala Vendor","No"
"","Perfect Pitch (Original Vanguard Variant)","SMG","Energy","Solar","Precision","Smallbore","Light Mag","Stability","To The Pain
Subsistence","Onslaught
Incandescent","One Quiet Moment
Gun and Run
Vanguard's Vindication","Curated roll.
15 zoom. Lackluster perks combos.
Non-tiered, but enhanceable.","","C","Monument of Lost Lights","No"
"","Yarovit MG4","SMG","Kinetic","Stasis","Lightweight","Smallbore
Hammer-forged
Extended Barrel","Ricochet
High-Caliber
Armor Piercing","Range
Stability","Dynamic Sway
Encore","Desperate Measures
Zen Moment
Headstone","Omolon Fluid Dynamics","Lightweight/movement.
TTK shift via Desperate Measures x1: 0.73 -> 0.67
DM x2: => 0.60 
DM x3 or Surrounded: => 0.53
Headstone res block.
Non-tiered, but enhanceable.","","B","Gunsmith Legacy Focusing","No"
"","IKELOS_SMG_V1.0.3","SMG","Energy","Arc","Aggressive","Smallbore
Hammer-forged
Extended Barrel","Accurized
Seraph Rounds
Steady","Range
Stability","Dynamic Sway
Killing Wind
Threat Detector","Rangefinder
Tap The Trigger
Frenzy","Rasputin's Arsenal","Instrinsically has low recoil intensity which makes it user friendly.
TTK shift via Frenzy: 0.75 -> 0.67
Surrounded: => 0.50
Lacks good neutral TTK shift options.","","B","Operation: Seraph's Shield Legacy Loot
Modifier Classic Collections: ON","Yes"
"","The Hero's Burden","SMG","Energy","Void","Adaptive","Smallbore
Hammer-forged
Extended Barrel","Accurized
Steady","Range
Stability","Zen Moment
Fragile Focus
Moving Target","Kill Clip
Iron Reach
Dynamic Sway","Skulking Wolf
Suros Synergy","Skulking Wolf SMG in Energy slot.
One of the best all-around Adaptive SMGs.
Neutral TTK shift via 113 Weapons stat: 0.80 -> 0.73
TTK shift via Kill Clip: 0.80 -> 0.60","","A","Iron Banner / Valus Saladin Vendor Focusing","No"
"","The Showrunner","SMG","Kinetic","Kinetic","Lightweight","Smallbore
Hammer-forged
Extended Barrel","Ricochet
High-Caliber
Armor Piercing","Range
Stability","Rangefinder
Dynamic Sway
Well-Rounded","Target Lock
Kinetic Tremors
Swashbuckler","Nadir Focus
Vanguard's Vindication","Lightweight/movement.
Good frame, decent perk options.
Low base stats.
Non-tiered, non-enhanceable.","","B","Xur","No"
"","Subjunctive","SMG","Energy","Arc","Lightweight","Smallbore
Hammer-forged
Extended Barrel","Accurized
Steady","Range
Stability","Threat Detector
Hip-fire Grip
Under Pressure","Golden Tricorn
Disruption Break
Swashbuckler","Nano-Munitions","Lightweight/movement.
Lackluster column 1 perks.
Disruption Break for teamshot gameplay.
TTK shift via Golden Tricorn x1 or Swash x3: 0.73 -> 0.60
Swashbuckler x1: => 0.67
One For All, Swashbuckler x5 or Swashbuckler x4 + 117 weapons: => 0.53
Golden Tricorn x2: => 0.47","","B","Starcrossed Legacy Loot
Modifier Classic Collector: ON","Yes"
"","Blood Feud","SMG","Kinetic","Stasis","Aggressive","Smallbore
Hammer-forged
Extended Barrel","Accurized
Steady","Range
Stability","Dynamic Sway
Encore","Swashbuckler
Frenzy
Headstone","Right Hook","Headstone res block.
TTK shift via Swashbuckler x4 or Focused Fury: 0.75 -> 0.58
Swashbuckler x2 or Frenzy: => 0.67
Swashbuckler x5 + Weapons 169: => 0.50
Very low stability.","","D","Xur","Yes"
"","Pizzicato-22","SMG","Kinetic","Kinetic","Adaptive","Smallbore
Hammer-forged
Extended Barrel","Ricochet
High-Caliber
Armor Piercing","Range
Stability","Fragile Focus
Eye of the Storm
Perpetual Motion","Multikill Clip
Rangefinder
Swashbuckler","Suros Synergy","TTK shift via Multikill Clip x1 or Swashbuckler x2: 0.80 -> 0.67
Swashbuckler x1: => 0.73
Swashbuckler x4 or Swash x3 + 115 Weapons: => 0.60
Swash x5 + 118 Weapons: => 0.53
Non-tiered, Non-enhanceable.","","C","Gunsmith Legacy Focusing","No"
"","Forensic Nightmare","SMG","Kinetic","Stasis","Precision","Smallbore
Hammer-forged
Extended Barrel","Ricochet
High-Caliber
Armor Piercing","Range
Stability","Slideways
Encore
Perpetual Motion","Kill Clip
Sword Logic
Headstone","Psychohack","Good frame, decent perks.
TTK shift via Kill Clip & Swashbuckler x4: 0.80 -> 0.60
Sword Logicx2, Swashbuckler x2 or Harmony: => 0.70
Headstone res block.
Origin is functionally useless in PvP.","","B","Savathun's Throne World Destination","Yes"
"","Enyo-D","SMG","Kinetic","Kinetic","Precision","Smallbore
Hammer-forged
Extended Barrel","Accurized
Steady","Range
Stability","Fragile Focus
Well-Rounded
Encore","Rampage
Multikill Clip
Vorpal Weapon","Hakke Breach Armaments","Good frame, decent perks.
Base 15 zoom & high range.
TTK shift via Rampage x1 or Multikill Clip x1: 0.80 -> 0.70
Rampage x3 & Multikill Clip x2, or Surrounded: => 0.60
Multikill Clip x3: => 0.50
Non-tiered, non-enhanceable.","","B","Gunsmith Legacy Focusing","No"
"","Synchronic Roulette","SMG","Kinetic","Strand","Precision","Smallbore
Hammer-forged
Extended Barrel","Ricochet
High-Caliber
Armor Piercing","Range
Stability","Keep Away
Eye of the Storm
Dynamic Sway","Target Lock
Chaos Reshaped
Onslaught","Nanotech Tracer Missiles","Good frame, high base Range & Stability.
Origin trait applies passive chip which can shift TTK w/ Target Lock or Weapons stat.
Neutral TTK shift via Target Lock + 155 Weapons: 0.80 -> 0.70
TTK Shift via Chaos Reshaped x1 or Adrenaline Junkie x2: 0.80 -> 0.70
CR x2 or Adrenaline Junkie x4: => 0.60
Onslaught x1: => 0.75, x2 => 0.71, x3 => 0.67","","A","Neptune Activities","No"
"","Extraordinary Rendition","SMG","Kinetic","Kinetic","Aggressive","Smallbore
Hammer-forged
Corkscrew","Accurized
Steady","Range
Stability","Zen Moment
Firmly Planted","Tap The Trigger
Rampage
Frenzy","None","Base 15 zoom.
TTK shift via Frenzy, Multikill Clip x1, or Rampage x1: 0.75 -> 0.67
One For All, Rampage x2, or Multikill Clip x2: => 0.58
Multikill Clip x3: => 0.50
Incredibly low base stability hurts this gun's effectiveness by being unwieldy.","","D","Xur / Dares of Eternity Loot Pool","No"
"","Escape Velocity","SMG","Kinetic","Kinetic","Lightweight","Model 8 Red
Model 6 Loop
IS 2 Classic","Accurized
Steady","Range
Stability","Zen Moment
Threat Detector
Hip-fire Grip","Surrounded
Elemental Capacitor
Vorpal Weapon","None","Lightweight/movement.
Base 14 zoom, with access to sights to reach up to 16.
Lacks general TTK shift perks.
TTK shift via Surrounded: 0.73 -> 0.53","","C","Xur / Dares of Eternity Loot Pool","No"
"","Funnelweb","SMG","Energy","Void","Lightweight","Smallbore
Hammer-forged
Full Bore","Accurized
Steady","Range
Stability","Perpetual Motion
Killing Wind","Rangefinder
Frenzy
Focused Fury","Veist Stinger","Lightweight/movement.
TTK shift via Frenzy or Focused Fury: 0.73 -> 0.60
Non-tiered, non-enhanceable.","","B","Gunsmith Legacy Focusing","No"
"","Stochastic Variable","SMG","Energy","Arc","Lightweight","Smallbore
Hammer-forged
Full Bore","Ricochet
High-Caliber
Armor Piercing","Range
Stability","Zen Moment
Killing Wind
Under Pressure","Multikill Clip
Dragonfly
Elemental Capacitor","None","Lightweight/movement.
Decent perks on a good frame.
TTK shift via Multikill Clip x1: 0.73 -> 0.60
Multikill Clip x2: -> 0.53
Multikill Clip x3: -> 0.47
Non-tiered, non-enhanceable.","","B","Xur / Dares of Eternity Loot Pool","No"
"","Borrowed Time","SMG","Energy","Solar","Aggressive","Extended Barrel
Smallbore
Hammer-forged","Ricochet
High-Caliber
Armor Piercing","Range
Stability","Rangefinder
Dynamic Sway
Killing Wind","Tap The Trigger
Rampage
Frenzy","Field-Tested
Gun and Run","Base 15 zoom.
Lacks neutral TTK shift perks such as Elemental Honing or Target Lock.
Non-tiered, non-enhanceable.","","B","Drifter Vendor Legacy Focusing","No"
"","Antiope-D","SMG","Kinetic","Kinetic","Precision","SC Holo
SD Thermal
GB Iron","Ricochet
High-Caliber
Armor Piercing","Range
Stability","Zen Moment
Moving Target
Slideways","Kill Clip
Tap The Trigger
Dynamic Sway","None","Strong perks, good frame, high range.
Base 13, which is 1 lower than usual for SMG but has access to sights for increased zoom which makes this SMG a laser beam at longer ranges.
TTK shift via Kill Clip: 0.80 -> 0.60
Zen Moment & Slideways provide stability.","","A","Unobtainable (Previously Gunsmith/World Drop)","No"
"","Atalanta-D","SMG","Kinetic","Kinetic","Precision","SD Thermal
GA Post","Steady
Extended","Range
Stability","Tap The Trigger","None","None","The OG Crucible SMG terror.
A shadow of its former self.","","D","Unobtainable (Previously Gunsmith/World Drop)","No"
"","CALUS Mini-Tool","SMG","Energy","Solar","MIDA Synergy","Smallbore
Hammer-forged
Extended Barrel","Accurized
Steady","Range
Stability","Moving Target
Slideways
Threat Detector","Disruption Break
Tap The Trigger
Eye of the Storm","To Excess","Functionally lightweight frame.
Lightweight/movement.
Disruption Break for team shoot gameplay.
Low base range. No standard TTK shift perks.","","C","Presage Legacy Loot
Modifier Classic Collections: ON","Yes"
"","MIDA Mini-Tool (Original Variant)","SMG","Energy","Solar","MIDA Synergy","Fluted","Alloy Mag","Range
Stability","Hip-fire Grip","Kill Clip","None","Functionally lightweight frame.
Lightweight/movement.
Curated roll. Low base stats.","","C","Uobtainable (Possibly Gunsmith or Monument of Lost Lights?)","No"
"","No Survivors (Rite of the Nine Variant)","SMG","Energy","Solar","Aggressive","Hammer-forged
Smallbore
Full Bore","Ricochet
High-Caliber
Armor Piercing","Range
Stability","Rangefinder
Heal Clip","Target Lock
Master of Arms
Sword Logic
","Restoration Ritual
Gravity Well","Has access to alternate origin trait which loots ammo bricks on ground within 15yds on reload.
Grav Well CAN proc effects that activate on ammo-pickup, such as Twofold Crown 2pc, or Adhesive Ordnance.
One of the few aggressive frames where Target Lock reduces TtK from neutral still.
TL, Sword Logic x2, Master of Arms x1: 0.75 -> 0.67
Master of Arms x2 => 0.58
Non-tiered, but enhanceable.","","S","Unobtainable (Previously Rite of the Nine Event)","No"
"","The Recluse (Into the Light Variant)","SMG","Energy","Void","Lightweight","Smallbore
Hammer-forged
Full Bore","Ricochet
High-Caliber
Armor Piercing","Range
Stability","Dynamic Sway
Hip-fire Grip
Threat Detector","Target Lock
Master of Arms
Desperate Measures","Indomitable","Lightweight/movement.
Base 13 zoom, lower than most SMGs.
Neutral TTK shift via Target Lock or DM x1: 0.73 -> 0.67
Frenzy, DM x2 or Master of Arms x1: => 0.60
Surrounded or DM x3: => 0.53","","A","Unobtainable (Previously Onslaught)","No"
"","1000 Yard Stare","Sniper Rifle","Energy","Void","Adaptive","Fluted Barrel
Arrowhead
Corkscrew","Accurized
Steady","Handling
Stability
Range","Lone Wolf
Vorpal Weapon
Discord","Closing Time
Moving Target
Mulligan","Unburied Treasure","44 Zoom
!!TRIPLE AA Perks via Origin!!
Double Handling perks
Vorpal vs Supers
 Discord/Mulligan for ammo
Origin: +10 range & +5% accuracy on weapon ready.
Max value for 0.5s->Decays to 0/0 at 3.5s.","","S","Grasp of Avarice Dungeon","No"
"","A Distant Pull","Sniper Rifle","Kinetic","Stasis","Rapid-Fire","Fluted Barrel
Arrowhead
Corkscrew","Accurized
Steady","Handling
Stability
Range","Keep Away
Moving Target","Opening Shot
Headstone
Discord","Unsated Hunger","35 Zoom
Double AA perks.
Discord. Headstone res block.","","S","Xur","Yes"
"","Adored","Sniper Rifle","Energy","Arc","Adaptive","Fluted Barrel
Arrowhead
Corkscrew","Accurized
Steady","Handling
Stability
Range","Lone Wolf
Snapshot Sights
Elemental Capacitor","Opening Shot
Closing Time
Moving Target","Accelerated Assault
Vanguard Determination
Problem Solver","45 Zoom
Double AA perks.
Double Handling perks.","","S","Vanguard Pinnacle Ops / Zavala Vendor","No"
"","ALLEN 05","Sniper Rifle","Kinetic","Strand","Adaptive","Fluted Barrel
Arrowhead
Corkscrew","Accurized
Steady","Handling
Stability
Range","Lone Wolf
Built To Blast","Moving Target
To The Pain
Butterfly","Carrion Munitions","40 Zoom
Double AA perks.
Butterfly + Origin for AoE.","","A","Distortions Events","No"
"","Alone as a God","Sniper Rifle","Kinetic","Kinetic","Rapid-Fire","Fluted Barrel
Arrowhead
Corkscrew","Accurized
Steady","Handling
Stability
Range","Lone Wolf","Adhesive Ordnance
Closing Time","Elliptical Orbit","45 Zoom
Double Handling perks.
Adhesive Ordnance for 3 Ammo per brick.
Origin provides stability & flinch resist, or Ammo gen.","","A","Pantheon Raid","No"
"","Apostate","Sniper Rifle","Energy","Arc","Rapid-Fire","Fluted Barrel
Arrowhead
Corkscrew","Accurized
Steady","Handling
Stability
Range","Closing Time
Butterfly
Triple Tap","Opening Shot
Meganeura","Loss","40 Zoom
Double AoE perks.
INSANE Origin trait that provides AA, Stability and Handling passively.","","A","Altars of Sorrow Event on Moon","No"
"","Beloved","Sniper Rifle","Energy","Solar","Adaptive","Fluted Barrel
Arrowhead
Corkscrew","Ricochet
High-Caliber
Armor Piercing","Handling
Stability
Range","Snapshot Sights
No Distractions
Firmly Planted","Moving Target
Quickdraw
Incandescent","To Excess","40 Zoom
Double Handling perks.
Incandescent for AoE/DoT.","","A","Presage
Legacy Loot
Modifier Classic Collections: ON","Yes"
"","Bite of the Fox","Sniper Rifle","Kinetic","Kinetic","Aggressive","Fluted Barrel
Arrowhead
Corkscrew","Accurized
Steady","Handling
Stability
Range","Snapshots Sights
No Distractions
Firmly Planted
Slickdraw","Iron Gaze
Opening Shot
Moving Target
Vorpal Weapon","Skulking Wolf","43 Zoom
Skulking Wolf sniper.
Vorpal vs Supers.
Iron Gaze gives +20 AA","","B","Iron Banner / Saladin Vendor","No"
"","Conspiracy Honed","Sniper Rifle","Kinetic","Stasis","Dynamic (140RPM)","Fluted Barrel
Arrowhead
Corkscrew","Overclocked
Light Heatsink
Particle Repeater","Handling
Stability
Range","Delicate Tuning
Lone Wolf
Vorpal Weapon
Headstone
Snapshot Sights","Opening Shot
Moving Target
Firefly","Imperial Allegiance","40 Zoom
Functionally Rapid-Fire frame.
Vorpal vs. Supers
Headstone res block.
Double AA perks.
Double AoE perks via Headstone/Firefly","","S","Equilibrium Dungeon","No"
"","Critical Anomaly","Sniper Rifle","Kinetic","Stasis","Aggressive","Fluted Barrel
Arrowhead
Corkscrew","Accurized
Steady","Handling
Stability
Range","Opening Shot
Keep Away
Built to Blast
Chill Clip
Quickdraw","Snapshot Sights
Headstone
Explosive Payload","Collective Purpose","43 Zoom
Double Handling Perks.
Headstone res block.
Explosive Payload aggressive frame deals 71 splash dmg, which allows for significant around-cover chip.
Origin: Provides stacking Range & Handling near allies.
x1 = +5 R /+5 H
x2 = +7.5(?) R / 15
x3 = +? / +? (Upward scaling)","","A","Salvation's Edge Raid","Yes"
"","Defiance of Yasmin","Sniper Rifle","Kinetic","Kinetic","Adaptive","Fluted Barrel
Arrowhead
Corkscrew","Accurized
Steady","Handling
Stability
Range","Snapshot Sights
No Distractions
Firefly","Opening Shot
Moving Target
Vorpal Weapon","Runneth Over","40 Zoom
Vorpal vs. Supers.","","B","King's Fall Raid","Yes"
"","Embraced Identity","Sniper Rifle","Energy","Void","Adaptive","Fluted Barrel
Arrowhead
Corkscrew","Accurized
Steady","Handling
Stability
Range","Vorpal Weapon
Opening Shot
Withering Gaze","Moving Target
Elemental Capacitor
Box Breathing","Dealer's Choice","46 Zoom
Wither/Vorpal/Box vs Supers
Double AA perks.
INSANE Origin provides extra Super gen, bonus further increased when paired w/ other Dealer's Choice weapons.
This is extremely pertinent as this is a SPECIAL weapon, which means free bonus super gen in the backpack when paired w/ a Dealer's Choice Primary/Heavy.
Enhanced Dealer's Choice x1 = +0.6%(?), x2 = +2%(?), x3 = +5%(?)
Ace of Spades, Khvostov 7G-0X, and Still Hunt count as weapons for purpose of stacking Origin but do not benefit themselves (i.e., they do not generate bonus super gen on kills with those weapons specifically)","","S","Pale Heart Destination","Yes"
"","Eye of Sol","Sniper Rifle","Kinetic","Kinetic","Adaptive","Fluted Barrel
Arrowhead
Corkscrew","Ricochet
High-Caliber
Armor Piercing","Handling
Stability
Range","Lone Wolf
Moving Target
No Distractions","Opening Shot
Adhesive Ordnance
Closing Time
Snapshot Sights","Wild Card
Fleet Footed
Roar of Battle","45 Zoom
Double AA perks.
Adhesive Ordnance provides 3 ammo per brick.
Wild Card for res block/aoe.
Fleet Footed+Lone Wolf for AE.","","S","Trials of Osiris / Saint-14 Vendor","No"
"","Father's Sins","Sniper Rifle","Energy","Void","Rapid-Fire","Fluted Barrel
Arrowhead
Corkscrew","Accurized
Steady","Handling
Stability
Range","Lone Wolf
Under Pressure
No Distractions","Opening Shot
Eye of the Storm
Snapshot Sights
Withering Gaze","Psychohack","35 Zoom.
Double AA perks.
Wither for Primary clean-ups.","","S","Throne World Destination","Yes"
"","Frozen Orbit","Sniper Rifle","Energy","Void","Aggressive","Fluted Barrel
Arrowhead
Corkscrew","Accurized
Steady","Handling
Stability
Range","Lone Wolf
Moving Target
No Distractions","Opening Shot
Keep Away
Closing Time
Snapshot Sights
Vorpal Weapon","Roar of Battle
Accelerated Assault","50 Zoom.
Double AA perks.
Vorpal vs. Supers","","A","Crucible / Shaxx Vendor","No"
"","IKELOS_SR_v1.0.3","Sniper Rifle","Energy","Solar","Rapid-Fire","Fluted Barrel
Arrowhead
Corkscrew","Accurized
Seraph Rounds
Steady","Handling
Stability
Range","Moving Target
Perpetual Motion
Fragile Focus
No Distractions","Elemental Capacitor
Incandescent
Box Breathing
Under-Over","Rasputin's Arsenal","45 Zoom
Double Handling perks.
Box vs. Supers
Under-Over vs Overshields.
Incan for AoE/Burn.","","C","Operation: Seraph's Shield Legacy Loot
Modifier Classic Collections: ON","Yes"
"","Keen Thistle","Sniper Rifle","Energy","Solar","Aggressive","Fluted Barrel
Arrowhead
Corkscrew","Accurized
Steady","Handling
Stability
Range","Lone Wolf
Under Pressure
Snapshot Sights
Incandescent","Opening Shot
Moving Target
Closing Time
Vorpal Weapon","Roar of Battle
Fleet Footed
Häkke Breach Armaments","35 Zoom
Double AA perks.
Double Handling perks.
Vorpal vs. Supers
Incan for AoE/Burn.
Lone Wolf+Fleet Foot for AE","","S","Trials of Osiris / Saint-14 Vendor","No"
"","Last Foray","Sniper Rifle","Energy","Solar","Aggressive","Fluted Barrel
Arrowhead
Corkscrew","Accurized
Steady","Handling
Stability
Range","Moving Target
Keep Away
Discord
Quickdraw","Snapshot Sights
Explosive Payload
Incandescent","Veteran's Wisdom
Field-Tested","55 Zoom
Discord for Ammo.
Incan for AoE/Burn
Explosive Payload Aggressive for around-cover chip (71 dam).
Vet. Wisdom does small AoE dam & EXHAUSTS in a 9 meter area on activation.","","B","EDZ destination","No"
"","Locus Locutus","Sniper Rifle","Kinetic","Stasis","Adaptive","Fluted Barrel
Arrowhead
Corkscrew","Accurized
Steady","Handling
Stability
Range","Keep Away
Discord","Opening Shot
Headstone
Box Breathing
Under-Over","Head Rush","40 Zoom
Headstone res block.
Box vs. Supers.
Under-Over vs Overshields.
Discord for Ammo.","","A","Xur","Yes"
"","Mechabre","Sniper Rifle","Energy","Arc","Aggressive","Fluted Barrel
Arrowhead
Corkscrew","Accurized
Steady","Handling
Stability
Range","Lone Wolf
Keep Away
Snapshot Sights","Opening Shot
Closing Time
Discord
Vorpal Weapon
To The Pain","Search Party","45 Zoom
Double AA perks.
TRIPLE Handling Perks (Origin provides Handling/ADS Move Speed when no allies within 15 meters.)
Discord for Ammo.
Vorpal vs. Supers.","","S","Tenet of Bravery","No"
"","Mercurial Overreach","Sniper Rifle","Energy","Arc","Adaptive","Fluted Barrel
Arrowhead
Corkscrew","Ricochet
High-Caliber
Armor Piercing","Handling
Stability
Range","Lone Wolf
Keep Away
Discord
Snapshot Sights
No Distractions
Fragile Focus","Opening Shot
Moving Target
Closing Time
Elemental Capacitor
Vorpal Weapon
Box Breathing","None (Has access to stocks instead)","40 Zoom
Double AA perks.
Double Handling perks.
Discord for ammo.
Vorpal/Box vs. Supers.","","S","Comp / Shaxx Vendor","No"
"","Occluded Finality","Sniper Rifle","Energy","Arc","Aggressive","Fluted Barrel
Arrowhead
Corkscrew","Ricochet
High-Caliber
Armor Piercing","Handling
Stability
Range","Lone Wolf
Moving Target
Snapshot Sights
No Distractions","Opening Shot
Closing Time
Vorpal Weapon
Mulligan","Skulking Wolf","58 Zoom
Skulking Wolf sniper.
Double AA perks.
Double Handling perks.
Vorpal vs. Supers
Mulligan for ammo.","","S","Iron Banner / Saladin Vendor","No"
"","Omniscient Eye","Sniper Rifle","Energy","Solar","Rapid-Fire","Fluted Barrel
Arrowhead
Corkscrew","Accurized
Steady","Handling
Stability
Range","Lone Wolf
Elemental Capacitor
No Distractions
Mulligan","Opening Shots
Closing Time
Snapshot Sights
Vorpal Weapon
Box Breathing
Incandescent","Photoinhibition","40 Zoom
Origin does 16(?)% extra damage vs. Overshields & Woven Mail. NOT FROST ARMOR.
Double AA perks.
Double Handling perks.
Mulligan for ammo.
Vorpal/Box vs. Supers.
Incan for AoE/burn.","","S","Garden of Salvation Raid","Yes"
"","Praedyth's Revenge","Sniper Rifle","Kinetic","Kinetic","Rapid-Fire","Fluted Barrel
Arrowhead
Corkscrew","Accurized
Steady","Handling
Stability
Range","Snapshot
No Distractions
Kinetic Tremors
Discord","Opening Shot
Closing Time
Firefly","Timelost Magazine","49 Zoom
Extra super gen via Origin.
KT activates on 2 hits, for a guaranteed 2HKO.
Firefly for AoE.","","B","Vault of Glass Raid","Yes"
"","Sole Survivor","Sniper Rifle","Energy","Arc","Adaptive","Fluted Barrel
Arrowhead
Corkscrew","Ricochet
High-Caliber
Armor Piercing","Handling
Stability
Range","Snapshot Sights
Elemental Capacitor
","Eye of the Storm","Gun and Run","40 Zoom
","","D","Gambit / Drifter Vendor","No"
"","Something Something","Sniper Rifle","Kinetic","Kinetic","Aggressive","Fluted Barrel
Arrowhead
Corkscrew","Accurized
Steady","Handling
Stability
Range","Snapshot Sights
No Distractions
Discord","Adhesive Ordnance
Box Breathing","Accelerated Assault
Vanguard Determination","43 Zoom
Box vs. Supers.
Discord/Adhesive for Ammo.
Adhesive provides 3 ammo on pickup.","","S","Tenet of Bravery","No"
"","Succession (Deep Stone Crypt Raid Variant)","Sniper Rifle","Kinetic","Kinetic","Aggressive","Fluted Barrel
Arrowhead
Corkscrew","Accurized
Steady","Handling
Stability
Range","Moving Target
Firmly Planted
No Distractions
Slideways
Discord","Snapshot Sights
Thresh
Vorpal Weapon
Box Breathing","Bray Inheritance","50 Zoom
Vorpal/Box vs. Supers.
Thresh for Super gen.
Discord for ammo.","","C","Deep Stone Crypt Raid","Yes"
"","Tatara Gaze","Sniper Rifle","Energy","Arc","Aggressive","Fluted Barrel
Arrowhead
Corkscrew","Accurized
Steady","Handling
Stability
Range","Snapshot Sights
Quickdraw
Discord","Closing Time
Box Breathing","Forge's Kin","50 Zoom
Double Handling perks.
Box vs. Supers
Discord for ammo.","","C","Arena Ops / Zavala Vendor","No"
"","The Helmsman","Sniper Rifle","Energy","Arc","High-Impact","Fluted Barrel
Arrowhead
Corkscrew","Accurized
Steady","Handling
Stability
Range","Lone Wolf
Snapshot
Discord
Explosive Payload
No Distractions","Opening Shot
Closing Time
Gear Shift
Vorpal Weapon
Box Breathing","Roar of Battle
Field Tested
Accelerated Assault","25 Zoom. LOWEST ZOOM.
Unique Frame, NLB at home
Double AA perks.
Double Handling perks.
Vorpal/Box vs. Supers.
Discord for ammo.
Gearshift x1 body shot = 163, allowing 1c HC/Scout rifle clean ups.
Explosive Payload aggressive frame around-cover chip (71 dam).","","S","Crucible / Shaxx Vendor","No"
"","The Supremacy","Sniper Rifle","Kinetic","Kinetic","Rapid-Fire","Fluted Barrel
Arrowhead
Corkscrew","Ricochet
High-Caliber
Armor Piercing","Handling
Stability
Range","Lone Wolf
Keep Away
Snapshot Sights
Discord","Opening Shot
Closing Time
Elemental Capacitor
Kinetic Tremors
Vorpal Weapon","Explosive Pact","40 Zoom
Double AA perks.
Double Handling perks.
Tremors allow 2-shot bodyshot.
Vorpal vs. Supers.
Discord for ammo.","","S","Last Wish Raid","Yes"
"","Tranquility","Sniper Rifle","Kinetic","Kinetic","Adaptive","Fluted Barrel
Arrowhead
Corkscrew","Accurized
Steady","Handling
Stability
Range","Moving Target
Closing Time
No Distractions
Rampage","Snapshot Sights
Box Breathing
Elemental Honing","Loss","45 Zoom
Goofy 1 shot body shot via Rampage x3 + Ele Honing x5.
Box vs. Supers
INSANE Origin trait that provides AA, Stability and Handling passively.","","A","Moon Destination","No"
"","Trophy Hunter","Sniper Rifle","Energy","Void","Aggressive","Fluted Barrel
Arrowhead
Corkscrew","Accurized
Steady","Handling
Stability
Range","Lone Wolf
Dimensional Shift
Pulse Monitor","Snapshot Sights
Withering Gaze
Buttefly
Vorpal Weapon","Fail-deadly","50 Zoom
Double Handling perks.
Butterfly for AoE.
Withering for clean ups/Dimensional Shift pairing.
Vorpal vs. Supers.","","C","Nessus Destination","No"
"","Twilight Oath","Sniper Rifle","Energy","Solar","Rapid-Fire","Fluted Barrel
Arrowhead
Corkscrew","Accurized
Steady","Handling
Stability
Range","Opening Shot
Lone Wolf
No Distractions","Snapshot Sights
Vorpal Weapon
Box Breathing
Incandescent","Advanced Reflexes","35 Zoom
Double Handling perks.
Vorpal/Box vs. Supers.
Incan for AoE/burn.","","B","Dreaming City Destination","No"
"","Uzume RR4","Sniper Rifle","Energy","Solar","Adaptive","Fluted Barrel
Arrowhead
Corkscrew","Accurized
Steady","Handling
Stability
Range","Snapshot Sights
Discord","Vorpal Weapon
Incandescent
Explosive Payload","Omolon Fluid Dynamics
Vanguard Determination
Problem Solver","50 Zoom
Vorpal vs. Supers.
Incan for AoE/Burn.
Explosive Payload around-cover chip (62.5 dam)","","D","Vanguard / Zavala Vendor","No"
"","Volta Bracket","Sniper Rifle","Kinetic","Strand","Aggressive","Fluted Barrel
Arrowhead
Corkscrew","Accurized
Steady","Handling
Stability
Range","Keep Away
Firmly Planted","Opening Shot
Under Pressure
Eye of the Storm
Explosive Payload","Nanotech Tracer Missiles","50 Zoom
Explosive Payload aggressive frame around-cover chip (71 dam).","","C","Neptune Destination","No"
"","Refurbished A499","Sniper Rifle","Heavy","Kinetic","Disruption Weapon","Fluted
Arrowhead
Corkscrew","Accurized
Steady","Handling
Stability
Range","Lone Wolf
Moving Target
Snapshot Sights
No Distractions","Mulligan
Aggregate Charge
Box Breathing","Accelerated Assault
Air-Cooled Core","Heavy sniper.
Unique frame.
One shot body shot for 254 damage.
Mulligan for forgiveness.","","S","Lawless Frontier","No"
"","Naeem's Lance","Sniper Rifle","Kinetic","Strand","Rapid-Fire","Fluted Barrel
Arrowhead
Corkscrew","Accurized
Steady","Handling
Stability
Range","Elemental Capacitor","Opening Shot
Elemental Honing","Sundering","37 Zoom.
Weak Column 1 perks.","","C","Warlord's Ruin Dungeon","No"
"","Lance Ephemeral","Sniper Rifle","Kinetic","Strand","Rapid-Fire","Fluted Barrel
Arrowhead
Corkscrew","Accurized
Steady","Handling
Stability
Range","Snapshot Sights
Built To Blast","Closing Time
Elemental Honing","Frame of Reference","40 Zoom.
Double Handling perks.
Strong origin trait.
Provides extra damage, range, and reload speed. Buff pauses on stow, and timer only progresses while weapon is readied, allowing the buff to be ""backpacked"". 
Dmg buff: x1 = 1.45% / x2 = 2.8%  / x3 = 4.2% / x4 = 5.6% / x5 = 7%","","A","Desert Perpetual Raid","No"
"","Rapid Growth","Sniper Rifle","Energy","Arc","Rapid-Fire","Fluted Barrel
Arrowhead
Corkscrew","Accurized
Steady","Handling
Stability
Range","Keep Away
Snapshot Sights","Closing Time
Gear Shift
Binary Orbit","Dream Work
Hakke Breach Armaments","35 Zoom.
Double Handling perks.
Double accuracy.
Gear Shift for neutral damage buff.","","A","Tenet of Bravery","No"
"","Shoreline Dissident","Sniper Rifle","Energy","Void","Rapid-Fire","Fluted Barrel
Arrowhead
Corkscrew","Accurized
Steady","Handling
Stability
Range","Lone Wolf
Explosive Payload","Closing Time
","Bray Legacy","35 Zoom.
Double Handling perks.
Double AA perks.","","A","Tenet of Bravery","No"
"","Veleda-F","Sniper Rifle","Energy","Void","Aggressive","Fluted Barrel
Arrowhead
Corkscrew","Accurized
Steady","Handling
Stability
Range","Lone Wolf
Snapshot Sights
No Distractions","Opening Shot
Closing Time
Withering Gaze
Vorpal Weapon","Hakke Breach Armaments","47 Zoom.
Double AA perks.
Double Handling perks.
Withering for cleanups on body shots.
Vorpal vs. Supers.","","A","Gunsmith Legacy Focusing","No"
"","Sovereignty","Sniper Rifle","Energy","Void","Adaptive","Fluted Barrel
Arrowhead
Corkscrew","Accurized
Steady","Handling
Stability
Range","Discord
Explosive Payload
No Distractions","Withering Gaze
Box Breathing","Dark Ether Reaper","45 Zoom.
Origin has basically 0 value in PvP.
Discord Sniper.
Withering Gaze for primary clean ups on body shots.
Box Breathing vs. Supers.","","C","Xur","No"
"","The Domino","Sniper Rifle","Energy","Solar","Adaptive","Fluted Barrel
Arrowhead
Corkscrew","Accurized
Steady","Handling
Stability
Range","Slideways
Pulse Monitor","Opening Shot
Moving Target
Mulligan","Nadir Focus","45 Zoom.
Mid Column 1 traits.","","C","Gunsmith Legacy Focusing","No"
"","Luna Regolith III","Sniper Rifle","Energy","Solar","Aggressive","Fluted Barrel
Arrowhead
Corkscrew","Accurized
Steady","Handling
Stability
Range","Under Pressure
Snapshot Sights
Quickdraw","Opening Shot
Moving Target
Eye of the Storm","Wild Card
Vanguard's Vindication","43 Zoom.
Good traits.
Double AA/Accuracy perks.
Wild Card prevents res for a short time/provides AoE.","","B","Vanguard / Zavala Vendor","No"
"","Persuader","Sniper Rifle","Energy","Void","Rapid-Fire","Fluted Barrel
Arrowhead
Corkscrew","Accurized
Steady","Handling
Stability
Range","Keep Away
Discord","Opening Shot
Moving Target","Nadir Focus
Vanguard's Vindication","35 Zoom.
Double AA perks.
Discord sniper.","","B","Xur","No"
"","Sherpard's Watch","Sniper Rifle","Kinetic","Kinetic","Adaptive","Fluted Barrel
Arrowhead
Corkscrew","Accurized
Steady","Handling
Stability
Range","Moving Target
Under Pressure
No Distractions","Opening Shot
Snapshot","None","50 Zoom.
Double AA perks.","","A","Xur / Dares of Eternity Loot Pool","No"
"","Albruna-D","Sniper Rifle","Energy","Arc","Aggressive","Fluted Barrel
Arrowhead
Corkscrew","Accurized
Steady","Handling
Stability
Range","Moving Target
No Distractions
Elemental Capacitor","Opening Shot
Eye of the Storm
Snapshot Sights
Vorpal Weapon","Gun and Run
Hakke Breach Armaments","45 Zoom.
Double AA perks.","","A","Gambit / Drifter Vendor","No"
"","Gallu RR3","Sniper Rifle","Energy","Arc","Adaptive","Fluted Barrel
Arrowhead
Corkscrew","Accurized
Steady","Handling
Stability
Range","No Distractions","Snapshot Sights","Omolon Fluid Dynamics","40 Zoom.
Mid perks.","","C","Gunsmith Legacy Focusing","No"
"","Irukandji","Sniper Rifle","Kinetic","Stasis","Rapid-Fire","Fluted Barrel
Arrowhead
Corkscrew","Accurized
Steady","Handling
Stability
Range","Under Pressure
Keep Away","Opening Shot
Eye of the Storm
Headstone","Veist Stinger","40 Zoom.
Double AA Perks.","","A","Gunsmith Legacy Focusing","No"
"","Thoughtless","Sniper Rifle","Kinetic","Stasis","Adaptive","Fluted Barrel
Arrowhead
Corkscrew","Accurized
Steady","Handling
Stability
Range","Firmly Planted
Perpetual Motion","Snapshot Sights
Quickdraw
Headstone","Land Tank","46 Zoom.
Mid perks.","","B","Vox Obscura
Legacy Loot
Classic Collections Modifier: ON","Yes"
"","Silicon Neuroma","Sniper Rifle","Kinetic","Kinetic","Aggressive","Fluted Barrel
Arrowhead
Corkscrew","Ricochet
High-Caliber
Armor Piercing","Handling
Stability
Range","Snapshot Sights
Firmly Planted
Perpetual Motion","Opening Shot
Frenzy","Vanguard's Vindication
Stunning Recovery","43 Zoom.
Decent perks. Mid origin traits.","","B","Xur","No"
"","Fugue-55","Sniper Rifle","Energy","Void","Adaptive","Fluted Barrel
Arrowhead
Corkscrew","Accurized
Steady","Handling
Stability
Range","No Distractions","Moving Target
Snapshot Sights
Box Breathing
Vorpal Weapon","Suros Synergy","50 Zoom.
Mid Column 1 perks.","","C","Gunsmith Legacy Focusing","No"
"","Far Future","Sniper Rifle","Energy","Solar","Adaptive","Fluted Barrel
Arrowhead
Corkscrew","Accurized
Steady","Handling
Stability
Range","Moving Target
Quickdraw
Slideshot","Opening Shot
Frenzy
Thresh","None","45 Zoom.
Double AA perks.
Thresh for super gen.","","A","Xur / Dares of Eternity Loot Pool","No"
"","Revoker","Sniper Rifle","Kinetic","Kinetic","Aggressive","Extended Barrel","Accurized","Handling","Snapshot Sights","Reversal of Fortune","None","35 Zoom.
Curated Roll.
Only weapon in-game w/ Reversal of Fortune perk.
Reversal provides a GUARANTEED 1 bullet refund after missing 2 shots (i.e. no damage dealt) after a brief period.","","A","Monument of Lost Lights","No"
"","Long Shadow","Sniper Rifle","Kinetic","Kinetic","Adaptive","ATC Rex
ATA Scout
ATD Raptor
ATB Long Range","Accurized","Handling
Stability
Range","Snapshot Sights
Firmly Planted
Hipfire Grip","Moving Target
Explosive Payload","None","Has Scopes instead of barrels.
50 Zoom, 51 Zoom, 52 Zoom, or 56 zoom.
One of the few remaining Variable Zoom snipers available in-game.
No Origin trait.","","A","Dares of Eternity Loot Pool","No"
"","Fate Cries Foul","Sniper Rifle","Energy","Void","Adaptive","Zoom 10 Point
Zoom 30 Focus","Ricochet
High-Caliber
Armor Piercing","Handling
Stability
Range","Snapshot Sights
Firmly Planted
Hipfire Grip","Moving Target
Dragonfly","None","Has Scopes instead of barrels.
50 Zoom or 70 Zoom.
One of the few remaining Variable Zoom snipers in-game.
One zoom is VERY high, at 70 zoom, making it the highest of any in-game.
No Origin trait.","","B","Unobtainable","No"
"","Succession (Onslaught Variant)","Sniper Rifle","Kinetic","Kinetic","Aggressive","Fluted Barrel
Arrowhead
Corkscrew","Accurized
Steady","Handling
Stability
Range","Moving Target
No Distractions
Harmony","Snapshot Sights
Recombination
Vorpal Weapon","Indomitability","50 Zoom.
Funny 1 shot body shot sniper via Harmony + Recombination x7.","","B","Onslaught","No"
"","Distant Tumulus","Sniper Rifle","Energy","Solar","Rapid-Fire","Fluted Barrel
Arrowhead
Corkscrew","Accurized
Steady","Handling
Stability
Range","Pulse Monitor
Dragonfly","Opening Shot
Snapshot Sights
Quickdraw","None","45 Zoom.
Weak Column 1 perks.","","C","Xur / Dares of Eternity Loot Pool","No"
"","The Long Walk","Sniper Rifle","Energy","Solar","Aggressive","Fluted Barrel
Arrowhead
Corkscrew","Ricochet
High-Caliber
Armor Piercing","Handling
Stability
Range","Slideshot
Ensemble
Killing Wind","Moving Target
Snapshot Sights
Quickdraw","None","50 Zoom.
Weak Column 1 perks.","","C","Unobtainable (Previously Prophecy Dungeon)","No"
"","The Long Goodbye","Sniper Rifle","Energy","Arc","Adaptive","Fluted Barrel
Arrowhead
Corkscrew","Ricochet
High-Caliber
Armor Piercing","Handling
Stability
Range","Snapshot Sights
Rangefinder
Firmly Planted","Dragonfly","None","40 Zoom.
Mid perks.","","D","Unobtainable","No"
"","Dreaded Venture","Sniper Rifle","Kinetic","Kinetic","Aggressive","Fluted Barrel
Arrowhead
Corkscrew","Accurized
Steady","Handling
Stability
Range","Explosive Payload","Firmly Planted
Hipfire Grip","None","45 Zoom.
Mid perks.","","D","Xur / Dares of Eternity Loot Pool","No"
"","Empty Vessel","Special GL","Energy","Solar","Lightweight","Quick Launch
Smart Drift
Linear Comp","Spike
High-Velocity
Black Powder
","Velocity
Handling
Blast Radius","Threat Detector
Quickdraw
Genesis","Disruption Break
Swashbuckler
Vorpal Weapon","Vanguard Determination
Field-Tested","Lightweight/Movement
Disruption Break for Team Play.
Vorpal vs. Supers","","A","Vanguard / Zavala Vendor","No"
"","Wilderflight","Special GL","Energy","Void","Double Fire","Quick Launch
Smart Drift
Linear Comp","Spike
High-Velocity
Black Powder","Velocity
Handling
Blast Radius","Ambitious Assassin
Repulsor Brace
Blast Distributor","Elemental Honing
Aggregate Charge
Destabilizing Rounds","Tex Balanced Stock","Double fire. 
Bad frame due to split damage instances/shot spread.","","D","Spire of the Watcher Dungeon","No"
"","Tusk of the Boar","Special GL","Kinetic","Strand","Wave","Volatile Launch
Confined Launch
Linear Comp","High-Velocity
Implosion Rounds
Proximity","Blast Radius
Velocity
Handling","Slice
Slideways
Envious Assassin","Chain Reaction
Swashbuckler
Vorpal Weapon","Skulking Wolf
Field-Tested","Wave frame.
Good for swap-clean ups/multiple targets.
Slice & Skulking Wolf.
Vorpal vs. Supers","","S","Iron Banner / Saladin Vendor","No"
"","Salvager's Salvo","Special GL","Energy","Arc","Lightweight","Quick Launch
Smart Drift
Linear Comp","Spike
High-Velocity
Black Powder","Velocity
Handling
Blast Radius","Chain Reaction
Demolitionist
Ambitious Assassin","Gear Shift
Collection Action
Vorpal Weapon","Vanguard Determination
Problem Solver","Lightweight/Movement
Neutral damage buffs allow for easier 1 shots.
Chain Reaction column 1 for extra AoE/Splash on kill.","","A","Vanguard / Pinnacle Ops / Zavala Vendor","No"
"","Lingering Dread","Special GL","Kinetic","Stasis","Lightweight","Quick Launch
Smart Drift
Linear Comp","Spike
High-Velocity
Black Powder","Velocity
Handling
Blast Radius","Ambitious Assassin
Demolitionist
Discord","Chill Clip
Chain Reaction
Rampage","Bitterspite","Lightweight/Movement
Discord.
Chill Clip slows targets who survive impact, allowing easier clean ups.","","B","Duality Dungeon","No"
"","Psychopomp","Special GL","Energy","Arc","Area Denial","Quick Launch
Smart Drift
Linear Comp","High-Velocity
Implosion Rounds
Proximity","Velocity
Handling
Reload Speed","Envious Assassin
Demolitionist
Blast Distributor","Gear Shift
Elemental Honing
Aggregate Charge","Heretical Behavior
Willing Vessel
","Area denial frame.
Bad for general combat, good for point control.
Neutral damage buffs allow for higher damage.","","C","Pit of Heresy Dungeon","No"
"","Lost Signal","Special GL","Kinetic","Stasis","Area Denial","Quick Launch
Smart Drift
Linear Comp","High-Velocity
Implosion Rounds
Proximity","Velocity
Handling
Reload Speed","Quickdraw
Threat Detector
Auto-Loading Holster","Demolitionist
Vorpal Weapon
One For All","Radiolaria Transposer","Area denial frame.
Bad for general combat, good for point control.
Vorpal vs. Supers (Well Specifically)","","D","Encore Exotic Mission 
Classic Collections Modifier: ON","No"
"","VS Velocity Baton","Special GL","Energy","Void","Area Denial","Quick Launch
Smart Drift
Linear Comp","High-Velocity
Implosion Rounds
Proximity","Velocity
Handling
Reload Speed","Dimensional Shift
Repulsor Brace
Demolitionist
Reconstruction","Elemental Honing
Frenzy
Chain Reaction
Destabilizing Rounds","Bray Legacy","Area denial frame.
Bad for general combat, good for point control.
Chain Reaction for extra AoE.
Neutral damage buffs allow for higher damage.","","C","Vesper's Host Dungeon","No"
"","Ouster Engine","Special GL","Kinetic","Stasis","Area Denial","Quick Launch
Smart Drift
Linear Comp","High-Velocity
Implosion Rounds
Proximity","Velocity
Handling
Reload Speed","Envious Assassin
Auto-Loading Holster
Blast Distributor","Chaos Reshaped
Aggregate Charge
Chain Reaction
Vorpal Weapon","Vanguard Determination
Suros Synergy
Problem Solver","Area denial frame.
Bad for general combat, good for point control.
Neutral damage buffs allow for higher damage.
Chain Reaction for extra AoE.","","B","Vanguard / Pinnacle Ops / Zavala Vendor","No"
"","New Pacific Epitaph","Special GL","Kinetic","Stasis","Wave","Volatile Launch
Confined Launch
Linear Comp","High-Velocity
Implosion Rounds
Proximity","Blast Radius
Velocity
Handling","Chain Reaction
Demolitionist
Unrelenting","Kill Clip
Sword Logic","Restoration Ritual","Wave frame.
Good for swap-clean ups/multiple targets.
Chain Reaction for extra AoE.
Column 2 perks are only on-kill perks, hurting its use.","","C","Ghosts of the Deep Dungeon","No"
"","Forbearance (Onslaught Variant)","Special GL","Energy","Arc","Wave","Volatile Launch
Confined Launch
Linear Comp","High-Velocity
Implosion Rounds
Proximity","Blast Radius
Velocity
Handling","Ambitious Assassin
Demolitionist
Overflow","Frenzy
Chain Reaction
Desperate Measures","Indomitability","Wave frame.
Good for swap-clean ups/multiple targets.
Chain Reaction for extra AoE.","","C","Onslaught","No"
"","Forbearance (Vow of the Disciple Variant)","Special GL","Energy","Arc","Wave","Volatile Launch
Confined Launch
Linear Comp","High-Velocity
Implosion Rounds
Proximity","Blast Radius
Velocity
Handling","Ambitious Assassin
Demolitionist
Genesis","Gear Shift
Frenzy
Chain Reaction
Golden Tricorn","Souldrinker","Wave frame.
Good for swap-clean ups/multiple targets.
Neutral damage buffs allow for higher damage.
Chain Reaction for AoE.
Origin has high uptime on this weapon type.","","B","Vow of the Disciple Raid","Yes"
"","Liturgy","Special GL","Kinetic","Stasis","Double Fire","Quick Launch
Smart Drift
Linear Comp","Spike
High-Velocity
Black Powder","Velocity
Handling
Blast Radius","Slideways
Quickdraw
Perpetual Motion","Chill Clip
Chain Reaction
Swashbuckler
Desperate Measures
Harmony","Dark Ether Reaper","Double fire. 
Bad frame due to split damage instances/shot spread.
Chill Clip slows targets, allowing for easy clean-ups.
Chain Reaction for AoE.
Origin is either non-functional in PvP or very rare to appear.","","C","World Drops / Gunsmith Vendor","No"
"","Wild Style","Special GL","Energy","Solar","Double Fire","Quick Launch
Smart Drift
Linear Comp","Spike
High-Velocity
Black Powder","Velocity
Handling
Blast Radius","Reconstruction
Envious Assassin","Surrounded
Incandescent
Vorpal Weapon","Vanguard Determination
Tex Balanced Stock
Problem Solver","Double fire. 
Bad frame due to split damage instances/shot spread.","","C","Vanguard / Zavala Vendor","No"
"","The Mountaintop (Onslaught Variant)","Special GL","Kinetic","Kinetic","Micro-Missile","Quick Launch
Smart Drift
Linear Comp","Spike
High-Velocity
Implosion","Velocity
Handling
Blast Radius","Impulse Amplifier
Demolitionist
Overflow
Auto-Loading Holster","Elemental Honing
All Star
Recombination
Frenzy
Vorpal Weapon","Indomitability","Micro-Missile frame.
Functionally lightweight frame, but with a straight line trajectory shot instead of arcing grenades.
Good for direct shots.
Best-in-Class.
Impulse Amplifier on Missile frame, neutral damage perks, and useful Origin.","","S","Onslaught","No"
"","The Mountaintop (Crucible Original Variant)","Special GL","Kinetic","Kinetic","Micro-Missile","Hard Launch
Volatile Launch","Spike
Sticky","Velocity","Rangefinder","Rampage","None","Micro-Missile frame.
Functionally lightweight frame, but with a straight line trajectory shot instead of arcing grenades.
Good for direct shots.
Inferior version of the Onslaught variant.
Rangefinder provides a smaller missile velocity increase than Impulse Amplifier and requires ADS to activate.","","A","Monument of Lost Lights / Collections","No"
"","Permafrost","Special GL","Kinetic","Stasis","Wave","Volatile Launch
Confined Launch
Linear Comp","High-Velocity
Implosion Rounds
Proximity","Blast Radius
Velocity
Handling","Demolitionist
Overflow
Blast Distributor","Desperate Measures
Adrenaline Junkie","Field-Tested
Dawning Surprise","Wave frame.
Good for swap-clean ups/multiple targets.","","C","Tenet of Bravery","No"
"","Romantic Death","Special GL","Energy","Void","Wave","Volatile Launch
Confined Launch
Linear Comp","High-Velocity
Implosion Rounds
Proximity","Blast Radius
Velocity
Handling","Reverberation
Blast Distributor
Threat Detector
Repulsor Brace","Impulse Amplifier
Aggregate Charge
Surrounded
Chain Reaction
Destabilizing Rounds","Tenacity","Wave frame.
Good for swap-clean ups/multiple targets.
Impulse Amplifier Wave frame.
Neutral damage perks allow for easier kills.","","B","Tenet of Bravery","No"
"","Gizmo Weft","Special GL","Kinetic","Strand","Micro-Missile","Quick Launch
Smart Drift
Linear Comp","Spike
High-Velocity
Implosion","Velocity
Handling
Blast Radius","Slice
Slideshot
Reverberation
Blast Distributor","Elemental Honing
Aggregate Charge
Chain Reaction","Contending Cascade
Hakke Breach Armaments","Micro-Missile frame.
Functionally lightweight frame, but with a straight line trajectory shot instead of arcing grenades.
Good for direct shots.
Lacks Impulse Amplifier, but has Slice + Aggregate Charge combo for easy neutral damage buff.
Contending Cascade Origin is hard to stack on this weapon type.","","A","Tenet of Bravery","No"
"","Motif-41","Special GL","Energy","Solar","Area Denial","Quick Launch
Smart Drift
Linear Comp","High-Velocity
Implosion Rounds
Proximity","Velocity
Handling
Reload Speed","Impulse Amplifier
Threat Detector
Auto-loading Holster","Master of Arms
Binary Orbit
Demolitionist
Vorpal Weapon
Incandescent","Suros Synergy","Area denial frame.
Bad for general combat, good for point control.
Impulse Amplifier Area Denial frame.
Primary-swap damage perks.","","C","Tenet of Bravery","No"
"","Festival Flight","Special GL","Kinetic","Strand","Area Denial","Quick Launch
Smart Drift
Linear Comp","High-Velocity
Implosion Rounds
Proximity","Velocity
Handling
Reload Speed","Slice
Blast Distributor
Demolitionist
Ambitious Assassin","Elemental Honing
Binary Orbit
Frenzy
Vorpal Weapon","Suros Synergy
Dream Work","Area denial frame.
Bad for general combat, good for point control.
Slice. Vorpal vs. Supers.
Neutral damage perks allow for higher damage output.","","B","Tenet of Bravery","No"
"","Martyr's Retribution","Special GL","Energy","Solar","Wave","Volatile Launch
Confined Launch
Linear Comp","High-Velocity
Implosion Rounds
Proximity","Blast Radius
Velocity
Handling","Heal Clip
Demolitionist
Envious Assasin
Threat Detector
Auto-loading Holster","Kill Clip
Desperate Measures
Adrenaline Junkie
Vorpal Weapon
Incandescent","Cast No Shadows","Wave frame.
Good for swap-clean ups/multiple targets.
Vorpal vs. Supers","","C","Xur","No"
"","Undercurrent","Special GL","Energy","Arc","Wave","Volatile Launch
Confined Launch
Linear Comp","High-Velocity
Implosion Rounds
Proximity","Blast Radius
Velocity
Handling","Demolitionist
Ambitious Assasin","Adrenaline Junkie
High Ground","Vanguard's Vindication
Stunning Recovery","Wave frame.
Good for swap-clean ups/multiple targets.
Weak perks overall.","","C","Tenet of Bravery / Zavala Vendor","No"
"","Theodolite","Special GL","Energy","Arc","Micro-Missile","Quick Launch
Smart Drift
Linear Comp","Spike
High-Velocity
Implosion","Velocity
Handling
Blast Radius","Reverberation
Blast Distributor
Reconstruction","Elemental Honing
Binary Orbit
Frenzy","Vanguard Determination
Field Tested
Problem Solver","Micro-Missile frame.
Functionally lightweight frame, but with a straight line trajectory shot instead of arcing grenades.
Good for direct shots.
Lacks Impulse Amplifier. Binary Orbit makes primary-swap kills easier.","","B","Xur","No"
"","Ignition Code","Special GL","Kinetic","Kinetic","Lightweight","Quick Launch
Smart Drift
Linear Comp","Spike
High-Velocity
Black Powder","Velocity
Handling
Blast Radius","Slideshot
Ambitious Assassin","Harmony
Frenzy
Reverberation
High Ground
Vorpal Weapon","Splicer Surge","Lightweight/Movement
Good frame, good perks, good Origin.
All around solid pick.","","A","Xur / Kell's Fall Legacy Loot Classic Collections Modifier: ON","No"
"","Truthteller","Special GL","Energy","Void","Lightweight","Quick Launch
Smart Drift
Linear Comp","Spike
High-Velocity
Black Powder","Velocity
Handling
Blast Radius","Moving Target
Elemental Capacitor
Enlightened Action","Disruption Break
Harmony
Collective Action
Threat Detector","Field Tested","Lightweight/Movement
Good frame, good perks, good Origin.
Disruption Break for team play/primary clean ups.","","S","Gunsmith Legacy Focusing","No"
"","Harsh Language","Special GL","Energy","Void","Wave","Volatile Launch
Confined Launch
Linear Comp","High-Velocity
Implosion Rounds
Proximity","Blast Radius
Velocity
Handling","Envious Assassin
Threat Detector
Field Prep","Disruption Break
Golden Tricorn
Adrenaline Junkie","Field-Tested","Wave frame.
Good for swap-clean ups/multiple targets.
Disruption Break for team play/primary clean ups.
Extra ammo gen via Field Prep.","","S","Gunsmith Legacy Focusing","No"
"","Pardon Our Dust","Special GL","Kinetic","Kinetic","Lightweight","Quick Launch
Smart Drift
Linear Comp","Spike
High-Velocity
Black Powder","Velocity
Handling
Blast Radius","Ambitious Assassin
Pulse Monitor
Perpetual Motion","Demolitionist
Rampage
Adrenaline Junkie
Vorpal Weapon","Hot Swap","Lightweight/Movement
Good frame, mid perks, good Origin.
Vorpal vs. Supers.","","B","Dares of Eternity","Yes"
"","The Militia's Birthright","Special GL","Kinetic","Kinetic","Lightweight","Quick Launch
Smart Drift
Linear Comp","Spike
High-Velocity
Black Powder","Velocity
Handling
Blast Radius","Slideways
Ambitious Assassin
Thresh","Swashbuckler
Frenzy
Under-over","Vanguard's Vindication
Field-Tested
Stunning Recovery","Lightweight/Movement
Swashbuckler enables easier 1HKOs.
Thresh for super gen. Under-Over vs. overshields.","","B","Xur / Unobtainable(??)","No"
"","Explosive Personality","Special GL","Energy","Solar","Wave","Volatile Launch
Confined Launch
Linear Comp","High-Velocity
Implosion Rounds
Proximity","Blast Radius
Velocity
Handling","Threat Detector
Genesis","Disruption Break
Frenzy
Golden Tricorn","Land Tank","Wave frame.
Good for swap-clean ups/multiple targets.
Disruption Break for primary-swap kills & team play.","","S","Vox Obscura
Legacy Loot
Classic Collections Modifier: ON","Yes"
"","Prodigal Return","Special GL","Energy","Arc","Lightweight","Quick Launch
Smart Drift
Linear Comp","Spike
High-Velocity
Black Powder","Velocity
Handling
Blast Radius","Envious Assassin
Threat Detector
Field Prep
Thresh","Disruption Break
Harmony
Adrenaline Junkie
Rampage
Demolitionist","Noble Deeds","Lightweight/Movement
Good frame, good perks, good Origin.
Disruption Break for team play/primary clean ups.","","A","//node.ovrd.AVALON//
Legacy Loot
Classic Collections Modifier: ON","Yes"
"","Deafening Whisper","Special GL","Energy","Void","Wave","Volatile Launch
Confined Launch
Linear Comp","High-Velocity
Implosion Rounds
Proximity","Blast Radius
Velocity
Handling","Moving Target
Ambition Assassin
Pulse Monitor","Threat Detector
Rampage
Auto-loading Holster","None","Wave frame.
Good for swap-clean ups/multiple targets.","","C","Xur","No"
"","Orewing's Maul","Special GL","Energy","Void","Lightweight","Quick Launch
Smart Drift
Linear Comp","Spike
High-Velocity
Black Powder","Velocity
Handling
Blast Radius","Quickdraw
Threat Detector
Field Prep","Rangefinder
Moving Target
Demolitionist","None","Lightweight/Movement
Rangefinder increases velocity when fired while ADS.","","B","Unobtainable (Iron Banner Discontinued)","No"
"","Abide the Return","Sword","Heavy","Solar","Adaptive","Jagged Edge","Swordmaster Guard
Heavy Guard","Impact","Tireless Blade","Eager Edge","Advanced Reflexes","Ammo refund via Tireless Blade.","","S","Dreaming City Destination","No"
"","Falling Guillotine","Sword","Heavy","Void","Vortex","Jagged Edge","Swordmaster Guard
Heavy Guard","Impact","Vorpal Weapon
Chain Reaction","Eager Edge","Indomitability","Vorpal Weapon.
AoE via Chain Reaction.","","A","Onslaught","No"
"","False Idols","Sword","Heavy","Solar","Vortex","Jagged Edge","Swordmaster Guard
Heavy Guard","Impact","Eager Edge","Vorpal
Chain Reaction","Dealer's Choice","Vortex Frame.
Use Eager-Light Attacks until 1 ammo, then use Eager-Heavy Attack against a group for most efficient ammo use.
Vorpal Weapon.
INSANE Origin provides extra Super gen, bonus further increased when paired w/ other Dealer's Choice weapons.
This is extremely pertinent as this is a HEAVY weapon, which means free bonus super gen in the backpack when paired w/ a Dealer's Choice Primary/Special.
Enhanced Dealer's Choice x1 = +0.6%(?), x2 = +2%(?), x3 = +5%(?)
Ace of Spades, Khvostov 7G-0X, and Still Hunt count as weapons for purpose of stacking Origin but do not benefit themselves (i.e., they do not generate bonus super gen on kills with those weapons specifically)","","S","Pale Heart Destination","Yes"
"","Half-Truths","Sword","Heavy","Arc","Adaptive","Jagged Edge","Swordmaster Guard
Heavy Guard","Impact","Tireless Blade
Thresh","Eager Edge","Hot Swap","Extremely efficient sword.
Eager + Tireless
INSANE Origin grants +100 Charge Rate, +100 Guard Resist, +100 Guard Endurance for 4 SECONDS on weapon ready after taking any damage.
Ammo refund via Tireless Blade.
Thresh for Super gen.","","S","Dares of Eternity / Xur's Treasure Hoard","Yes"
"","Hardline Cut","Sword","Heavy","Arc","Adaptive","Jagged Edge","Swordmaster Guard
Heavy Guard","Impact","Tireless Blade","Eager Edge
Vorpal Weapon
Chain Reaction","Nail, Meet Hammer","Ammo via Tireless.
Vorpal Weapon.
AoE via Chain React.","","A","Monument of Triumph","No"
"","Nasreddin (Monument of Triumph Variant)","Sword","Heavy","Arc","Lightweight","Jagged Edge","Swordmaster Guard
Heavy Guard","Impact","Tireless Blade","Eager Edge","Veteran's Wisdom
Field-Tested","Lightweight/Movement.
Ammo refund via Tireless Blade.","","S","EDZ Destination","No"
"","Sullen Claw","Sword","Heavy","Void","Lightweight","Jagged Edge","Swordmaster Guard
Heavy Guard","Impact","Eager Edge
Vorpal Weapon","Assassin's Blade
Destabilizing Rounds","Imperial Allegiance","Lightweight/Movement.
Unable to pair Eager Edge w/ Vorpal or ammo refund perks, which makes its placement lower.","","B","Equilibrium Dungeon","No"
"","Summum Bonum","Sword","Heavy","Arc","Wave Sword","Jagged Edge","Swordmaster Guard
Heavy Guard","Impact","Tireless Blade","Chain Reaction
Vorpal Weapon
Chaos Reshaped","Collective Purpose","Wave for AoE.
Vorpal Weapon vs Supers.
No Eager Edge makes this a strictly worse Synanceia.
Tireless Blade for ammo refund/uptime.","","C","Salvation's Edge","Yes"
"","Synanceia","Sword","Heavy","Solar","Wave Sword","Jagged Edge","Swordmaster Guard
Heavy Guard","Impact","Assassin's Blade
Wellspring","Eager Edge
Chain Reaction","Tenacity","Only Wave frame w/ Eager Edge.
Eager-Light Attack until 1 ammo, then use Wave-Heavy Attack -> Mid-air Light Attack vs group for most effective ammo use.
Alternatively, use Heavy Wave-Air Light Combo Twice against two groups.
Only weakness is no ammo refund perks.","","S","Monument of Triumph","No"
"","Terciopelo-4bl","Sword","Heavy","Solar","Lightweight","Jagged Edge","Swordmaster Guard
Heavy Guard","Impact","Eager Edge
Tilting at Windmills","Incandescent
En Garde
Chaos Reshaped","Featherweight
Veist Stinger","Lightweight/Movement.
Splash via Incandescent.
Unable to pair Eager Edge w/ Vorpal or ammo refund perks, which makes its placement lower.","","A","Sparrow Racing","No"
"","The Other Half","Sword","Heavy","Void","Adaptive","Jagged Edge","Swordmaster Guard
Heavy Guard","Impact","Eager Edge","Vorpal Weapon
Surrounded","Hot Swap","Vorpal Weapon vs Supers.
INSANE Origin grants +100 Charge Rate, +100 Guard Resist, +100 Guard Endurance for 4 SECONDS on weapon ready after taking any damage.","","A","Dares of Eternity / Xur's Treasure Hoard","Yes"
"","The Slammer","Sword","Heavy","Stasis","Vortex","Jagged Edge","Swordmaster Guard
Heavy Guard","Impact","Eager Edge
Chain Reaction","Cold Steel
Chaos Reshaped","Accelerated Assault
Vanguard Determination
Problem Solver","Cold Steel for Slow.
Chain Reaction for AoE.","","C","Vanguard Ops","No"
"","Hero of Ages","Sword","Heavy","Arc","Aggressive","Jagged Edge","Swordmaster Guard
Heavy Guard","Impact","Impromptu Ammunition","Assassin's Blade
Chain Reaction
Elemental Honing","Unburied Treasure","Origin provides essentially free Eager Edge.
No other Aggressive frame sword has access to Eager Edge, so this is notable.","","S","Grasp of Avarice Dungeon","No"
"","Chivalric Fire","Sword","Heavy","Void","Caster","Jagged Edge","Swordmaster Guard
Heavy Guard","Impact","Tilting at Windmills
Repulsor Brace","Eager Edge","Vanguard Determination","Caster Frame
Ranged attack via Heavy Attack.","","S","Vanguard Solo Ops / Zavala Vendor","No"
"","Stryker's Surehand","Sword","Heavy","Void","Aggressive","Jagged Edge","Swordmaster Guard
Heavy Guard","Impact","Tireless Blade
Assassin's Blade
Duelist's Trance","Impromptu Ammunition","Forge's Kin","Bad frame, bad perks.","","D","Arena Ops / Zavala Vendor","No"
"","Dragoncult Sickle","Sword","Heavy","Strand","Caster","Jagged Edge","Swordmaster Guard
Heavy Guard","Impact","Eager Edge
Tireless Blade
Impromptu Ammunition","Chain Reaction
Elemental Honing
Sword Logic","Sundering","Caster Frame
Ranged attack via Heavy Attack
Chain Reaction for AoE","","S","Warlord's Ruin Dungeon","No"
"","Abyssal Edge","Sword","Heavy","Strand","Wave Sword","Jagged Edge","Swordmaster Guard
Heavy Guard","Impact","Tireless Blade
Valiant Charge","Elemental Honing
En Garde","Willing Vessel
Runneth Over","Wave Frame
Light Attack until 1 ammo, then use Wave-Heavy Attack -> Mid-air Light Attack vs group for most effective ammo use.
No Eager Edge, has Valiant Charge as a weaker alternative.","","B","Gunsmith Vendor Focusing / Xur","No"
"","Night Terror","Sword","Heavy","Arc","Caster","Jagged Edge","Swordmaster Guard
Heavy Guard","Impact","Eager Edge
Assassin's Blade","Gear Shift
Elemental Honing","Loss","Caster Frame
Range attack via Heavy Attack","","S","Moon Destination","No"
"","Sola's Scar","Sword","Heavy","Solar","Caster","Jagged Edge","Swordmaster Guard
Heavy Guard","Impact","Eager Edge
Tireless Blade","Chain Reaction
Assassin's Blade
Vorpal Weapon","Fleet Footed
Roar of Battle","Caster Frame
Ranged attack via Heavy Attack
Chain Reaction for AoE","","S","Trials of Osiris","No"
"","Zephyr","Sword","Heavy","Stasis","Adaptive","Jagged Edge","Swordmaster Guard
Heavy Guard","Impact","Tireless Blade
Valiant Charge","Chain Reaction
Cold Steel
Vorpal Weapon","Dawning Surprise","No eager edge.
Valiant Charge as a minor replacement.","","C","Tenet of Bravery","No"
"","Eighty-Six","Sword","Heavy","Strand","Vortex","Jagged Edge","Swordmaster Guard
Heavy Guard","Impact","Tireless Blade","Chain Reaction","Bray Legacy","No eager edge.
Chain Reaction for AoE.","","D","Tenet of Bravery","No"
"","Temptation's Hook","Sword","Heavy","Arc","Caster","Jagged Edge","Swordmaster Guard
Heavy Guard","Impact","Tireless Blade
Impromptu Ammunition","Chain Reaction
Assassin's Blade","Paracausal Fluid","Caster Frame
Ranged attack via Heavy Attack
No Eager Edge.
Chain Reaction for AoE","","D","World Drops / Gunsmith Vendor","No"
"","Aurora Dawn","Sword","Heavy","Stasis","Wave Sword","Jagged Edge","Swordmaster Guard
Heavy Guard","Impact","Tireless Blade","Vorpal Weapon
Cold Steel","Vanguard Determination
Accelerated Assault","Wave Frame
Light Attack until 1 ammo, then use Wave-Heavy Attack -> Mid-air Light Attack vs group for most effective ammo use.
No Eager Edge.","","C","Tenet of Bravery","No"
"","Ill Omen","Sword","Heavy","Stasis","Caster","Jagged Edge","Swordmaster Guard
Heavy Guard","Impact","Tireless Blade
Valiant Charge","Assassin's Blade
Cold Steel
Vorpal Weapon","Radiolaria Transposer","Caster Frame
Ranged attack via Heavy Attack
No Eager Edge, Valiant Charge as a weaker alternative.","","C","Encore Exotic Mission 
Classic Collections Modifier: ON","Yes"
"","Double Edged Answer","Sword","Heavy","Void","Adaptive","Jagged Edge","Swordmaster Guard
Heavy Guard","Impact","Tireless Blade","Valiant Charge
Assassin's Blade","Vanguard's Vindication
Nadir Focus","No Eager Edge, Valiant Charge as a weaker replacement.","","C","Zavala Vendor Legacy Focusing","No"
"","Steel Sybil Z-14","Sword","Heavy","Void","Adaptive","Jagged Edge","Swordmaster Guard
Heavy Guard","Impact","Tireless Blade
Assassin's Blade","Assassin's Blade","None","Weirdly gets DOUBLE Assassin's Blade.
Effects do stack for an extreme movement speed increase.
No Eager Edge. No Origin.
Non-tiered, non-enhanceable.","","F","Shaxx Vendor Legacy Focusing","No"
"","Thin Precipice","Sword","Heavy","Strand","Vortex","Jagged Edge","Swordmaster Guard
Heavy Guard","Impact","Tireless Blade
Valiant Charge","Chain Reaction","Unsated Hunger","No Eager Edge. Valiant Charge as a weaker replacement.","","C","Xur","Yes"
"","Just In Case","Sword","Heavy","Solar","Adaptive","Jagged Edge","Swordmaster Guard
Heavy Guard","Impact","Tireless Blade","Valiant Charge","Disaster Plan","No Eager Edge. Valiant Charge as a weaker replacement.","","C","Xur","No"
"","Death's Razor","Sword","Heavy","Void","Vortex","Jagged Edge","Swordmaster Guard
Heavy Guard","Impact","Tireless Blade","Valiant Charge","To Excess","No Eager Edge. Valiant Charge as a weaker replacement.","","C","Xur","Yes"
"","Caretaker","Sword","Heavy","Solar","Adaptive","Jagged Edge","Swordmaster Guard
Heavy Guard","Impact","Tireless Blade","Valiant Charge","Noble Deeds","No Eager Edge. Valiant Charge as a weaker replacement.","","C","//node.ovrd.AVALON//
Legacy Loot
Classic Collections Modifier: ON","Yes"
"","Throne-Cleaver","Sword","Heavy","Solar","Aggressive","Jagged Edge","Swordmaster Guard
Heavy Guard","Impact","Tireless Blade","Valiant Charge","To Excess","No Eager Edge. Valiant Charge as a weaker replacement.","","C","Xur","Yes"
"","Goldtusk","Sword","Heavy","Arc","Lightweight","Jagged Edge","Swordmaster Guard
Heavy Guard","Impact","Tireless Blade
Valiant Charge","Chain Reaction","To Excess","Lightweight/Movement.
No Eager Edge. Valiant Charge as a weaker replacement.
Chain Reaction for AoE.","","B","Xur","Yes"
"","Quickfang","Sword","Heavy","Void","Lightweight","Jagged Edge","Swordmaster Guard
Heavy Guard","Impact","Tireless Blade","Assassin's Blade","None","Lightweight/Movement.
No Eager Edge.","","C","Xur","No"
"","Bequest","Sword","Heavy","Arc","Adaptive","Jagged Edge","Swordmaster Guard
Heavy Guard","Impact","Tireless Blade
Valiant Charge","Assassin's Blade
Chain Reaction
Vorpal Weapon","Bray Inheritance","Unique Adaptive frame.
Has increased Impact/Charge Rate.
No Eager Edge. Valiant Charge as a weaker alternative.","","C","Deep Stone Crypt Raid","Yes"
"","Crown-Splitter","Sword","Heavy","Void","Aggressive","Jagged Edge","Swordmaster Guard
Heavy Guard","Impact","Tireless Blade","Vorpal Weapon","None","Bad frame.
Slow swing speed.
No Eager Edge.","","F","Xur","No"
"","Eternity's Edge","Sword","Heavy","Solar","Vortex","Jagged Edge","Swordmaster Guard
Heavy Guard","Impact","Tireless Blade
Thresh","Assassin's Blade","None","Bad frame.
No Eager Edge.","","F","Xur","No"
"","Razor's Edge","Sword","Heavy","Void","Vortex","Jagged Edge","Swordmaster Guard
Heavy Guard","Impact","Tireless Blade","Assassin's Blade
Chain Reaction","Skulking Wolf","Bad frame.
No Eager Edge.
Chain Reaction for AoE.
Skulking Wolf sword.","","D","Iron Banner / Saladin Legacy Vendor Focusing","No"
"","Geodetic HSM","Sword","Heavy","Void","Adaptive","Jagged Edge","Swordmaster Guard
Heavy Guard","Impact","Tireless Blade","Assassin's Blade","Nadir Focus","No Eager Edge.","","D","Gunsmith Legacy Focusing","No"
"","Nasreddin (Season of the Lost Variant)","Sword","Heavy","Arc","Adaptive","Jagged Edge","Swordmaster Guard
Heavy Guard","Impact","Wellspring","Valiant Charge","Field-Tested","No Eager Edge. Valiant Charge as a weaker replacement. No Tireless Blade.","","D","Gunsmith Legacy Focusing","No"
"","Action Item","Trace Rifle","Kinetic","Stasis","Adaptive","Smallbore
Arrowhead
Hammer-forged
Corkscrew","Projection Fuse
Light Battery
Particle Repeater
Tactical Battery","Range
Stability
Handling","High-impact Reserves
Dynamic Sway Reduction
Rimestealer","Elemental Honing
Killing Tally
Detonator Beam
Target Lock
Headstone
Binary Orbit","Omolon Fluid Dynamics
Nail, Meet Hammer","Double damage perks.
Headstone res block
Ele Honing TtK shift @ x2 = 0.73->0.60
Ele Hon x4=>0.48
Killing Tally x1=>0.60
Kill Tally x3=>0.54","","S","Tenet of Bravery","No"
"","Unsworn","Trace Rifle","Kinetic","Strand","Adaptive","Smallbore
Arrowhead
Hammer-forged
Corkscrew","Projection Fuse
Light Battery
Particle Repeater
Tactical Battery","Range
Stability
Handling","Shoot To Loot
Tear","Elemental Honing
Killing Tally
Chaos Reshaped
Detonator Beam
Target Lock","Subjugation","Origin provides flinch resist.
Ele Honing TtK shift @ x2 = 0.73->0.60
Ele Hon x4/CR x2=>0.48
Killing Tally x1=>0.60
Kill Tally x3/CRx1=>0.54","","A","Sundered Doctrine Dungeon","No"
"","Keraunios","Trace Rifle","Energy","Arc","Adaptive","Smallbore
Arrowhead
Hammer-forged
Corkscrew","Projection Fuse
Light Battery
Particle Repeater
Tactical Battery","Range
Stability
Handling","Rapid Hit","Killing Tally
Detonator Beam
Target Lock
Jolting Feedback
Chain Reaction
Butterfly","Classy Contender","TtK shift via Killing Tally x1 0.73 ->0.60
Kill Tally x3=>0.54
AoE via Detonator, Jolting Feedback, Butterfly, or Chain Reaction.","","B","Tenet of Bravery","No"
"","Ribbontail","Trace Rifle","Kinetic","Strand","Adaptive","Smallbore
Arrowhead
Hammer-forged
Corkscrew","Projection Fuse
Light Battery
Particle Repeater
Tactical Battery","Range
Stability
Handling","Threat Detector
Transcendant Moment","Killing Tally
Detonator Beam
Binary Orbit
Surrounded","Tenacity
Omolon Fluid Dynamics","TtK shift via Killing Tally x1 0.73 ->0.60
Kill Tally x3=>0.54
Tenacity adds 0.5% damage, 5 Handling, and 5 stability per stack.
Total of +10% dmg, 50 handling, 50 stability.
","","A","Tenet of Bravery","No"
"","Warlord's Spear","Trace Rifle","Energy","Arc","Adaptive","Smallbore
Arrowhead
Hammer-forged
Corkscrew","Projection Fuse
Light Battery
Particle Repeater
Tactical Battery","Range
Stability
Handling","High-impact Reserves
Dynamic Sway Reduction
Hipfire Grip
Loose Change","Killing Tally
Jolting Feedback
Target Lock
Desperate Measures
Fourth Time's The Charm
Detonator Beam","Skulking Wolf","Only Skulking Wolf Trace Rifle.
TtK shift via Killing Tally x1 0.73 ->0.60
Kill Tally x3=>0.54
Loose Change + Jolting Feedback for TtK shift + AoE.
Fourth Time's for extended ammo uptime.","","S","Iron Banner","No"
"","Incisor","Trace Rifle","Kinetic","Strand","Adaptive","Smallbore
Arrowhead
Hammer-forged
Corkscrew","Projection Fuse
Light Battery
Particle Repeater
Tactical Battery","Range
Stability
Handling","Slice
Zen Moment
Dynamic Sway Reduction
Perpetual Motion
Offhand Strike","Killing Tally
Target Lock
Kill Clip
Tap The Trigger","Alacrity
One Quiet Moment","Only Slice Trace Rifle.
TtK shift via Killing Tally x1 0.73 ->0.60
Kill Tally x3=>0.54
Kill Clip=>0.54","","S","Xur (Previously Trials)","No"
"","Chronophage","Trace Rifle","Energy","Void","Adaptive","Smallbore
Arrowhead
Hammer-forged
Corkscrew","Projection Fuse
Light Battery
Particle Repeater
Tactical Battery","Range
Stability
Handling","Elemental Capacitor
Repulsor Brace","Target Lock
Desperate Measures
Destabilizing Rounds
Fragile Focus","Radiolaria Transposer","Void synergy.
Low base stats.
Mostly weak perks.","","B","Encore Exotic Mission 
Classic Collections Modifier: ON","Yes"
"","Appetance","Trace Rifle","Kinetic","Stasis","Adaptive","Smallbore
Arrowhead
Hammer-forged
Corkscrew","Projection Fuse
Light Battery
Particle Repeater
Tactical Battery","Range
Stability
Handling","Slideways
Hipfire Grip
Loose Change","Killing Tally
Headstone","Dragon's Vengeance","TtK shift via Killing Tally x1 0.73 ->0.60
Kill Tally x3=>0.54
Headstone res block.
Good origin trait.","","A","Starcrossed Legacy Loot
Modifier Classic Collector: ON","Yes"
"","Acasia's Dejection","Trace Rifle","Energy","Solar","Adaptive","Smallbore
Arrowhead
Hammer-forged
Corkscrew","Projection Fuse
Light Battery
Particle Repeater
Tactical Battery","Range
Stability
Handling","Keep Away
Perpetual Motion
Hipfire Grip","Paracausal Affinity
Chaos Reshaped
Harmony
Frenzy
High-impact Reserves
Target Lock
Detonator Beam
Vorpal Weapon","Harmonic Resonance","TtK shift via PA/Harmony/Frenzy/CRx1 = 0.73->0.54
CRx2=>0.48
Vorpal vs. Supers.
Origin provides Handling & Reload speed when paired w/ other Harmonic Resonance weapons.","","A","Root of Nightmares raid","Yes"
"","Hollow Denial","Trace Rifle","Energy","Void","Adaptive","Smallbore
Arrowhead
Hammer-forged
Corkscrew","Projection Fuse
Light Battery
Particle Repeater
Tactical Battery","Range
Stability
Handling","Rangefinder
Well-Rounded","Killing Tally
Swashbuckler
Dragonfly
Repulsor Brace","Extrovert","TtK shift via Killing Tally/Swashbuckler x1 0.73 ->0.60
Kill Tally/Swash x3=>0.54
Swash x5=>0.48
Origin activates surrounded by 3 targets within 15 meters, kills restore 60 hp 0.25s after a kill.","","A","Presage
Legacy Loot
Modifier Classic Collections: ON","Yes"
"","Path of Least Resistance","Trace Rifle","Energy","Arc","Adaptive","Smallbore
Arrowhead
Hammer-forged
Corkscrew","Projection Fuse
Light Battery
Particle Repeater
Tactical Battery","Range
Stability
Handling","Dynamic Sway REduction
Hipfire Grip
Triple Tap","Tap The Trigger
Harmony
Dragonfly
One For All","Omolon Fluid Dynamics
Ambush","TtK shift via One For All: 0.73->0.48
Via Harmony=>0.54
Triple Tap for extended ammo uptime.","","B","Operation: Seraph's Shield Legacy Loot
Modifier Classic Collections: ON","Yes"
"","Retraced Path","Trace Rifle","Energy","Solar","Adaptive","Smallbore
Arrowhead
Hammer-forged
Corkscrew","Projection Fuse
Light Battery
Particle Repeater
Tactical Battery","Range
Stability
Handling","Perpetual Motion
Killing Wind
Well-Rounded","Golden Tricorn
Frenzy
Disruption Break
Harmony","Hot Swap","TtK shift via Harmony/Frenzy/Golden Tricorn x1: 0.73->0.54
Gold Tricorn x2=>0.42
Disruption Break for team shot play.","","A","Dares of Eternity / Xur's Treasure Hoard","Yes"
"","","","","","","","","","","  ","","","","","",""
"","","","","","","","This shit ","took me","probably 300 hours","to make","","","","","",""
"","","","","","","","","","ima kms now","","","","","","",""
"","","","","","","","","","JUST KIDDING
IT TOOK 424 HOURS","","","","","","",""